# Functions found in two or more of the games, by identical code (only addresses differ).
# Generated by tools/xmap.py report; do not edit. docs/engine/SHARED_CODE.md explains it.
# name: a readable name some project has for it. Per version: where it is (program:address,
# its first place when it repeats), what that project calls it, and whether it has matched it.
fingerprint	size	class	games	name	rac1/pal	rac1/pal name	rac1/pal state	rac1/ntsc	rac1/ntsc name	rac1/ntsc state	rac2/ntsc	rac2/ntsc name	rac2/ntsc state	rac3/ntsc	rac3/ntsc name	rac3/ntsc state	rac4/ntsc	rac4/ntsc name	rac4/ntsc state
23544f079bcf1dbd	7592	core	2											boot:00137CC8		open	boot:00144208	func_00144208	open
7a517467c16fc196	3348	core	2											boot:00120908		open	boot:00128698	func_00128698	open
b36819ac54955164	1796	core	2	_getAllRefs	boot:00125880	func_00125880	open	boot:00125740	_getAllRefs	open	boot:001296A0		open						
9a0c5c5be8324707	1796	core	2											boot:00130398		open	boot:0013C8D8	func_0013C8D8	open
22583695f5b130ff	1772	core	4		boot:0011DFE8	func_0011DFE8	matched	boot:0011DCE8		open	boot:0011FC68		open	boot:001260F0		open	boot:0012EF00	func_0012EF00	matched
084b5428ad5c4d54	1704	core	2											boot:00137620		open	boot:00143B60	func_00143B60	open
9a2146d8a89ad615	1680	core	2		boot:00122AD4		open	boot:001227D4		open	boot:0012672C		open						
915314888744527f	1680	core	2											boot:0012CE44		open	boot:001392AC	func_001392AC	open
e0b772ad57734943	1640	core	4		boot:0011E860	func_0011E860	open	boot:0011E560		open	boot:00121450		open	boot:001278E0		open	boot:0012F7E0	func_0012F7E0	open
83956c21816db16c	1516	core	2	_printf	boot:0011A0A0	func_0011A0A0	open	boot:00119DA0	_printf	open	boot:0011C1F8		open						
cb71345f22547882	1488	core	4		boot:0011EF28	func_0011EF28	open	boot:0011EC28		open	boot:00121B20		open	boot:00127FB0		open	boot:0012FEB0	func_0012FEB0	open
6b3018cd20bac8c5	1456	core	2	_PES_packet	boot:0012B2C0	func_0012B2C0	matched	boot:0012B180	_PES_packet	matched	boot:0012F0E0		open						
96fd8276662dc865	1368	core	2											boot:00131ED0		open	boot:0013E410	func_0013E410	open
21ec43532d2e2e89	1344	core	4		boot:0011F4F8	func_0011F4F8	open	boot:0011F1F8		open	boot:001220F0		open	boot:00128580		open	boot:00130480	func_00130480	open
1ff1320d85edaa6b	1240	core	2											boot:00136D50		open	boot:00143290	func_00143290	open
64cd9502882e6fce	1192	core	2	_decMB0	boot:00127D40	func_00127D40	matched	boot:00127C00	_decMB0	matched	boot:0012BB60		open						
33337a163e88ae9a	1160	core	2											boot:00130CF0		open	boot:0013D230	func_0013D230	open
f675521f6a822567	1064	core	2											boot:00131908		open	boot:0013DE48	func_0013DE48	open
cec40c064fde64f2	1056	core	2											boot:00136620		open	boot:00142B60	func_00142B60	open
7d75f2f0b02581e3	1052	core	2	_getRef0	boot:00125F88	func_00125F88	open	boot:00125E48	_getRef0	open	boot:00129DA8		open						
b757490ff30059d7	992	core	2											boot:00139A70		open	boot:00145FB0	func_00145FB0	open
bbe99b09072ff78b	948	core	2											boot:00122CC8		open	boot:0012ABD0	func_0012ABD0	open
a7fcd15847c61738	920	core	2								boot:00123D30		open	boot:0012A258		open			
2af69ba2145f2003	900	core	2	_sceFs_Rcv_Intr	boot:0011B868	func_0011B868	open	boot:0011B568	_sceFs_Rcv_Intr	open	boot:0011D9C0		open						
76b67a5fd0f62021	884	core	4	sceGsDefDispEnv	boot:00121DC8	func_00121DC8	open	boot:00121AC8		open	boot:00125A20		open	boot:0012C138		open	boot:001385A0	func_001385A0	open
2aee875bc3966a4e	816	core	2								boot:00120BD0		open	boot:00127058		open			
b9546d779b763c17	812	core	2											boot:001315D8		open	boot:0013DB18	func_0013DB18	open
8dc77f6e1451d50e	788	core	2											boot:00133DF8		open	boot:00140338	func_00140338	open
3e5599674ee35009	772	core	2								boot:001310C0		open				boot:00132BA8	func_00132BA8	open
ae8684323183a036	760	core	2	sceMpegDemuxPssRing	boot:0012AD10	func_0012AD10	open	boot:0012ABD0	sceMpegDemuxPssRing	open	boot:0012EB30		open						
d7497eff24b2c7c1	744	core	2											boot:0012B300		open	boot:001376B0	func_001376B0	open
d9dcaf259af48b85	736	core	2	sceCdInit	boot:001211B0	func_001211B0	open	boot:00120EB0	sceCdInit	open	boot:00124E08		open						
8ced4742b9423365	728	core	2								boot:00120528		open	boot:001269B0		open			
a2b975f52d8053b9	704	core	2											boot:00136360		open	boot:001428A0	func_001428A0	open
6de1f3221d5f004c	692	core	2	_updateRefImage	boot:00129690	func_00129690	open	boot:00129550	_updateRefImage	open	boot:0012D4B0		open						
d70c2a878fe9a26f	692	core	2											boot:00135560		open	boot:00141AA0	func_00141AA0	open
d6bf6c9e9f4ef341	684	core	2											boot:00134110		open	boot:00140650	func_00140650	open
d7d23f7c28fc0aac	680	core	4	dpmul	boot:0011FF08	func_0011FF08	matched	boot:0011FC08	dpmul	matched	boot:00122B00		open	boot:00128F90		open	boot:00130E90	func_00130E90	matched
2356b1d5b0ba12f0	680	core	2		boot:0012C608	func_0012C608	open	boot:0012C4C8		open	boot:00130428		open						
60eaa2580035d544	676	core	2											boot:00125578		open	boot:0012E078	func_0012E078	open
400a279426cf56ff	660	core	2		boot:001263A8		open	boot:00126268		open	boot:0012A1C8		open						
fb2accaaba17b22c	656	core	2	_cpr8	boot:001299E8	func_001299E8	matched	boot:001298A8	_cpr8	matched	boot:0012D808		open						
ec93672d2149d359	656	core	2											boot:00123430		open	boot:0012B338	func_0012B338	open
6fffa54b68fc1a06	656	core	2											boot:001360D0		open	boot:00142610	func_00142610	open
7c9a34431f1f9dbf	648	core	2	_csc_storeRefImage	boot:0012A7E8	func_0012A7E8	open	boot:0012A6A8	_csc_storeRefImage	open	boot:0012E608		open						
9087291b18800c5d	644	core	2	sceOpen	boot:0011BF80	func_0011BF80	matched	boot:0011BC80	sceOpen	matched	boot:0011E0D8		open						
925c05c4dbdd08a1	640	core	2	sceSifInitCmd	boot:0011A780	func_0011A780	open	boot:0011A480	sceSifInitCmd	open	boot:0011C8D8		open						
18fba7cf2a09b64b	640	core	2											boot:001218B8		open	boot:00129660	func_00129660	open
19d59c2987304bdd	620	core	2											boot:00123840		open	boot:0012B980	func_0012B980	open
9a42715e0b736ef7	612	core	2								boot:001236C8		open	boot:00129BF0		open			
224bd6e9e2776be5	608	core	2	sceRead	boot:0011C5C0	func_0011C5C0	matched	boot:0011C2C0	sceRead	matched	boot:0011E4E0		open						
ca60db7a05776de2	592	core	4		boot:00125630	func_00125630	open	boot:001254F0		open	boot:00129450		open	boot:00130AA0		open	boot:0013CFE0	func_0013CFE0	open
95277abac33965a0	576	core	2											boot:00131398		open	boot:0013D8D8	func_0013D8D8	open
7d1fa9b1dd38969c	568	core	4	sceIpuInit	boot:0012D068	func_0012D068	matched	boot:0012CF28	sceIpuInit	matched	boot:00130E88		open	boot:0013A598		open	boot:00146AD8	func_00146AD8	open
9d4aba64f47f5e30	568	core	2											boot:001350A8		open	boot:001415E8	func_001415E8	open
3ced8a1f653976ba	560	core	2											boot:0012DA58		open	boot:00139EC0	func_00139EC0	open
fee3cd4c8801b2be	544	core	2											boot:0012B800		open	boot:00137BB0	func_00137BB0	open
62dcb6654d1bcc42	540	core	3	_doMC	boot:001263A8	func_001263A8	open	boot:00126268	_doMC	open				boot:00131178		open	boot:0013D6B8	func_0013D6B8	open
c57362e93b4d2c1c	536	core	2											boot:0012B5E8		open	boot:00137998	func_00137998	open
e8195e5bf1e8ab1b	520	core	4	_sceSifLoadModuleBuffer	boot:0011CE70	func_0011CE70	matched	boot:0011CB70	_sceSifLoadModuleBuffer	matched	boot:0011EB00		open	boot:00123ED8		open	boot:0012C680	func_0012C680	open
9a7b7f10d4049f95	520	core	2	sceMpegCreate	boot:0012B918	func_0012B918	matched	boot:0012B7D8	sceMpegCreate	matched	boot:0012F738		open						
18f541e5be603459	520	core	2											boot:00123160		open	boot:0012B068	func_0012B068	open
22d04e8ff6ba98dc	516	core	2	sceFsInit	boot:0011BCB0	func_0011BCB0	open	boot:0011B9B0	sceFsInit	open	boot:0011DE08		open						
a2f06da35589004d	512	core	2											boot:00122810		open	boot:0012A718	func_0012A718	open
88d070b1cf2cd9f1	508	core	2	_waitBdecOut	boot:001273A0	func_001273A0	matched	boot:00127260	_waitBdecOut	matched	boot:0012B1C0		open						
1766369c5c0efa92	504	core	2		boot:00121490	func_00121490	open	boot:00121190	FUN_00121190	open	boot:001250E8		open						
f8aabccbae588e8e	500	core	4		boot:0011D4E0	func_0011D4E0	open	boot:0011D1E0		open	boot:0011F170		open	boot:001245A0		open	boot:0012D098	func_0012D098	open
4fdb1a02a0789ff0	496	core	2	_slice0	boot:00127A90	func_00127A90	matched	boot:00127950	_slice0	matched	boot:0012B8B0		open						
8d8d2e9c56da06ec	496	core	2	_pictureCodingExtension	boot:00128F90	func_00128F90	matched	boot:00128E50	_pictureCodingExtension	matched	boot:0012CDB0		open						
2be537034545dc0b	492	core	2	sceSifCallRpc	boot:0011B4C8	func_0011B4C8	open	boot:0011B1C8	sceSifCallRpc	open	boot:0011D620		open						
4742d4e35d0ab192	488	core	4		boot:0012262C		open	boot:0012232C		open	boot:00126284		open	boot:0012C99C		open	boot:00138E04	func_00138E04	open
4adeac5fa376babd	488	core	2								boot:00132028		open	boot:0013B620		open			
4476452f142e855b	484	core	4	sceGsSetDefDrawEnv	boot:001222C8	func_001222C8	matched	boot:00121FC8	sceGsSetDefDrawEnv	matched	boot:00125F20		open	boot:0012C638		open	boot:00138AA0	func_00138AA0	open
5ed6315ac225d9c5	484	core	2								boot:001210E0		open	boot:00127568		open			
406c476116cbe4bc	484	core	2											boot:0012F0B8		open	boot:0013B628	func_0013B628	open
1d040962fdb7fbd4	484	core	2											boot:001347F0		open	boot:00140D30	func_00140D30	open
aae506f2917a2fa2	480	core	4	sceCdRead	boot:00121750	func_00121750	open	boot:00121450	sceCdRead	open	boot:001253A8		open	boot:0012BA20		open	boot:00137DD0	func_00137DD0	open
72c8557d8a73904a	476	core	2								boot:00120F00		open	boot:00127388		open			
8e8c2231fd032bed	472	core	2								boot:001240C8		open	boot:0012A5F0		open			
34781667424032b2	472	core	2											boot:00120730		open	boot:001284C0	func_001284C0	open
4115f10989468ad4	464	core	2											boot:00137450		open	boot:00143990	func_00143990	open
5f84fb099d7942fa	460	core	2											boot:001349F8		open	boot:00140F38	func_00140F38	open
bfe10b0f816f2410	452	core	2											boot:00135988		open	boot:00141EC8	func_00141EC8	open
197bcff701e75aab	448	core	2		boot:0012A558	func_0012A558	open	boot:0012A418		open	boot:0012E378		open						
bfe20757b017875b	448	core	2											boot:00136B90		open	boot:001430D0	func_001430D0	open
03a3036359216547	444	core	2		boot:001236E8		open	boot:001233E8		open	boot:00127340		open						
a59fed6fd20d98f3	440	core	2	PrepareMpegPictureFieldTransfers	boot:00129F40	func_00129F40	open	boot:00129E00	PrepareMpegPictureFieldTransfers	matched	boot:0012DD60		open						
e284e9477b9fc6c4	440	core	2								boot:00115908		open				boot:0011AE10		open
ebb55cdd16197cb0	436	core	2											boot:001353A8		open	boot:001418E8	func_001418E8	open
7eab3169fe0ba093	424	core	2		boot:00116958		open							boot:0011B9B0		open			
320590bc4d1a251b	420	core	4		boot:0011FCA4		open	boot:0011F9A4		open	boot:0012289C		open	boot:00128D2C		open	boot:00130C2C		open
205162c2f0bced62	416	core	2											boot:00133C58		open	boot:00140198	func_00140198	open
37e562a5e177c4aa	412	core	4	_motionVectors	boot:00128270	func_00128270	matched	boot:00128130	_motionVectors	matched	boot:0012C090		open	boot:00131D30		open	boot:0013E270	func_0013E270	open
dcb1c9ca99c776d7	408	core	4		boot:0011AE24		open	boot:0011AB24		open	boot:0011CF7C		open	boot:00121FEC		open	boot:00129D94		open
9dfffc95665dd1c7	404	core	4	sceTtyHandler	boot:00119910	func_00119910	matched	boot:00119610	sceTtyHandler	matched	boot:0011BB38		open	boot:001200E0		open	boot:00127E70	func_00127E70	open
38d5736fb36f2e24	404	core	2	sceDbcInit	boot:00124650	func_00124650	matched	boot:00124510	sceDbcInit	matched	boot:001282A8		open						
fec42f30e5fbf516	404	core	2											boot:0012BEE4		open	boot:0013834C	func_0013834C	open
91f06c88d1f9e41c	400	core	2	sceGsResetGraph	boot:00121B78	func_00121B78	matched	boot:00121878	sceGsResetGraph	matched	boot:001257D0		open						
7977450763af9e81	400	core	2											boot:00125328		open	boot:0012DE28	func_0012DE28	open
b045b26a2eb3fcd4	396	core	2	GetMpegPictureTimestampsAndFlags	boot:00129CA0	func_00129CA0	open	boot:00129B60	GetMpegPictureTimestampsAndFlags	matched	boot:0012DAC0		open						
09fa4b27d35e47d4	384	core	2											boot:00132708		open	boot:0013EC48	func_0013EC48	open
8a8b08ed57f1d5ab	380	core	2	sceClose	boot:0011C208	func_0011C208	matched	boot:0011BF08	sceClose	matched	boot:0011E360		open						
707917325c750adb	380	core	4	sceGsExecLoadImage	boot:00122958	func_00122958	matched	boot:00122658	sceGsExecLoadImage	matched	boot:001265B0		open	boot:0012CCC8		open	boot:00139130	func_00139130	open
ac00a9a4abda5a6f	380	core	2	sceMcGetInfo	boot:00124068	func_00124068	matched	boot:00123D68	sceMcGetInfo	matched	boot:00127CC0		open						
073620b5ed1aaf03	380	core	2											boot:0012E400		open	boot:0013A8C0	func_0013A8C0	open
1681d45dfb1e4194	380	core	2											boot:00132D48		open	boot:0013F288	func_0013F288	open
f8a6d9413790cb63	376	core	2	_ipuVdec	boot:001286E8	func_001286E8	matched	boot:001285A8	_ipuVdec	matched	boot:0012C508		open						
fc1c5b5f9565fc57	376	core	2											boot:0011FD40		open	boot:00127AD0	func_00127AD0	open
d90937a5b57fb068	376	core	2											boot:001236C0		open	boot:0012B5C8	func_0012B5C8	open
01465b7dd93671ee	376	core	2											boot:0012E168		open	boot:0013A628	func_0013A628	open
2e4d65e54d5fe043	376	core	2											boot:00132428		open	boot:0013E968	func_0013E968	open
5b87119fa424bd28	372	core	2	sceMcWrite	boot:00123D48	func_00123D48	matched	boot:00123A48	sceMcWrite	matched	boot:001279A0		open						
309022697b205543	372	core	2								boot:001242A0		open	boot:0012A7C8		open			
e4d54198e9c9148d	372	core	2											boot:00120278		open	boot:00128008	func_00128008	open
980244d66ba4c021	368	core	2	cd_check_ncmd	boot:00120D28	func_00120D28	matched	boot:00120A28	cd_check_ncmd	matched	boot:00124980		open						
079e0c6bef492ed3	368	core	2	_getpic	boot:0012BDD0	func_0012BDD0	matched	boot:0012BC90	_getpic	matched	boot:0012FBF0		open						
d16cfab409b61719	368	core	2											boot:00135818		open	boot:00141D58	func_00141D58	open
9aa72beac014bb8b	364	core	2		boot:0012A0F8	func_0012A0F8	open	boot:00129FB8		open	boot:0012DF18		open						
d3dc69a4a089be49	360	core	2	printfloat	boot:00119F38	func_00119F38	matched	boot:00119C38	printfloat	open	boot:0011C090		open						
14e54593bc72a0fe	360	core	4	dpdiv	boot:001201B0	func_001201B0	matched	boot:0011FEB0	dpdiv	matched	boot:00122DA8		open	boot:00129238		open	boot:00131138	func_00131138	matched
8039093caa25f69f	360	core	2											boot:001325A0		open	boot:0013EAE0	func_0013EAE0	open
5dd4f04fb6f29a60	348	core	2	_decodeOrSkipField	boot:0012C0A0	func_0012C0A0	matched	boot:0012BF60	_decodeOrSkipField	matched	boot:0012FEC0		open						
40cfd7e3ed492bb7	344	core	2											boot:0012AEA8		open	boot:00137258	func_00137258	open
0e7660a565467abe	344	core	2											boot:0012F2A0		open	boot:0013B8C8	func_0013B8C8	open
2688df8f9d1ab250	340	core	2											boot:00124138		open	boot:0012CC30	func_0012CC30	open
e32b1f312f107201	340	core	2											boot:00125130		open	boot:0012DC30	func_0012DC30	open
000148f669d704fe	340	core	2											boot:00134C08		open	boot:00141148	func_00141148	open
53eb62628a328a84	336	core	2	sceTtyWrite	boot:00119AA8	func_00119AA8	open	boot:001197A8	sceTtyWrite	open	boot:0011BCD0		open						
fa5698a00e14ed90	336	core	2	_nextBit	boot:00128A58	func_00128A58	matched	boot:00128918	_nextBit	matched	boot:0012C878		open						
5fbefa8aca759bfa	336	core	2	_pack_header	boot:0012B100	func_0012B100	matched	boot:0012AFC0	_pack_header	matched	boot:0012EF20		open						
cfdc9b4a0181444d	336	core	4	sceIpuRestartDMA	boot:0012CE48	func_0012CE48	matched	boot:0012CD08	sceIpuRestartDMA	matched	boot:00130C68		open	boot:0013A368		open	boot:001468A8	func_001468A8	open
c9c6005a2b64ccd3	332	core	2	_motionVector	boot:00128410	func_00128410	matched	boot:001282D0	_motionVector	matched	boot:0012C230		open						
ea0894c90cd48bc9	332	core	2											boot:00122630		open	boot:0012A538	func_0012A538	open
584f55057113ca0b	332	core	2											boot:0012E580		open	boot:0013AA40	func_0013AA40	open
eda80a4f3880541a	328	core	2	sceMcGetDir	boot:001241F0	func_001241F0	matched	boot:00123EF0	sceMcGetDir	matched	boot:00127E48		open						
56c1b46f62351969	328	core	2	sceDbcGetDepNumber	boot:00124920	func_00124920	matched	boot:001247E0	sceDbcGetDepNumber	matched	boot:00128578		open						
df8473477120b9b0	328	core	2	scePad2CreateSocket	boot:00124BC8	func_00124BC8	matched	boot:00124A88	scePad2CreateSocket	matched	boot:00128900		open						
7271fdb3f821607c	328	core	2											boot:00121DF0		open	boot:00129B98	func_00129B98	open
a77d84a1e0a04612	324	core	4		boot:00122814		open	boot:00122514		open	boot:0012646C		open	boot:0012CB84		open	boot:00138FEC	func_00138FEC	open
22ba337833daf453	324	core	4		boot:0012347C		open	boot:0012317C		open	boot:001270D4		open	boot:0012D7EC		open	boot:00139C54		open
44f67b08aa440db0	324	core	2								boot:001208E8		open	boot:00126D70		open			
0471152e9b4ea5e4	324	core	2											boot:00134460		open	boot:001409A0	func_001409A0	open
4ce07f3a92a927c7	320	core	2	sceSifBindRpc	boot:0011B2F8	func_0011B2F8	matched	boot:0011AFF8	sceSifBindRpc	matched	boot:0011D450		open						
d3cd6fd08ca59820	320	core	2											boot:001345A8		open	boot:00140AE8	func_00140AE8	open
f611c975f4b8b6d6	320	core	2											boot:0013B0C8		open	boot:001579F0	func_001579F0	open
88bed0d97dc1f2ba	316	core	2	sceSifResetIop	boot:0011D0D0	func_0011D0D0	matched	boot:0011CDD0	sceSifResetIop	matched	boot:0011ED60		open						
a6902e8e7932eaf9	316	core	2	scePad2GetState	boot:00124EE0	func_00124EE0	matched	boot:00124DA0	scePad2GetState	matched	boot:00128C18		open						
2bfc99dfc83eb319	316	core	2								boot:00123A00		open	boot:00129F28		open			
f2cc874da12f4523	316	core	2											boot:0012F720		open	boot:0013BD48	func_0013BD48	open
2feb6a0826fc9f48	312	core	2		boot:00116810	func_00116810	open	boot:001166CC		open				boot:0011B868		open			
6b79ef1ef136da2f	308	core	4	_sceSifSendCmd	boot:0011AA90	func_0011AA90	matched	boot:0011A790	_sceSifSendCmd	matched	boot:0011CBE8		open	boot:00121C38		open	boot:001299E0	func_001299E0	open
85f516d95b70ee8f	304	core	2	_sequenceExtension	boot:0012CA70	func_0012CA70	matched	boot:0012C930	_sequenceExtension	matched	boot:00130890		open						
10dad992e2e70c01	304	core	2											boot:00139E50		open	boot:00146390	func_00146390	open
4d5539727209b8e5	300	core	4	__pack_d	boot:0011FA38	func_0011FA38	matched	boot:0011F738	__pack_d	matched	boot:00122630		open	boot:00128AC0		open	boot:001309C0	func_001309C0	matched
dcb651cae2ab3c20	300	core	2	_sliceA0	boot:00127960	func_00127960	matched	boot:00127820	_sliceA0	matched	boot:0012B780		open						
71f5fd41393b08fe	300	core	2											boot:00125D18		open	boot:0012E978	func_0012E978	open
9dfada478d148b3b	296	core	2		boot:0011AC48	func_0011AC48	open	boot:0011A948		open	boot:0011CDA0		open						
beeeff24e6fb2278	296	core	2	_extensionAndUserData	boot:00128E68	func_00128E68	matched	boot:00128D28	_extensionAndUserData	matched	boot:0012CC88		open						
7ad98807adf56783	296	core	2	_doCSC	boot:0012A2F0	func_0012A2F0	matched	boot:0012A1B0	_doCSC	matched	boot:0012E110		open						
2d3053830d8c481c	296	core	2											boot:0012DCA0		open	boot:0013A160	func_0013A160	open
aaa1b2fffee18c91	292	core	2	sceMcOpen	boot:001238B0	func_001238B0	matched	boot:001235B0	sceMcOpen	matched	boot:00127508		open						
13aba76c04951ec1	292	core	2		boot:0012C4E0	func_0012C4E0	matched	boot:0012C3A0		open	boot:00130300		open						
c6c6fc752acaecab	292	core	2											boot:0012FD50		open	boot:0013C2E8	func_0013C2E8	open
79c20b4a1f39ed9d	292	core	2											boot:0013B208		open	boot:00157B30	func_00157B30	open
1846b1db77e34bba	288	core	2		boot:00127080	func_00127080	open	boot:00126F40		open	boot:0012AEA0		open						
80d54737cf2a461a	288	core	2											boot:0012F600		open	boot:0013BC28	func_0013BC28	open
ed9c03e8d3c06f61	288	core	2											boot:00133980		open	boot:0013FEC0	func_0013FEC0	open
6354e218892e8bf8	284	core	2											boot:0012E7A8		open	boot:0013AC68	func_0013AC68	open
ae1b4ac199b71b26	280	core	2	sceMcDelete	boot:00124410	func_00124410	matched	boot:001242D0	sceMcDelete	matched	boot:00128068		open						
d5199e4f3a3daf00	280	core	2											boot:00124DB8		open	boot:0012D8B8	func_0012D8B8	open
071aa60c77341ab7	276	core	2	sceMcRead	boot:00123C30	func_00123C30	matched	boot:00123930	sceMcRead	matched	boot:00127888		open						
c774590ec97204a1	276	core	2		boot:001271A0	func_001271A0	open	boot:00127060		open	boot:0012AFC0		open						
20fd3b3c3fd704be	276	core	2	_decodeOrSkipFrame	boot:0012BF40	func_0012BF40	matched	boot:0012BE00	_decodeOrSkipFrame	matched	boot:0012FD60		open						
c77e71e6fb4af464	276	core	2								boot:00133108		open	boot:0013C908		open			
a3e59641bbb6f342	276	core	2											boot:0012E050		open	boot:0013A510	func_0013A510	open
fcab1c8a4ef70ed9	276	core	2											boot:0012EFA0		open	boot:0013B510	func_0013B510	open
343fbd4bbb11ab69	276	core	2											boot:00133AA0		open	boot:0013FFE0	func_0013FFE0	open
dd75db973e427ae5	272	core	4	sceSifRebootIop	boot:0011D248	func_0011D248	matched	boot:0011CF48	sceSifRebootIop	matched	boot:0011EED8		open	boot:00124308		open	boot:0012CE00	func_0012CE00	open
afababe671c8f5a3	272	core	2	_mbAddressIncrement	boot:00127748	func_00127748	matched	boot:00127608	_mbAddressIncrement	matched	boot:0012B568		open						
cad74ed1f495ade2	272	core	2	_dispRefImage	boot:00129E30	func_00129E30	open	boot:00129CF0	_dispRefImage	matched	boot:0012DC50		open						
58f2ba3677626c79	268	core	2	_nextHeader	boot:00128C90	func_00128C90	matched	boot:00128B50	_nextHeader	matched	boot:0012CAB0		open						
2b8148993192cc71	268	core	3								boot:001232F0		open	boot:00129780		open	boot:00131680	func_00131680	matched
8e2c3cfadec9c1a7	264	core	2	_pictureData0	boot:00127858	func_00127858	matched	boot:00127718	_pictureData0	matched	boot:0012B678		open						
93e4a85a979043ee	264	core	2	_peepBit	boot:00128860	func_00128860	matched	boot:00128720	_peepBit	matched	boot:0012C680		open						
42002a9859480a38	260	core	2								boot:00123C28		open	boot:0012A150		open			
aab6a77958bc9679	256	core	4	_lf_bind	boot:0011CCE0	func_0011CCE0	matched	boot:0011C9E0	_lf_bind	matched	boot:0011E938		open	boot:00123D10		open	boot:0012C4B8	func_0012C4B8	open
3c535e987bd60cbd	256	core	2											boot:0012EA38		open	boot:0013AEF8	func_0013AEF8	open
83fd76b524f067f5	252	core	4	InitSystemCallTableAddress	boot:0011DA98	func_0011DA98	matched	boot:0011D798	InitSystemCallTableAddress	matched	boot:0011F718		open	boot:00124A80		open	boot:0012D580	func_0012D580	open
66998ae28211dd93	252	core	2		boot:00126AC0	func_00126AC0	open	boot:00126980		open	boot:0012A8E0		open						
7df3e17d7cccee2e	252	core	2								boot:001235C8		open	boot:00129AF0		open			
3ecdc2a623444722	252	core	2											boot:001333C0		open	boot:0013F900	func_0013F900	open
cf58032139d93994	248	core	2	sceCdReadClock	boot:00121A80	func_00121A80	matched	boot:00121780	sceCdReadClock	matched	boot:001256D8		open						
669cd0735fece831	248	core	2		boot:001269C8	func_001269C8	open	boot:00126888		open	boot:0012A7E8		open						
51bb3bf283501b9f	248	core	2											boot:001332C8		open	boot:0013F808	func_0013F808	open
643dfab563848f97	244	core	2	_pictureDisplayExtension	boot:001293A8	func_001293A8	matched	boot:00129268	_pictureDisplayExtension	matched	boot:0012D1C8		open						
ca620160f509fe85	244	core	2	sceMpegAddStrCallback	boot:0012B008	func_0012B008	matched	boot:0012AEC8	sceMpegAddStrCallback	matched	boot:0012EE28		open						
f4b06ce5726b97a2	244	core	2											boot:00125A70		open	boot:0012E6D0	func_0012E6D0	open
780d171a2403c2ec	244	core	2											boot:0012EE18		open	boot:0013B368	func_0013B368	open
9ccad6ba106736c9	244	core	2											boot:00134EE0		open	boot:00141420	func_00141420	open
d4505af81fd8fcaf	240	core	2	scePad2GetButtonProfile	boot:00124DF0	func_00124DF0	matched	boot:00124CB0	scePad2GetButtonProfile	matched	boot:00128B28		open						
cd5c09fefb48c523	240	core	2	_flushBuf	boot:00128968	func_00128968	matched	boot:00128828	_flushBuf	matched	boot:0012C788		open						
d06bcf31e535a903	240	core	2											boot:00125E48		open	boot:0012EAA8	func_0012EAA8	open
eec6308b71649061	236	core	4	__fixunsdfdi	boot:0011E6D8	func_0011E6D8	matched	boot:0011E3D8	__fixunsdfdi	matched	boot:001212C8		open	boot:00127750		open	boot:0012F650	func_0012F650	matched
19483f8eea4f0faf	236	core	2	sceDbcReceiveData	boot:00124A70	func_00124A70	matched	boot:00124930	sceDbcReceiveData	matched	boot:001287A8		open						
d2f017504b9ffd95	236	core	4		boot:001224AC		open	boot:001221AC		open	boot:00126104		open	boot:0012C81C		open	boot:00138C84	func_00138C84	open
10acbbd7b100042c	236	core	2											boot:0011FAE8		open	boot:00127878	func_00127878	open
92a3bcb3833f9646	236	core	2											boot:00122B68		open	boot:0012AA70	func_0012AA70	open
1d6726672533da9c	236	core	2											boot:00132B98		open	boot:0013F0D8	func_0013F0D8	open
bba24747afae79ac	232	core	4		boot:0012A470		open	boot:0012A330		open	boot:0012E290		open	boot:00137288		open	boot:001437C8		open
deb7c0fc377cf1fd	232	core	2											boot:00132888		open	boot:0013EDC8	func_0013EDC8	open
177be5063c979e48	232	core	2											boot:001346E8		open	boot:00140C28	func_00140C28	open
feeb2f36a7fb07e1	228	core	2		boot:00126DF0	func_00126DF0	open	boot:00126CB0		open	boot:0012AC10		open						
05e6f975a28f5556	228	core	4		boot:0012CD60	func_0012CD60	matched	boot:0012CC20		open	boot:00130B80		open	boot:0013A280		open	boot:001467C0	func_001467C0	open
71b2daac5dbbe50d	228	core	2								boot:00123B40		open	boot:0012A068		open			
077e08d41ef5a698	228	core	2											boot:0012AC40		open	boot:00136F70	func_00136F70	open
b88ec537b1e75280	228	core	2											boot:001336F0		open	boot:0013FC30	func_0013FC30	open
f8ac4c914abe3fa3	224	core	2	sceMcSync	boot:00123F30	func_00123F30	matched	boot:00123C30	sceMcSync	matched	boot:00127B88		open						
bf332bf23d20d9ec	224	core	2	_initRefImages	boot:0012C8B0	func_0012C8B0	open	boot:0012C770	_initRefImages	matched	boot:001306D0		open						
6e0f44873ce80568	224	core	2	_setDefaultQM	boot:0012C990	func_0012C990	matched	boot:0012C850	_setDefaultQM	open	boot:001307B0		open						
dfbd34d091b2c5f7	224	core	2											boot:0012DEC0		open	boot:0013A380	func_0013A380	open
2d26ef4927c0b54d	220	core	4	sceDmaReset	boot:00123308	func_00123308	matched	boot:00123008	sceDmaReset	matched	boot:00126F60		open	boot:0012D678		open	boot:00139AE0	func_00139AE0	open
ebbd51d10d94c9ef	220	core	2		boot:00126D10	func_00126D10	open	boot:00126BD0		open	boot:0012AB30		open						
aaf1a132870f72a2	220	core	2	ParseBin	boot:0012DA38	func_0012DA38	matched	boot:0012D8F8	parse_bin	matched	boot:00131CB8		open						
01704ae86a0514d8	220	core	2											boot:00133610		open	boot:0013FB50	func_0013FB50	open
4e6aa0f04a7cf330	216	core	4	topThread	boot:001194C8	func_001194C8	matched	boot:001191C8	topThread	matched	boot:0011B728		open	boot:0011FA10		open	boot:001277A0	func_001277A0	open
0160a03f87d0db3a	216	core	2	sceMcSeek	boot:00123AC8	func_00123AC8	matched	boot:001237C8	sceMcSeek	matched	boot:00127720		open						
a8d3ec9c1f0eb751	216	core	2		boot:001150D4		open	boot:001150D4		open				boot:00119F3C		open			
738ab63d01338f5c	216	core	2											boot:0012F9E0		open	boot:0013C008	func_0013C008	open
234c98b9214d4179	212	core	2	InitThread	boot:001195A0	func_001195A0	matched	boot:001192A0	InitThread	matched	boot:0011B800		open						
aadb5afbb85532c9	212	core	4	InitAlarm	boot:0011DE38	func_0011DE38	matched	boot:0011DB38	InitAlarm	matched	boot:0011FAB8		open	boot:00124FB8		open	boot:0012DAB8	func_0012DAB8	open
69414916dcba178b	212	core	2	scePad2Read	boot:00124D18	func_00124D18	matched	boot:00124BD8	scePad2Read	matched	boot:00128A50		open						
238d936fa6c99661	212	core	2		boot:00126ED8	func_00126ED8	open	boot:00126D98		open	boot:0012ACF8		open						
2db88d9b63ae61af	212	core	2		boot:00127668		open	boot:00127528		open	boot:0012B488		open						
3bd968e7167d81d8	212	core	2											boot:001302B8		open	boot:0013C7F8		open
a4fbd5fa6aeb9a9f	212	core	2											boot:001337D8		open	boot:0013FD18	func_0013FD18	open
59b6eebd40e27f86	208	core	3	sceTtyRead	boot:00119BF8	func_00119BF8	matched	boot:001198F8	sceTtyRead	matched				boot:001203F0		open	boot:00128180	func_00128180	open
6815a43aa66acd47	208	core	2		boot:00126FB0	func_00126FB0	open	boot:00126E70		open	boot:0012ADD0		open						
95acb8d23339043c	208	core	2								boot:00120810		open	boot:00126C98		open			
0e81816a572d414c	208	core	2											boot:001223F8		open	boot:0012A1A0	func_0012A1A0	open
1b1b480fa9cf5a60	208	core	2											boot:001338B0		open	boot:0013FDF0	func_0013FDF0	open
cdde3d01431325da	204	core	2	SceMcFormat	boot:00124340	func_00124340	matched	boot:00124200	SceMcFormat	matched	boot:00127F98		open						
4fd6782e0fee1c5d	204	core	2	SceMcUnformat	boot:00124528	func_00124528	matched	boot:001243E8	SceMcUnformat	matched	boot:00128180		open						
7c725c0e8f15f5f7	204	core	2		boot:00126790	func_00126790	open	boot:00126650		open	boot:0012A5B0		open						
ee44f77c31d02108	204	core	2	_decPicture	boot:00129530	func_00129530	matched	boot:001293F0	_decPicture	matched	boot:0012D350		open						
1c1cf4d4ec116869	204	core	2											boot:001222E8		open	boot:0012A090	func_0012A090	open
d52174d013555ccd	204	core	2											boot:00122560		open	boot:0012A468	func_0012A468	open
de5634bc2146f164	204	core	2											boot:0012E6D8		open	boot:0013AB98		open
e55e934ee5669c53	204	core	2											boot:0012E8D8		open	boot:0013AD98		open
71b41059aabf9ed3	204	core	2											boot:00133090		open	boot:0013F5D0	func_0013F5D0	open
f291ef599136e5a1	204	core	2											boot:00135F08		open	boot:00142448	func_00142448	open
732c4cff82406305	200	core	4	sceGszbufaddr	boot:00122200	func_00122200	matched	boot:00121F00	sceGszbufaddr	matched	boot:00125E58		open	boot:0012C570		open	boot:001389D8	func_001389D8	open
382e9a0578e1b630	200	core	2	sceDbcCreateSocket	boot:00124858	func_00124858	matched	boot:00124718	sceDbcCreateSocket	open	boot:001284B0		open						
4fe3c267f6d38fe1	200	core	2	_clearEach	boot:0012C358	func_0012C358	matched	boot:0012C218	_clearEach	matched	boot:00130178		open						
52ff46932a9b89a1	200	core	2											boot:0011FC78		open	boot:00127A08	func_00127A08	open
5ca65748fa3069e6	200	core	2											boot:0012F918		open	boot:0013BF40	func_0013BF40	open
0006a7c55972da44	200	core	2											boot:001352E0		open	boot:00141820	func_00141820	open
e4d159b65433c98b	200	core	2											boot:0013A030		open	boot:00146570	func_00146570	open
344fd9d1767c588e	196	core	4	InitTLBFunctions	boot:0011D3C8	func_0011D3C8	matched	boot:0011D0C8	InitTLBFunctions	matched	boot:0011F058		open	boot:00124488		open	boot:0012CF80	func_0012CF80	open
8757ce2815dfc60d	196	core	2	sceCdMmode	boot:00121688	func_00121688	matched	boot:00121388	sceCdMmode	matched	boot:001252E0		open						
02df5789a4010610	196	core	2	PictureHeader	boot:00128DA0	func_00128DA0	matched	boot:00128C60	PictureHeader	matched	boot:0012CBC0		open						
89a10b0738975c43	196	core	2	_quantMatrixExtension	boot:001292E0	func_001292E0	matched	boot:001291A0	_quantMatrixExtension	matched	boot:0012D100		open						
04b0f346d0678020	196	core	2								boot:001334B8		open	boot:0013CD28		open			
8616768397cb7d15	196	core	2											boot:0012BE20		open	boot:00138288	func_00138288	open
f29acc801b4cf7d0	196	core	2											boot:0012E2E0		open	boot:0013A7A0	func_0013A7A0	open
c5798fb1d3634c7f	192	core	2		boot:001153FC	func_001153FC	open	boot:001153FC		open	boot:00115484		open						
b06e95b44bcf9d75	192	core	4		boot:0012213C		open	boot:00121E3C		open	boot:00125D94		open	boot:0012C4AC		open	boot:00138914	func_00138914	open
fc81fbff523bf452	192	core	2											boot:0012AB80		open	boot:00136EB0	func_00136EB0	open
75776b30d6e5b9d0	192	core	2											boot:00132C88		open	boot:0013F1C8	func_0013F1C8	open
7902fe5b3c29a60b	192	core	2											boot:00136A40		open	boot:00142F80	func_00142F80	open
0eb71c514520da73	188	core	4	sceTtyInit	boot:00119CC8	func_00119CC8	matched	boot:001199C8	sceTtyInit	matched	boot:0011BE20		open	boot:001204C0		open	boot:00128250	func_00128250	open
96783b61ddbfd2a4	188	core	2	_skipMB0	boot:00127C80	func_00127C80	matched	boot:00127B40	_skipMB0	matched	boot:0012BAA0		open						
d97ea239bfd4a92d	188	core	2		boot:0011DF0C		open	boot:0011DC0C		open	boot:0011FB8C		open						
e53bb73cc8a30b77	188	core	2								boot:00133580		open	boot:0013CDF0		open			
6fc5f9ed0fedfcbf	188	core	2											boot:0012DE00		open	boot:0013A2C0	func_0013A2C0	open
f4414ad5dc845c07	188	core	2											boot:00132AD8		open	boot:0013F018	func_0013F018	open
04879367ca35a03e	184	core	4	litodp	boot:00120480	func_00120480	matched	boot:00120180	litodp	matched	boot:00123078		open	boot:00129508		open	boot:00131408	func_00131408	matched
ac78b2f3535e78bf	184	core	4	sceCdBreak	boot:001219C8	func_001219C8	matched	boot:001216C8	sceCdBreak	matched	boot:00125620		open	boot:0012BC98		open	boot:00138048	func_00138048	open
6cce6a826502aa83	184	core	2	sceMcClose	boot:00123A10	func_00123A10	matched	boot:00123710	sceMcClose	matched	boot:00127668		open						
22ab009261096add	184	core	2		boot:00126910	func_00126910	open	boot:001267D0		open	boot:0012A730		open						
ea0abe120eaffcb8	184	core	2											boot:00126018		open	boot:0012EE28	func_0012EE28	open
23100bd87708d97b	184	core	2											boot:00133210		open	boot:0013F750	func_0013F750	open
73b849fa996f4c3d	180	core	2	_request_end	boot:0011B0E0	func_0011B0E0	matched	boot:0011ADE0	_request_end	matched	boot:0011D238		open						
c9803e0a3c8f0b2f	180	core	2		boot:001266D8	func_001266D8	open	boot:00126598		open	boot:0012A4F8		open						
6cf3d21b780d711a	180	core	4	AddDate	boot:0012D5D0	func_0012D5D0	matched	boot:0012D490	AddDate	matched	boot:00131850		open	boot:0013AB10		open	boot:00155850	func_00155850	open
5cc2ccdef7ecf319	180	core	2											boot:0012F4F0		open	boot:0013BB18	func_0013BB18	open
9081b52e9e8209b9	180	core	2											boot:0012F860		open	boot:0013BE88	func_0013BE88	open
83fe5e0e3c51b9d9	180	core	2											boot:00132FD8		open	boot:0013F518	func_0013F518	open
5649332ddaac33fc	176	core	2		boot:00115248	func_00115248	open	boot:00115248		open	boot:001153D4		open						
acc211140c07512d	176	core	4	deci2Putchar	boot:00119DC0	func_00119DC0	matched	boot:00119AC0	deci2Putchar	matched	boot:0011BF18		open	boot:001205B8		open	boot:00128348	func_00128348	open
9b0e1fbb8c5cca03	176	core	2	_request_bind	boot:0011B248	func_0011B248	matched	boot:0011AF48	_request_bind	matched	boot:0011D3A0		open						
ea31b67927cd97c1	176	core	2		boot:00120A78	func_00120A78	open	boot:00120778		open	boot:001246D0		open						
22d025ca6d58a42f	176	core	2	scePad2SetButtonOrder	boot:00125160	func_00125160	matched	boot:00125020	scePad2SetButtonOrder	open	boot:00128E98		open						
5d2e3bf5830abd25	176	core	2	_waitIpuIdle64	boot:00128638	func_00128638	matched	boot:001284F8	_waitIpuIdle64	matched	boot:0012C458		open						
42d5f55dbf4b78c4	176	core	2											boot:0012DFA0		open	boot:0013A460	func_0013A460	open
b85fe896b9422a5c	176	core	2											boot:0012FB68		open	boot:0013C0E0	func_0013C0E0	open
bacb5de637372eac	176	core	2											boot:00135B50		open	boot:00142090	func_00142090	open
80321c5cb42ba959	172	core	4		boot:00119110	func_00119110	open	boot:00118E10		open	boot:0011B270		open	boot:0011F4F0		open	boot:00127298	func_00127298	open
ecbf149c430797b3	172	core	2		boot:0011AD70	func_0011AD70	open	boot:0011AA70		open	boot:0011CEC8		open						
dd360d2ca8313578	172	core	4	InitExecPS2	boot:0011DCB8	func_0011DCB8	matched	boot:0011D9B8	InitExecPS2	matched	boot:0011F938		open	boot:00124CB8		open	boot:0012D7B8	func_0012D7B8	open
e3089d819e69cc78	172	core	2		boot:00126860	func_00126860	open	boot:00126720		open	boot:0012A680		open						
8ba9aa1da089ae66	172	core	2		boot:00126C60	func_00126C60	open	boot:00126B20		open	boot:0012AA80		open						
ffac4977c094d986	172	core	2											boot:00121F38		open	boot:00129CE0	func_00129CE0	open
f442968a74ace40e	172	core	2											boot:00125940		open	boot:0012E5A0	func_0012E5A0	open
4777492d823f1e80	172	core	2											boot:00133160		open	boot:0013F6A0	func_0013F6A0	open
dccb9ee813dbed7d	172	core	2											boot:00133560		open	boot:0013FAA0	func_0013FAA0	open
c8b68a71f6b89c12	168	core	4	get_available_rpc_packet	boot:0011AFE8	func_0011AFE8	matched	boot:0011ACE8	get_available_rpc_packet	matched	boot:0011D140		open	boot:001221B0		open	boot:00129F58	func_00129F58	open
56bf515f46af5641	168	core	4		boot:001254A0	func_001254A0	open	boot:00125360		open	boot:001292C0		open	boot:00130088		open	boot:0013C5C0	func_0013C5C0	open
baa39e889b31394d	168	core	4		boot:00125548	func_00125548	open	boot:00125408		open	boot:00129368		open	boot:00130130		open	boot:0013C668	func_0013C668	open
44617119f31a3dab	168	core	2	sceMpegInit	boot:0012B870	func_0012B870	matched	boot:0012B730	sceMpegInit	matched	boot:0012F690		open						
b517b7d6b2dc6fa4	168	core	2		boot:001275C0		open	boot:00127480		open	boot:0012B3E0		open						
fba610a252afb066	168	core	2											boot:00125F70		open	boot:0012ED80	func_0012ED80	open
bdbfc83eb9d894a4	168	core	2											boot:00130210		open	boot:0013C750		open
f93267a436ce70f3	168	core	2											boot:0013CA30		open	boot:00159130	func_00159130	open
47c611cbccdab542	164	core	4	VSync2	boot:00118F60	func_00118F60	matched	boot:00118C60	VSync2	matched	boot:0011B140		open	boot:0011F340		open	boot:001270C0	func_001270C0	open
f4c16fc23f7cab38	164	core	4		boot:001191E0	func_001191E0	open	boot:00118EE0		open	boot:0011B328		open	boot:0011F5F0		open	boot:00127390	func_00127390	open
4c6a8529c195c358	164	core	4		boot:001253F8	func_001253F8	open	boot:001252B8		open	boot:00129218		open	boot:0012FFE0		open	boot:0013C518	func_0013C518	open
0d812c730393d1c7	164	core	2	_waitIpuIdle	boot:00128590	func_00128590	matched	boot:00128450	_waitIpuIdle	matched	boot:0012C3B0		open						
01d1b4391a98482e	164	core	4	SubtractDate	boot:0012D688	func_0012D688	matched	boot:0012D548	SubtractDate	matched	boot:00131908		open	boot:0013ABC8		open	boot:00155908	func_00155908	open
6bfbbb38d31da1f3	164	core	3		boot:00123164		open	boot:00122E64		open	boot:00126DBC		open	boot:0012D4D4		open			
be43e5a8738bd999	164	core	4		boot:0012A740		open	boot:0012A600		open	boot:0012E560		open	boot:001373A0		open	boot:001438E0		open
bee6f5ed19690f98	164	core	2								boot:00115544		open				boot:0011A8A0		open
159daf10fe7549f8	164	core	3								boot:0011B458		open	boot:0011F720		open	boot:001274C0	func_001274C0	open
fba715693ef93de7	160	core	4	dptoul	boot:001205D0	func_001205D0	matched	boot:001202D0	dptoul	matched	boot:001231C8		open	boot:00129658		open	boot:00131558	func_00131558	matched
84075fc87ba5618d	160	core	3		boot:001207B8	func_001207B8	open	boot:001204B8		open				boot:0012A950		open	boot:00131968	func_00131968	open
a3e5dd9463f25f1d	160	core	4	handle_cd_read_callback	boot:001209D8	func_001209D8	matched	boot:001206D8	handle_cd_read_callback	matched	boot:00124630		open	boot:0012AAE0		open	boot:00136E10	func_00136E10	open
7d6b923d9842202e	160	core	2	sceCdSync	boot:00120F30	func_00120F30	matched	boot:00120C30	sceCdSync	matched	boot:00124B88		open						
e166d266db2f8d8e	160	core	4	checkModelVersion	boot:00121D18	func_00121D18	matched	boot:00121A18	checkModelVersion	matched	boot:00125970		open	boot:0012C088		open	boot:001384F0	func_001384F0	open
75e7178609abd229	160	core	2	sceGsSyncVCallback	boot:00123168	func_00123168	matched	boot:00122E68	sceGsSyncVCallback	matched							boot:00139940	func_00139940	open
cd2577ac0507ea89	160	core	2	_groupOfPicturesHeader	boot:00129240	func_00129240	matched	boot:00129100	_groupOfPicturesHeader	matched	boot:0012D060		open						
fc0b39772ec8cb42	160	core	2	_isOutSizeOK	boot:00129948	func_00129948	matched	boot:00129808	_isOutSizeOK	matched	boot:0012D768		open						
b42afae5a30c429b	160	core	2											boot:0012AD28		open	boot:00137058	func_00137058	open
da8313648996afc0	160	core	2											boot:0012B098		open	boot:00137448	func_00137448	open
89bbe7fdf5c81efd	160	core	2											boot:00133BB8		open	boot:001400F8	func_001400F8	open
1bc10f4ec191a5f1	160	core	2											boot:001343C0		open	boot:00140900	func_00140900	open
993a499593d62661	160	core	2											boot:00139F90		open	boot:001464D0	func_001464D0	open
aca7ef3ffaf6f8cc	156	core	2		boot:00126BC0	func_00126BC0	open	boot:00126A80		open	boot:0012A9E0		open						
cfdb76c20d0c55c7	156	core	2	GetRomName	boot:0012D2A0	func_0012D2A0	matched	boot:0012D160	GetRomName	matched	boot:00131540		open						
59a5a111c4036373	156	core	2		boot:001165B8		open							boot:0011B610		open			
75dd7b3085e9d09f	156	core	2											boot:001334C0		open	boot:0013FA00	func_0013FA00	open
a4103b64b89531c7	152	core	4	__floatdidf	boot:0011E7C8	func_0011E7C8	matched	boot:0011E4C8	__floatdidf	matched	boot:001213B8		open	boot:00127848		open	boot:0012F748	func_0012F748	matched
f9f8a93016e6103f	152	core	4	sceCdNcmdDiskReady	boot:00120E98	func_00120E98	matched	boot:00120B98	sceCdNcmdDiskReady	matched	boot:00124AF0		open	boot:0012B000		open	boot:001373B0	func_001373B0	open
9803b52b8d87031c	152	core	4	sceCdGetError	boot:00121930	func_00121930	matched	boot:00121630	sceCdGetError	matched	boot:00125588		open	boot:0012BC00		open	boot:00137FB0	func_00137FB0	open
c17a98c0e24f2934	152	core	4	sceDmaPause	boot:00123650	func_00123650	matched	boot:00123350	sceDmaPause	matched	boot:001272A8		open	boot:0012D9C0		open	boot:00139E28	func_00139E28	open
9a02e17e66e4ca4c	152	core	2	_sysbitFlush	boot:0012AAC8	func_0012AAC8	matched	boot:0012A988	_sysbitFlush	matched	boot:0012E8E8		open						
7dc96fe2f7a7173a	152	core	2											boot:00129950		open	boot:00131850		open
2b6fecdd87fe1d15	148	core	4		boot:00119678	func_00119678	open	boot:00119378		open	boot:0011B8D8		open	boot:0011FBD8		open	boot:00127968	func_00127968	open
ae957dc513cf49d7	148	core	4	dptoli	boot:00120538	func_00120538	matched	boot:00120238	dptoli	matched	boot:00123130		open	boot:001295C0		open	boot:001314C0	func_001314C0	matched
e1671e019f0c9390	148	core	2	cmd_sem_init	boot:00120B28	func_00120B28	open	boot:00120828	cmd_sem_init	open	boot:00124780		open						
2c871a7c7e8e226a	148	core	2	cdvd_exit	boot:00120BC0	func_00120BC0	matched	boot:001208C0	cdvd_exit	matched	boot:00124818		open						
2554d3bae19290ea	148	core	4	sceGsSyncV	boot:00122598	func_00122598	matched	boot:00122298	sceGsSyncV	matched	boot:001261F0		open	boot:0012C908		open	boot:00138D70	func_00138D70	open
66a1aea2d53a890f	148	core	2		boot:00126640	func_00126640	open	boot:00126500		open	boot:0012A460		open						
b84c5235563da947	148	core	2								boot:00132220		open	boot:0013B818		open			
ecd4b51561501a03	148	core	2											boot:00132A00		open	boot:0013EF40	func_0013EF40	open
2ac3eb79da6d2a82	148	core	2											boot:00132F40		open	boot:0013F480	func_0013F480	open
73b217201e20aa8e	148	core	2											boot:00134E48		open	boot:00141388	func_00141388	open
7c809a56159d1e8e	144	core	4	VSync	boot:00118ED0	func_00118ED0	matched	boot:00118BD0	VSync	matched	boot:0011B0B0		open	boot:0011F2B0		open	boot:00127030	func_00127030	open
d351fbf858dc745f	144	core	2	unpack_spr_descriptor	boot:00123BA0	func_00123BA0	matched	boot:001238A0	unpack_spr_descriptor	matched	boot:001277F8		open						
6dd78093cd31df5a	144	core	2	_copyrightExtension	boot:001294A0	func_001294A0	matched	boot:00129360	_copyrightExtension	matched	boot:0012D2C0		open						
abc2922f84b8f4d0	144	core	2	_outputFrame	boot:00129600	func_00129600	matched	boot:001294C0	_outputFrame	open	boot:0012D420		open						
4ebf0aedf83c5cdf	144	core	2											boot:00125290		open	boot:0012DD90	func_0012DD90	open
404e76cc0e006418	144	core	2											boot:00136B00		open	boot:00143040	func_00143040	open
9655c5e5eb8c6866	140	core	4		boot:0011B438	func_0011B438	matched	boot:0011B138		open	boot:0011D590		open	boot:00122780		open	boot:0012A688	func_0012A688	open
db4e90d786701876	140	core	4		boot:0011BEB8	func_0011BEB8	matched	boot:0011BBB8	FUN_0011bbb8	matched	boot:0011E010		open	boot:00123368		open	boot:0012B270	func_0012B270	open
626ae66a1033eacb	140	core	2	_sequenceDisplayExtension	boot:0012CBA0	func_0012CBA0	matched	boot:0012CA60	_sequenceDisplayExtension	matched	boot:001309C0		open						
1f20be64376b2737	140	core	2	AdjustTime	boot:0012D788	func_0012D788	matched	boot:0012D648	AdjustTime	matched	boot:00131A08		open						
341a31b5a38565c4	140	core	2								boot:00120B38		open	boot:00126FC0		open			
f636474e68aef8b6	140	core	2											boot:00132970		open	boot:0013EEB0	func_0013EEB0	open
bcceaf2aec5f07d7	140	core	2											boot:00134DB8		open	boot:001412F8	func_001412F8	open
6a2dd28fdadc26e1	140	core	2											boot:0013ACC8		open	boot:00155A08	func_00155A08	open
967f4fb23634bf33	136	core	4	new_iob	boot:0011B770	func_0011B770	matched	boot:0011B470	new_iob	matched	boot:0011D8C8		open	boot:00122AE0		open	boot:0012A9E8	func_0012A9E8	open
d9c98c3853801f7b	136	core	4	sceSifInitIopHeap	boot:0011CB40	func_0011CB40	matched	boot:0011C840	sceSifInitIopHeap	matched	boot:0011E7A0		open	boot:00123B10		open	boot:0012C1B8	func_0012C1B8	open
54fce08731a1046c	136	core	2	decode_motion_vector	boot:001281E8	func_001281E8	matched	boot:001280A8	decode_motion_vector	matched	boot:0012C008		open						
577dca6fabb05778	136	core	2	_type2id	boot:0012AC80	func_0012AC80	open	boot:0012AB40	_type2id	open	boot:0012EAA0		open						
4dc4b070ef6081ea	136	core	2		boot:00125210		open	boot:001250D0		open	boot:00128F48		open						
417cafa8b0cd61a7	136	core	2								boot:00120A30		open	boot:00126EB8		open			
3a80ac1c7054b268	136	core	2								boot:00123978		open	boot:00129EA0		open			
e92d767931b17d62	136	core	3								boot:001244B8		open	boot:0012A9F0		open	boot:00131A08	func_00131A08	open
2225cd5aeb562d9e	132	core	2	CountLeadingZeroBits	boot:001156C0	func_001156C0	matched	boot:001156C0	CountLeadingZeroBits	matched							boot:0011F6F8	func_0011F6F8	open
660be03f77ca512d	132	core	2	receiveDataFromIPU	boot:0012A268	func_0012A268	matched	boot:0012A128	receiveDataFromIPU	matched	boot:0012E088		open						
03cdd5487daa6f17	128	core	2	scePad2CheckDma	boot:001250E0	func_001250E0	matched	boot:00124FA0	scePad2CheckDma	matched	boot:00128E18		open						
3a910ade1eea85af	128	core	4		boot:001151B4		open	boot:001151B4		open	boot:00115340		open	boot:0011A01C		open	boot:0011A2DC		open
a091f645d27fe80f	128	core	3								boot:0011E828		open	boot:00123B98		open	boot:0012C2B0	func_0012C2B0	open
aa79e64c7abbb384	128	core	2											boot:00121760		open	boot:001294F0	func_001294F0	open
13419ba3029124ac	124	core	4	write	boot:00119008	func_00119008	matched	boot:00118D08	write	matched	boot:0011B1E8		open	boot:0011F3E8		open	boot:00127168	func_00127168	open
b09e2fdcf29ccb60	124	core	4		boot:00119288	func_00119288	open	boot:00118F88		open	boot:0011B3D0		open	boot:0011F698		open	boot:00127438	func_00127438	open
5642c5468587fa71	124	core	2	_nextStartCode	boot:00128BA8	func_00128BA8	matched	boot:00128A68	_nextStartCode	matched	boot:0012C9C8		open						
a9024d406702fea1	124	core	2	_lastFrame	boot:0012C278	func_0012C278	open	boot:0012C138	_lastFrame	open	boot:00130098		open						
c8e9c867117e53cb	124	core	2								boot:00120AB8		open	boot:00126F40		open			
afe73c4d80b5ecf6	124	core	2											boot:001254B8		open	boot:0012DFB8		open
1c21c4f5b5a8f9e4	124	core	2											boot:00125B68		open	boot:0012E7C8	func_0012E7C8	open
9085fca6312a7dcc	124	core	2											boot:00135C60		open	boot:001421A0	func_001421A0	open
24e378871789e2db	120	core	3	free_sif_system_memory	boot:0011CC38	func_0011CC38	matched	boot:0011C938	free_sif_system_memory	matched	boot:0011E8A8		open				boot:0012C330	func_0012C330	open
3014b900bf8218dc	120	core	4	PowerOffCB	boot:00120CA0	func_00120CA0	matched	boot:001209A0	PowerOffCB	matched	boot:001248F8		open	boot:0012AE20		open	boot:001371D0	func_001371D0	open
3ff27071b682c4aa	120	core	2											boot:00121B70		open	boot:00129918	func_00129918	open
c454d9e521f114db	120	core	2											boot:0012F470		open	boot:0013BA98	func_0013BA98	open
ca9933bc1897ce1a	120	core	2											boot:00135D50		open	boot:00142290	func_00142290	open
25ae59e194b145b5	116	core	3	read	boot:00119088	func_00119088	matched	boot:00118D88	read	matched				boot:0011F468		open	boot:001271E8	func_001271E8	open
57c88c548431d30f	116	core	4		boot:00125380	func_00125380	open	boot:00125240		open	boot:001291A0		open	boot:0012FF68		open	boot:0013C4A0	func_0013C4A0	open
fd2b7b5c867c5d78	116	core	2	UpdateTempTrackData	boot:001291C8	func_001291C8	matched	boot:00129088	UpdateTempTrackData	matched	boot:0012CFE8		open						
a482d28a31cdf9d1	116	core	3								boot:001328C0		open	boot:0013BF68		open	boot:00158630	func_00158630	open
9a9c2488a7156891	116	core	2											boot:0012508C		open	boot:0012DB8C	func_0012DB8C	open
a34381fdf2705bca	116	core	2											boot:0012F3F8		open	boot:0013BA20	func_0013BA20	open
bff253dc7071d014	116	core	2											boot:00132EC8		open	boot:0013F408	func_0013F408	open
7670c9bc0d323524	116	core	2											boot:00134FD8		open	boot:00141518		open
9ebd546377c4adc4	116	core	2											boot:00135DC8		open	boot:00142308	func_00142308	open
652fc45838bb87a4	116	core	2											boot:0013A190		open	boot:001466D0	func_001466D0	open
eb8f3ad69805b2a7	116	core	2											boot:0013A208		open	boot:00146748	func_00146748	open
855359b390fa6655	112	core	2	sceSifAllocIopHeap	boot:0011CBC8	func_0011CBC8	matched	boot:0011C8C8	sceSifAllocIopHeap	matched							boot:0012C240	func_0012C240	open
8aa734078bc55716	112	core	4	WaitDma	boot:00123208	func_00123208	matched	boot:00122F08	WaitDma	matched	boot:00126E60		open	boot:0012D578		open	boot:001399E0	func_001399E0	open
582aecfbc803aba7	112	core	2		boot:0011578C		open	boot:0011578C		open							boot:0011F7C4		open
2d3a9ab49077ba79	112	core	2								boot:00133350		open				boot:00159258		open
ebd430d065576c5a	112	core	2											boot:00122A68		open	boot:0012A970	func_0012A970	open
138042d0e8e7296c	112	core	2											boot:00123C90		open	boot:0012C438	func_0012C438	open
df11877703d0130a	112	core	2											boot:00125BE8		open	boot:0012E848	func_0012E848	open
60a6db595febadc5	112	core	2											boot:0013A7D0		open	boot:00155510	func_00155510	open
bf53adf5aa97567b	108	core	4	get_iob	boot:0011B7F8	func_0011B7F8	matched	boot:0011B4F8	get_iob	matched	boot:0011D950		open	boot:00122C58		open	boot:0012AB60	func_0012AB60	open
e0c718e53787444b	108	core	2	sceCdSyncS	boot:00120FD0	func_00120FD0	matched	boot:00120CD0	sceCdSyncS	matched	boot:00124C28		open						
1e60d1b6ad87f09a	108	core	2	sceDbcSetWorkAddr	boot:001247E8	func_001247E8	matched	boot:001246A8	sceDbcSetWorkAddr	matched	boot:00128440		open						
1bf1ec95e77f92f2	108	core	2	ParseSystemHeader	boot:0012B250	func_0012B250	matched	boot:0012B110	ParseSystemHeader	matched	boot:0012F070		open						
919b01629e49ac70	108	core	4	reserve_aligned_buffer_space	boot:0012BD60	func_0012BD60	matched	boot:0012BC20	reserve_aligned_buffer_space	matched	boot:0012FB80		open	boot:00136010		open	boot:00142550	func_00142550	open
422253202ae44f04	108	core	2											boot:0012B138		open	boot:001374E8	func_001374E8	open
b57d05536eb21886	108	core	2											boot:0012EB40		open	boot:0013B018	func_0013B018	open
60868e73be0121d2	108	core	2											boot:0012EBB8		open	boot:0013B0F8	func_0013B0F8	open
2b7136a628e2dc91	104	core	4		boot:00119328	func_00119328	open	boot:00119028		open	boot:0011B588		open	boot:0011F870		open	boot:00127600	func_00127600	open
52cf444bdb142147	104	core	4	PatchIsNeeded	boot:0011DC50	func_0011DC50	matched	boot:0011D950	PatchIsNeeded	matched	boot:0011F8D0		open	boot:00124C50		open	boot:0012D750	func_0012D750	open
dff9762df2a970ac	104	core	2	SceCdDelayThread	boot:00120910	func_00120910	matched	boot:00120610	SceCdDelayThread	matched	boot:00124568		open						
68a0e8ca50f88751	104	core	4	sceDmaSend	boot:001235C8	func_001235C8	matched	boot:001232C8	sceDmaSend	matched	boot:00127220		open	boot:0012D938		open	boot:00139DA0		open
177d60298012072a	104	core	2	_sceMpegFlush	boot:0012C200	func_0012C200	matched	boot:0012C0C0	_sceMpegFlush	matched	boot:00130020		open						
989bbdb9eea116e7	104	core	4	sceIpuSync	boot:0012CF98	func_0012CF98	matched	boot:0012CE58	sceIpuSync	matched	boot:00130DB8		open	boot:0013A4B8		open	boot:001469F8	func_001469F8	open
0864b936fa30a5c0	104	core	4	sceScfGetSummerTime	boot:0012D448	func_0012D448	matched	boot:0012D308	sceScfGetSummerTime	matched	boot:001316C8		open	boot:0013A988		open	boot:001556C8	func_001556C8	open
aea6a9da32122bca	104	core	4	decode_bcd_time_fields	boot:0012D500	func_0012D500	matched	boot:0012D3C0	decode_bcd_time_fields	matched	boot:00131780		open	boot:0013AA40		open	boot:00155780	func_00155780	open
5f3e008d38699891	104	core	2								boot:00120498		open	boot:00126920		open			
e5f6e260e31c5bc0	104	core	2											boot:0012AA78		open	boot:00136DA8	func_00136DA8	open
715727868babf363	100	core	4	dpsub	boot:0011FEA0	func_0011FEA0	matched	boot:0011FBA0	dpsub	matched	boot:00122A98		open	boot:00128F28		open	boot:00130E28	func_00130E28	matched
4c039638a4fadad0	100	core	2	scePad2GetSide	boot:00125078	func_00125078	matched	boot:00124F38	scePad2GetSide	matched	boot:00128DB0		open						
33543035c904370b	100	core	2	_sliceB	boot:00128C28	func_00128C28	matched	boot:00128AE8	_sliceB	matched	boot:0012CA48		open						
e4b1f21d575330b2	100	core	2	SetD3Chcr	boot:0012CC90	func_0012CC90	matched	boot:0012CB50	SetD3Chcr	matched	boot:00130AB0		open						
16fb0f666f3cc230	100	core	2	SetD4Chcr	boot:0012CCF8	func_0012CCF8	matched	boot:0012CBB8	SetD4Chcr	matched	boot:00130B18		open						
092c93afc5dabb17	100	core	2											boot:0012EC28		open	boot:0013B168	func_0013B168	open
785a26fb59e3ff24	100	core	2											boot:0012FCE8		open	boot:0013C280	func_0013C280	open
2f2ae120a57c01dc	96	core	2	scePrintf	boot:0011A6C8	func_0011A6C8	matched	boot:0011A3C8	scePrintf	matched	boot:0011C820		open						
9e4804a899d9b18d	96	core	2	_request_rdata	boot:0011B198	func_0011B198	matched	boot:0011AE98	_request_rdata	matched	boot:0011D2F0		open						
ee07b99dd2a70e1d	96	core	4		boot:0011EEC8	func_0011EEC8	matched	boot:0011EBC8		open	boot:00121AB8		open	boot:00127F48		open	boot:0012FE48	func_0012FE48	matched
1f66637de24da954	96	core	2	_clearOnce	boot:0012C2F8	func_0012C2F8	matched	boot:0012C1B8	_clearOnce	matched	boot:00130118		open						
c6dbe5f9ce22e8a8	96	core	3	sceScfGetLanguage	boot:0012D380	func_0012D380	matched	boot:0012D240	sceScfGetLanguage	matched				boot:0013A880		open	boot:001555C0	func_001555C0	open
c2c04d52772cdbad	96	core	2		boot:00127318		open	boot:001271D8		open	boot:0012B138		open						
fee378993a66cd5d	96	core	2		boot:0012CC30		open	boot:0012CAF0		open	boot:00130A50		open						
5bfe37752de07f87	96	core	2											boot:00124988		open	boot:0012D488	func_0012D488	open
49541770d56c41b1	96	core	2											boot:00137228		open	boot:00143768		open
9bc43a7ce110af0b	92	core	2	_sceFsIobSemaMK	boot:0011B710	func_0011B710	matched	boot:0011B410	_sceFsIobSemaMK	matched	boot:0011D868		open						
796d922edb20ad5b	92	core	2		boot:0011CAE0	func_0011CAE0	open	boot:0011C7E0		open	boot:0011E740		open						
67e6fbe5ce739c58	92	core	2	sceCdCallback	boot:00120978	func_00120978	matched	boot:00120678	sceCdCallback	matched	boot:001245D0		open						
d035c3b68445fc2a	92	core	2		boot:001252A0	func_001252A0	open							boot:0012FE78		open			
3b0f416126628c27	92	core	2		boot:001272B8	func_001272B8	open	boot:00127178		open	boot:0012B0D8		open						
a9e5e847da0200c2	92	core	4		boot:00119EDC		open	boot:00119BDC		open	boot:0011C034		open	boot:001206D4		open	boot:00128464		open
e3c0da984f1d1118	92	core	3								boot:001322B8		open	boot:0013B8B0		open	boot:00158240	func_00158240	open
7fa5aefb6aaf51de	92	core	2											boot:00123AB0		open	boot:0012BEB0	func_0012BEB0	open
b6923a2ceec32b16	92	core	2											boot:00125CB8		open	boot:0012E918	func_0012E918	open
d1f0c4e159d16739	92	core	2											boot:0012E9D8		open	boot:0013AE98	func_0013AE98	open
b04d3052dcc2cec3	88	core	2	std	boot:00113A70	func_00113A70	matched	boot:00113A70	std	matched							boot:0011C510	func_0011C510	open
ddc9a963db9ba99f	88	core	4	AddPackedDoubles	boot:0011FE48	func_0011FE48	matched	boot:0011FB48	AddPackedDoubles	matched	boot:00122A40		open	boot:00128ED0		open	boot:00130DD0	func_00130DD0	matched
db63367000216a37	88	core	4		boot:00116654		open				boot:001155E8		open	boot:0011B6AC		open	boot:0011A944		open
9c086cbb189c6bef	88	core	4		boot:001233E8		open	boot:001230E8		open	boot:00127040		open	boot:0012D758		open	boot:00139BC0		open
ec24cdb06d2809c2	88	core	2		boot:0012A418		open	boot:0012A2D8		open	boot:0012E238		open						
c798bc13e41d74f3	88	core	2											boot:00124B90		open	boot:0012D690		open
a23e960dfe692fcc	88	core	2											boot:0012E3A8		open	boot:0013A868	func_0013A868	open
9ffee1ef71edead0	88	core	2											boot:0012F5A8		open	boot:0013BBD0	func_0013BBD0	open
4748c69f5405d27b	84	core	2		boot:00124010	func_00124010	matched	boot:00123D10		open	boot:00127C68		open						
6c5f16002083e0df	84	core	2	SceDbcGetModVersion	boot:001245F8	func_001245F8	matched	boot:001244B8	SceDbcGetModVersion	matched	boot:00128250		open						
2760297feedc8207	84	core	2	scePad2LinkDriver	boot:00125020	func_00125020	matched	boot:00124EE0	scePad2LinkDriver	matched	boot:00128D58		open						
19a4f22c5fa5a2b6	84	core	2	_sysbitJump	boot:0012ABF8	func_0012ABF8	matched	boot:0012AAB8	_sysbitJump	matched	boot:0012EA18		open						
14f83de26ba420f5	84	core	2	ClearMpegReferenceBuffer	boot:0012BBF8	func_0012BBF8	matched	boot:0012BAB8	ClearMpegReferenceBuffer	matched	boot:0012FA18		open						
d00cee5ca59b851b	84	core	2	_Error	boot:0012C468	func_0012C468	matched	boot:0012C328	_Error	matched	boot:00130288		open						
c4fd1003ce7c724d	84	core	2								boot:001203C8		open	boot:00126850		open			
0c3a4596a44b883c	84	core	3								boot:00123298		open	boot:00129728		open	boot:00131628	func_00131628	matched
2d9e3edf85adc08d	84	core	2											boot:00123080		open	boot:0012AF88	func_0012AF88	open
8f29f8b97715f54a	84	core	2											boot:0012ADC8		open	boot:00137178	func_00137178	open
b547ec569276eadd	84	core	2											boot:0012FC78		open	boot:0013C210	func_0013C210	open
6b4debd993eaa992	84	core	2											boot:00135E88		open	boot:001423C8	func_001423C8	open
cab2886ba7eba2a8	84	core	2											boot:0013A0F8		open	boot:00146638	func_00146638	open
e280a0a095e5c50c	80	core	2	sceMpegReset	boot:0012BBA8	func_0012BBA8	matched	boot:0012BA68	sceMpegReset	matched	boot:0012F9C8		open						
d4903742a8697c6a	80	core	2	_dispatchMpegCallback	boot:0012BC78	func_0012BC78	matched	boot:0012BB38	_dispatchMpegCallback	matched	boot:0012FA98		open						
61baefb9de363596	80	core	4		boot:001166AC		open				boot:00115640		open	boot:0011B704		open	boot:0011A99C		open
cab970784b2444f0	80	core	2								boot:00123578		open	boot:00129AA0		open			
3592b50eba3fb968	80	core	2											boot:001242B8		open	boot:0012CDB0	func_0012CDB0	open
0acac12e8f89c86d	80	core	2											boot:00125898		open	boot:0012E410		open
4e9ab95b0c885677	80	core	2											boot:00134D68		open	boot:001412A8	func_001412A8	open
9bba462111d86c0c	80	core	2											boot:0013D290		open	boot:00159A00	func_00159A00	open
0ee9aceb2e47b28c	76	core	2	_sceFsSemInit	boot:0011BBF0	func_0011BBF0	matched	boot:0011B8F0	_sceFsSemInit	matched	boot:0011DD48		open						
04fbe0c48368a211	76	core	4	CompareDoubles	boot:00120430	func_00120430	matched	boot:00120130	CompareDoubles	matched	boot:00123028		open	boot:001294B8		open	boot:001313B8	func_001313B8	matched
6909e094b95d8852	76	core	2	_sysbitGet	boot:0012AB60	func_0012AB60	matched	boot:0012AA20	_sysbitGet	matched	boot:0012E980		open						
26cc8630d497c5d4	76	core	4	sceScfGetTimeZone	boot:0012D3F0	func_0012D3F0	matched	boot:0012D2B0	sceScfGetTimeZone	matched	boot:00131670		open	boot:0013A930		open	boot:00155670	func_00155670	open
d98d5b534653faca	76	core	2											boot:001216C8		open	boot:00129458	func_00129458	open
805389e3c3c52fda	76	core	2											boot:00125820		open	boot:0012E320	func_0012E320	open
a909c70e2420b31c	76	core	2											boot:001259F0		open	boot:0012E548	func_0012E548	open
cba5b36f15ce546b	76	core	2											boot:00125C68		open	boot:0012E8C8	func_0012E8C8	open
2f4d89186392edfb	76	core	2											boot:0013504C		open	boot:0014158C		open
1bbf43aff5b4e908	76	core	2											boot:0013D208		open	boot:001599A8	func_001599A8	open
45f42b3e740578bf	72	core	2	SupplementCrt0	boot:0011D9C0	func_0011D9C0	matched	boot:0011D6C0	SupplementCrt0	matched	boot:0011F640		open						
d29fa74d8709055d	72	core	2	ExtraInfo	boot:00129180	func_00129180	matched	boot:00129040	ExtraInfo	matched	boot:0012CFA0		open						
5a7f773ca184f530	72	core	2	sceMpegGetPicture	boot:0012BB30	func_0012BB30	matched	boot:0012B9F0	sceMpegGetPicture	matched	boot:0012F950		open						
2b593c9a1466b5d8	72	core	2								boot:00123930		open	boot:00129E58		open			
af05b0c929a7861a	72	core	3								boot:00132A10		open	boot:0013C0B8		open	boot:00158780		open
244969cd032e6114	72	core	3								boot:00132BC0		open	boot:0013C2C0		open	boot:001589A8	func_001589A8	open
16e53e9974fa3e81	72	core	2											boot:00121718		open	boot:001294A8	func_001294A8	open
463d748f95eb6933	72	core	2											boot:00124ED8		open	boot:0012D9D8	func_0012D9D8	open
99d8047509d9af0d	72	core	2											boot:001258E8		open	boot:0012E460	func_0012E460	open
6ad48c074db2fcac	72	core	2											boot:0012EDD0		open	boot:0013B320	func_0013B320	open
93670c7ed74d3e96	72	core	2											boot:00135C10		open	boot:00142150		open
a4e5bbdc0dfde518	68	core	4	sceDeci2Open	boot:00119718	func_00119718	matched	boot:00119418	sceDeci2Open	matched	boot:0011B978		open	boot:0011FEE0		open	boot:00127C70	func_00127C70	open
4b380fa7d7bea7b5	68	core	2		boot:00120C58	func_00120C58	open	boot:00120958		open	boot:001248B0		open						
03df068574cb6f6c	68	core	2	mcDelayThread	boot:00123EE8	func_00123EE8	matched	boot:00123BE8	mcDelayThread	matched	boot:00127B40		open						
89f26d05df6a4193	68	core	2	SysbitMarker	boot:0012ABB0	func_0012ABB0	matched	boot:0012AA70	SysbitMarker	matched	boot:0012E9D0		open						
3f0db97f58da40e0	68	core	2	_decodeOrSkip	boot:0012C058	func_0012C058	matched	boot:0012BF18	_decodeOrSkip	matched	boot:0012FE78		open						
6ad1bcaf6d17c811	68	core	2		boot:0012F160	func_0012F160	open	boot:0012F020		open				boot:0013D038		open			
6b17912e300fc675	68	core	4		boot:0011FC60		open	boot:0011F960		open	boot:00122858		open	boot:00128CE8		open	boot:00130BE8		open
a3733c7fdee5e10b	68	core	2								boot:00123530		open	boot:00129A58		open			
81a6e793fc072d0d	68	core	3								boot:00133640		open	boot:0013CEB0		open	boot:00159528	func_00159528	open
ef57916bf7fe82c5	68	core	2											boot:00123118		open	boot:0012B020	func_0012B020	open
ecd7920aa3070c3e	68	core	2											boot:00124920		open	boot:0012D420		open
b4d89a7d0f6ffd44	68	core	2											boot:00135E40		open	boot:00142380	func_00142380	open
459b65d976116059	64	core	4	InitTLB	boot:0011D4A0	func_0011D4A0	matched	boot:0011D1A0	InitTLB	matched	boot:0011F130		open	boot:00124560		open	boot:0012D058	func_0012D058	open
26a2b72a186c3474	64	core	4	FindKernelAddress	boot:0011DA40	func_0011DA40	matched	boot:0011D740	FindKernelAddress	matched	boot:0011F6C0		open	boot:00124A28		open	boot:0012D528	func_0012D528	open
6761db1ebd64b8a0	64	core	4	ConvertFloatToPackedDouble	boot:00120778	func_00120778	matched	boot:00120478	ConvertFloatToPackedDouble	matched	boot:001234F0		open	boot:00129A18		open	boot:00131918	func_00131918	matched
34e0ba74269de7a6	64	core	2		boot:00125300	func_00125300	open	boot:001251C0		open	boot:00129120		open						
74cd00dbc1ead0a2	64	core	3		boot:001255F0	func_001255F0	open	boot:001254B0		open	boot:00129410		open				boot:0013C710	func_0013C710	open
80790e54b1acae85	64	core	4	IsT10K	boot:0012D340	func_0012D340	matched	boot:0012D200	IsT10K	matched	boot:001315E0		open	boot:0013A840		open	boot:00155580	func_00155580	open
334aa7ca08cd4843	64	core	2	vsync_callback	boot:0012F308	func_0012F308	matched	boot:0012F1C8	count_vsync	matched	boot:001339B0		open						
eb741ded8691487c	64	core	2		boot:0011DBA8		open	boot:0011D8A8		open	boot:0011F828		open						
c12e548dfa633fcf	64	core	3		boot:00125340		open	boot:00125200		open	boot:00129160		open	boot:0012FF28		open			
5d3f9cf86e9eed19	64	core	3								boot:00131628		open	boot:0013A8E8		open	boot:00155628		open
80ed3a9921106c4a	64	core	3								boot:00133710		open	boot:0013CF80		open	boot:001595F8		open
921859b429c37cc0	64	core	2											boot:001222A8		open	boot:0012A050	func_0012A050	open
7675e65488be3fc5	64	core	2											boot:001223B8		open	boot:0012A160	func_0012A160	open
42aa3c234d9b54ab	64	core	2											boot:00122520		open	boot:0012A428	func_0012A428	open
25d1d292d10597b5	64	core	2											boot:001249E8		open	boot:0012D4E8	func_0012D4E8	open
3589c71a4c733055	64	core	2											boot:0013A150		open	boot:00146690	func_00146690	open
15627be02b241272	60	core	4	QueuePeekWriteDone	boot:00119890	func_00119890	matched	boot:00119590	QueuePeekWriteDone	matched	boot:0011BAF0		open	boot:00120060		open	boot:00127DF0	func_00127DF0	open
ff44f2a05fdf84eb	60	core	3	QueuePeekReadDone	boot:001198D0	func_001198D0	matched	boot:001195D0	QueuePeekReadDone	matched				boot:001200A0		open	boot:00127E30	func_00127E30	open
72105d7d51f52f4b	60	core	4	sceSifSendCmd	boot:0011ABC8	func_0011ABC8	matched	boot:0011A8C8	sceSifSendCmd	matched	boot:0011CD20		open	boot:00121D70		open	boot:00129B18	func_00129B18	open
1b477088e11451cc	60	core	4	IsceSifSendCmd	boot:0011AC08	func_0011AC08	matched	boot:0011A908	IsceSifSendCmd	matched	boot:0011CD60		open	boot:00121DB0		open	boot:00129B58	func_00129B58	open
4e1abf6be828548f	60	core	2	scePad2Init	boot:00124B88	func_00124B88	matched	boot:00124A48	scePad2Init	matched	boot:001288C0		open						
0c65344519245aa5	60	core	4		boot:0012E648	func_0012E648	open	boot:0012E508		open	boot:00132C08		open	boot:0013C308		open	boot:001589F0	func_001589F0	open
634588f86295a326	60	core	2		boot:00115D14		open	boot:00115D14		open							boot:0011FD04		open
0dfa59ee93ab10df	60	core	2		boot:0011D960		open	boot:0011D660		open	boot:0011F5E0		open						
86a4b88f21444f29	60	core	3								boot:001329B0		open	boot:0013C028		open	boot:001586F0		open
b2bae5c0d87600d7	60	core	3								boot:00133788		open	boot:0013CFF8		open	boot:00159670	func_00159670	open
131550b37589c425	60	core	3								boot:00133850		open	boot:0013D080		open	boot:00159718		open
95ee8a47e0bf6d5a	60	core	2											boot:00135D00		open	boot:00142240	func_00142240	open
d80aa97253021772	56	core	3	ClassifyDoubleNaN	boot:001161B0	func_001161B0	matched	boot:001161B0	ClassifyDoubleNaN	matched	boot:001313C8		open				boot:00135358	func_00135358	matched
2b7ca6473db17a09	56	core	4	kputchar	boot:00119D88	func_00119D88	matched	boot:00119A88	kputchar	open	boot:0011BEE0		open	boot:00120580		open	boot:00128310	func_00128310	open
130aec7fde6742b5	56	core	2	kprintf	boot:0011A690	func_0011A690	matched	boot:0011A390	kprintf	matched	boot:0011C7E8		open						
37947232b0a2aff8	56	core	3		boot:0011D098	func_0011D098	open	boot:0011CD98		open	boot:0011ED28		open	boot:00124100		open			
3294f4ace62d2a1f	56	core	2	sceSifSyncIop	boot:0011D210	func_0011D210	matched	boot:0011CF10	sceSifSyncIop	matched	boot:0011EEA0		open						
417d769e1ff2b415	56	core	4	KernelCopyRdata	boot:0011D370	func_0011D370	matched	boot:0011D070	KernelCopyRdata	matched	boot:0011F000		open	boot:00124430		open	boot:0012CF28	func_0012CF28	open
3bdb8ef212924fd9	56	core	3								boot:0011EAC8		open	boot:00123EA0		open	boot:0012C648	func_0012C648	open
1d885dad165f19a5	56	core	3								boot:001330D0		open	boot:0013C8D0		open	boot:00158FC0	func_00158FC0	open
18148b77ff3c293b	56	core	3								boot:001338F0		open	boot:0013D120		open	boot:001597B8	func_001597B8	open
d2cfd044907e07c3	56	core	2											boot:00121634		open	boot:001293C4		open
4cc8dae9761399a5	56	core	2											boot:00125540		open	boot:0012E040	func_0012E040	open
9fa658d4f69972bc	52	core	4	SceDeci2ExRecv	boot:001197C0	func_001197C0	matched	boot:001194C0	SceDeci2ExRecv	matched	boot:0011BA20		open	boot:0011FF90		open	boot:00127D20	func_00127D20	open
827d561e4a8cbabf	52	core	4	SceDeci2ExSend	boot:001197F8	func_001197F8	matched	boot:001194F8	SceDeci2ExSend	matched	boot:0011BA58		open	boot:0011FFC8		open	boot:00127D58	func_00127D58	open
a32b5fbe12972a72	52	core	4	serialPutchar	boot:00119E70	func_00119E70	matched	boot:00119B70	serialPutchar	matched	boot:0011BFC8		open	boot:00120668		open	boot:001283F8	func_001283F8	open
12a278e826c6a6fe	52	core	4	sceSifExitCmd	boot:0011AA00	func_0011AA00	matched	boot:0011A700	sceSifExitCmd	matched	boot:0011CB58		open	boot:00121B38		open	boot:001298E0	func_001298E0	open
0795d766f091faf6	52	core	4	SceFsReset	boot:0011BF48	func_0011BF48	matched	boot:0011BC48	SceFsReset	matched	boot:0011E0A0		open	boot:001233F8		open	boot:0012B300	func_0012B300	open
4ab0bb9ebdcf6b38	52	core	4	ClearMemoryRange	boot:001232A8	func_001232A8	matched	boot:00122FA8	ClearMemoryRange	matched	boot:00126F00		open	boot:0012D618		open	boot:00139A80	func_00139A80	open
1d1b5a1dc65a8d9e	52	core	4	sceMcMkdir	boot:001239D8	func_001239D8	matched	boot:001236D8	sceMcMkdir	matched	boot:00127630		open	boot:0012DDC8		open	boot:0013A288	func_0013A288	open
4c17b6ba382616f6	52	core	2	_sysbitInit	boot:0012AA70	func_0012AA70	matched	boot:0012A930	_sysbitInit	matched	boot:0012E890		open						
1025c905b4db12ef	52	core	2		boot:0012BCF0	func_0012BCF0	open	boot:0012BBB0		open	boot:0012FB10		open						
b65cbd3a472567d6	52	core	2	ErrorWithMessage	boot:0012C430	func_0012C430	matched	boot:0012C2F0	ErrorWithMessage	matched	boot:00130250		open						
c3423d0c54602ae4	52	core	4		boot:0011B6B8		open	boot:0011B3B8		open	boot:0011D810		open	boot:00122A10		open	boot:0012A918		open
e486c4aa5c32ef9e	52	core	2		boot:0011DD64		open	boot:0011DA64		open	boot:0011F9E4		open						
54619de147673829	52	core	4		boot:0011FB68		open	boot:0011F868		open	boot:00122760		open	boot:00128BF0		open	boot:00130AF0		open
596d0770e7dd5da9	52	core	3								boot:00132888		open	boot:0013BF30		open	boot:001585F8	func_001585F8	open
cfb3e32e1cc74c72	52	core	2								boot:00132B88		open				boot:00158950		open
6fd65dcfe951712d	52	core	2								boot:00133688		open	boot:0013CEF8		open			
7ffdedfa80c5ab7f	52	core	3								boot:00133750		open	boot:0013CFC0		open	boot:00159638	func_00159638	open
b7540e866fe69c5a	52	core	2								boot:001339F0		open	boot:0013D258		open			
ba1dbebdf77e1a7d	52	core	2											boot:00121BE8		open	boot:00129990		open
eb69363cabe7504d	52	core	2											boot:00132A98		open	boot:0013EFD8	func_0013EFD8	open
751c33b29dc774c2	48	core	2	rand	boot:001160D8	func_001160D8	matched	boot:001160D8	RandomNext	matched	boot:001163B0		open						
e01b73e7850e8aa0	48	core	4	CallDebugCharacter	boot:00119768	func_00119768	matched	boot:00119468	CallDebugCharacter	matched	boot:0011B9C8		open	boot:0011FF30		open	boot:00127CC0	func_00127CC0	open
7e78ca9317d30583	48	core	4	GetRpcPacket	boot:0011B0B0	func_0011B0B0	matched	boot:0011ADB0	GetRpcPacket	matched	boot:0011D208		open	boot:00122278		open	boot:0012A020	func_0012A020	open
0c0e0b697171cf1f	48	core	3		boot:0011DD68	func_0011DD68	matched							boot:00124D78		open	boot:0012D878	func_0012D878	open
f1cb9ac3317235cd	48	core	4	AddClockHour	boot:0012D730	func_0012D730	matched	boot:0012D5F0	AddClockHour	matched	boot:001319B0		open	boot:0013AC70		open	boot:001559B0	func_001559B0	open
89a9b610fe6df421	48	core	4		boot:0011B1F8		open	boot:0011AEF8		open	boot:0011D350		open	boot:001224D0		open	boot:0012A3D8		open
e5eeafc1ee8fafb3	48	core	4		boot:0011DDA0		open	boot:0011DAA0		open	boot:0011FA20		open	boot:00124F20		open	boot:0012DA20		open
00d3388b21e26078	48	core	4		boot:001206B0		open	boot:001203B0		open	boot:00123400		open	boot:00129890		open	boot:00131790		open
2be650d8a9a7e66a	48	core	3								boot:00132858		open	boot:0013BF00		open	boot:00158598	func_00158598	open
b7e4573b697e4997	48	core	3								boot:00132938		open	boot:0013BFE0		open	boot:001586A8	func_001586A8	open
7072dba830cf66a0	48	core	3								boot:00132A70		open	boot:0013C118		open	boot:001587E0		open
e40198ec2251f2c4	48	core	3								boot:00132AF8		open	boot:0013C1A0		open	boot:00158868	func_00158868	open
852d01b8b6fa4377	48	core	3								boot:00132B28		open	boot:0013C1D0		open	boot:00158898	func_00158898	open
06ccd004807071d2	48	core	3								boot:00132B58		open	boot:0013C200		open	boot:00158920	func_00158920	open
0ab7dfdf585c635c	48	core	3								boot:001333D0		open	boot:0013CC10		open	boot:001592D8		open
6139fac451dd84d8	48	core	3								boot:00133400		open	boot:0013CC40		open	boot:00159308	func_00159308	open
f6a44d816c27e029	48	core	3								boot:00133430		open	boot:0013CCA0		open	boot:00159368	func_00159368	open
155e57c91a031d3d	48	core	3								boot:00133460		open	boot:0013CCD0		open	boot:00159398	func_00159398	open
9ea6d0238c72a3e2	48	core	3								boot:001336D0		open	boot:0013CF40		open	boot:001595B8	func_001595B8	open
c10a0dccdd2243b3	48	core	2											boot:00137370		open	boot:001438B0		open
f57a45a4cfda2f1e	48	core	2											boot:0013C068		open	boot:00158730	func_00158730	open
8ccec3ac47b11dd9	48	core	2											boot:0013CC70		open	boot:00159338	func_00159338	open
7ee5a942f46e6f9b	44	core	2	InsertLinkObject	boot:00115578	func_00115578	matched	boot:00115578	InsertLinkObject	matched				boot:0011A4A0		open			
588bf835899ae4b8	44	core	2	sceSifAddCmdHandler	boot:0011AA38	func_0011AA38	matched	boot:0011A738	sceSifAddCmdHandler	matched	boot:0011CB90		open						
cac9d6b0d2b780a7	44	core	4	_sceFsWaitS	boot:0011BC40	func_0011BC40	matched	boot:0011B940	_sceFsWaitS	matched	boot:0011DD98		open	boot:001230D8		open	boot:0012AFE0	func_0012AFE0	open
9cdf19fc790eed6d	44	core	2		boot:0011BC80	func_0011BC80	open	boot:0011B980		open	boot:0011DDD8		open						
9990180e7381534b	44	core	4	MakeDoublePacket	boot:00120670	func_00120670	matched	boot:00120370	MakeDoublePacket	matched	boot:00123268		open	boot:001296F8		open	boot:001315F8	func_001315F8	matched
a0e649929647681f	44	core	2	SendIpuCommand	boot:00128560	func_00128560	matched	boot:00128420	SendIpuCommand	matched	boot:0012C380		open						
a407c4c106fd5221	44	core	2	GetSysbitPointer	boot:0012AC50	func_0012AC50	matched	boot:0012AB10	GetSysbitPointer	matched	boot:0012EA70		open						
fd56f4054b3c6869	44	core	4	TimeToBcd	boot:0012D4B0	func_0012D4B0	matched	boot:0012D370	TimeToBcd	matched	boot:00131730		open	boot:0013A9F0		open	boot:00155730	func_00155730	open
0ebfd404b7f800d9	44	core	4		boot:001203DC		open	boot:001200DC		open	boot:00122FD4		open	boot:00129464		open	boot:00131364		open
5fa41200110647ff	44	core	2								boot:00120390		open	boot:00126818		open			
f574093c29abd3d4	44	core	3								boot:00123490		open	boot:00129920		open	boot:00131820		open
9ddb04cffdc51969	44	core	3								boot:001234C0		open	boot:001299E8		open	boot:001318E8	func_001318E8	matched
d83c5c62c0dd53ef	44	core	3								boot:00132828		open	boot:0013BED0		open	boot:00158568		open
1ec0307763566ccf	44	core	3								boot:00132AC8		open	boot:0013C170		open	boot:00158838		open
15a939380c1067c6	44	core	2								boot:00133310		open	boot:0013CAE8		open			
ba875d9a4e4b7bc7	44	core	3								boot:00133930		open	boot:0013D180		open	boot:00159818	func_00159818	open
e73cab4b4df7e627	44	core	2											boot:00125A40		open	boot:0012E6A0	func_0012E6A0	open
2fc036e21c52aa6e	40	core	3	CheckStateRange	boot:00112380	func_00112380	matched	boot:00112380	CheckStateRange	matched				boot:00117070		open	boot:0011EB90	func_0011EB90	open
17921751767efd11	40	core	2	sceSifRemoveCmdHandler	boot:0011AA68	func_0011AA68	matched	boot:0011A768	sceSifRemoveCmdHandler	matched	boot:0011CBC0		open						
1e8792ca3bdeb56d	40	core	4	CheckAddress	boot:00123280	func_00123280	matched	boot:00122F80	CheckAddress	matched	boot:00126ED8		open	boot:0012D5F0		open	boot:00139A58	func_00139A58	matched
4653962c2d2bc435	40	core	4	debug_print_stub	boot:00124B60	func_00124B60	matched	boot:00124A20	debug_print_stub	matched	boot:00128898		open	boot:0012E9B0		open	boot:0013AE70	func_0013AE70	open
dede2bb906c97e5a	40	core	2	SetIpuMpeg1	boot:00127378	func_00127378	matched	boot:00127238	SetIpuMpeg1	matched	boot:0012B198		open						
0463a4094a77db2d	40	core	2		boot:00129C78	func_00129C78	matched	boot:00129B38	FUN_00129b38	matched	boot:0012DA98	FUN_0012DA98	matched						
ae0cfaf21ff5b6f7	40	core	4		boot:0011FBB8		open	boot:0011F8B8		open	boot:001227B0		open	boot:00128C40		open	boot:00130B40		open
2bd73e3af91610e1	40	core	4		boot:0011FC38		open	boot:0011F938		open	boot:00122830		open	boot:00128CC0		open	boot:00130BC0		open
8b56de5e4411681a	40	core	4		boot:00120318		open	boot:00120018		open	boot:00122F10		open	boot:001293A0		open	boot:001312A0		open
df462e1173db18ae	40	core	4		boot:001203B4		open	boot:001200B4		open	boot:00122FAC		open	boot:0012943C		open	boot:0013133C		open
457148f4314ad869	40	core	2		boot:0012A718		open	boot:0012A5D8		open	boot:0012E538		open						
3a1dd97bd03e1157	40	core	2								boot:00120448		open	boot:001268D0		open			
44cc566b1c3af87e	40	core	2								boot:00120470		open	boot:001268F8		open			
1a301868b8c46130	40	core	2								boot:00120500		open	boot:00126988		open			
c205583003ac8efd	40	core	2								boot:00133490		open	boot:0013CD00		open			
f5a9bf4a1d0db656	40	core	2											boot:0011FEB8		open	boot:00127C48	func_00127C48	open
89acbd238b594305	40	core	2											boot:00121678		open	boot:00129408	func_00129408	open
90858e26e668b489	40	core	2											boot:00124290		open	boot:0012CD88	func_0012CD88	open
962b2bfbb1cb7206	36	core	3	GetStateResourceWrapper	boot:001144F0	func_001144F0	matched	boot:001144F0	GetStateResourceWrapper	matched				level:39:00687008		open	boot:0011A1C8	func_0011A1C8	open
1d0d558ded4d1a7a	36	core	4	SceDeci2Poll	boot:00119798	func_00119798	matched	boot:00119498	SceDeci2Poll	matched	boot:0011B9F8		open	boot:0011FF60		open	boot:00127CF0	func_00127CF0	open
cd6fc4ceb3d296fd	36	core	4	Kputs	boot:00119840	func_00119840	matched	boot:00119540	Kputs	matched	boot:0011BAA0		open	boot:00120010		open	boot:00127DA0	func_00127DA0	open
736dc104b31cf53d	36	core	4	InitBlockFn	boot:00119868	func_00119868	matched	boot:00119568	InitBlockFn	matched	boot:0011BAC8		open	boot:00120038		open	boot:00127DC8	func_00127DC8	open
ed6463e651f65ed7	36	core	4	ResetRpcCommandState	boot:0011AFC0	func_0011AFC0	matched	boot:0011ACC0	ResetRpcCommandState	matched	boot:0011D118		open	boot:00122188		open	boot:00129F30	func_00129F30	open
ad849324198c2b60	36	core	2		boot:00123EC0	func_001208E8	open	boot:00123BC0		open	boot:00124540		open						
dcca04d840821fc0	36	core	2	AddMpegCallback	boot:0012BC50	func_0012BC50	matched	boot:0012BB10	AddMpegCallback	matched	boot:0012FA70		open						
bacf8caa61d30456	36	core	2	DispatchMpegCallbackNoData	boot:0012BCC8	func_0012BCC8	matched	boot:0012BB88	DispatchMpegCallbackNoData	matched	boot:0012FAE8		open						
c799cd170ec9a97e	36	core	4	Subhour	boot:0012D760	func_0012D760	matched	boot:0012D620	Subhour	matched	boot:001319E0		open	boot:0013ACA0		open	boot:001559E0	func_001559E0	open
2f78fbab80712098	36	core	2	snd_GetDopplerPitchMod	boot:0012F2E0	func_0012F2E0	matched	boot:0012F1A0	ComputeSectorIndex	matched	boot:00133988		open						
aaf8a9b49e2e88e5	36	core	4		boot:00119EA8		open	boot:00119BA8		open	boot:0011C000		open	boot:001206A0		open	boot:00128430		open
c26fed7e31918bd1	36	core	4		boot:0011FBE0		open	boot:0011F8E0		open	boot:001227D8		open	boot:00128C68		open	boot:00130B68		open
e0c2502c548deca7	36	core	4		boot:00120408		open	boot:00120108		open	boot:00123000		open	boot:00129490		open	boot:00131390		open
e7071523f021aba0	36	core	2								boot:00120368		open	boot:001267F0		open			
4f3164b0f2df6fcf	36	core	3								boot:00120420		open	boot:001268A8		open	level:00:004FACD8	func_L00_004FACD8	open
00bef6e83b05e731	36	core	2								boot:00131400		open				boot:00135390	func_00135390	matched
b8f5083df14fa92b	36	core	3								boot:00132AA0		open	boot:0013C148		open	boot:00158810		open
2d8526525d1cb0ac	36	core	2								boot:001337C8		open				boot:001596B0	func_001596B0	open
94dd218803b194cc	36	core	2								boot:001337F0		open				boot:001596D8	func_001596D8	open
4a70f867bab80a37	36	core	3								boot:00133890		open	boot:0013D0C0		open	boot:00159758	func_00159758	open
5fbb6633d0cc8913	36	core	3								boot:001338C8		open	boot:0013D0F8		open	boot:00159790		open
e1acfaf0ce165be5	36	core	3								boot:00133960		open	boot:0013D1B0		open	boot:00159848	func_00159848	open
704afddb5ba864ec	36	core	2											boot:00135EE0		open	boot:00142420	func_00142420	open
bf1f90d4a7b06ee0	36	core	2											boot:00136080		open	boot:001425C0	func_001425C0	open
e64e49d59d183b91	36	core	2											boot:0013D158		open	boot:001597F0	func_001597F0	open
8b6fe9aff1f135c3	32	core	2	Func00116408	boot:00116408	func_00116408	matched	boot:00116408	Func00116408	matched							boot:0011DB90	func_0011DB90	matched
c3876796ef149314	32	core	4	__main	boot:0011DFC8	func_0011DFC8	matched	boot:0011DCC8	UpdateRfuDispatchState	matched	boot:0011FC48		open	boot:001260D0		open	boot:0012EEE0	func_0012EEE0	matched
c58dd4785ec4210b	32	core	2	InitializeReferenceImage	boot:0012C4C0	func_0012C4C0	matched	boot:0012C380	InitializeReferenceImage	matched	boot:001302E0		open						
5d679b42c674c5b3	32	core	4	BcdToTime	boot:0012D4E0	func_0012D4E0	matched	boot:0012D3A0	BcdToTime	matched	boot:00131760		open	boot:0013AA20		open	boot:00155760	func_00155760	open
eb0c9c1197664a4e	32	core	2		boot:00115748		open	boot:00115748		open							boot:0011F780		open
5d8e280983babbcd	32	core	4		boot:00120340		open	boot:00120040		open	boot:00122F38		open	boot:001293C8		open	boot:001312C8		open
15c9353f313a7863	32	core	4		boot:001206E0		open	boot:001203E0		open	boot:00123430		open	boot:001298C0		open	boot:001317C0		open
68c11f22136c7902	32	core	4		boot:00120700		open	boot:00120400		open	boot:00123450		open	boot:001298E0		open	boot:001317E0		open
31c8f00ecc366b49	32	core	4		boot:00120720		open	boot:00120420		open	boot:00123470		open	boot:00129900		open	boot:00131800		open
b11d9aa80883f3d8	32	core	4		boot:001232E0		open	boot:00122FE0		open	boot:00126F38		open	boot:0012D650		open	boot:00139AB8		open
389b3957f4447e65	32	core	2								boot:00133230		open				level:00:005DB6C8	func_L00_005DB6C8	open
24d1eae6b109a3b8	32	core	2											boot:00125878		open	boot:0012E3F0		open
ad72fa0716f3d318	32	core	2											boot:0013C2A0		open	boot:00158988		open
8c030130a877fd6e	28	core	4		boot:0011A728	func_0011A728	matched	boot:0011A428	FUN_0011a428	matched	boot:0011C880	FUN_0011C880	matched	boot:00121860		open	boot:001295F0	func_001295F0	open
9eb531b872c12cca	28	core	4	Func0011AD90	boot:0011B090	func_0011B090	matched	boot:0011AD90	Func0011AD90	matched	boot:0011D1E8		open	boot:00122258		open	boot:0012A000	func_0012A000	open
7ba17f652620d1a8	28	core	4	InvokeStateInitializer	boot:0011CCB0	func_0011CCB0	matched	boot:0011C9B0	InvokeStateInitializer	matched	boot:0027BA48	LVL_24_SHIP_SHACK_FUN_002E48B0	matched	boot:00381C40	func_0037DCB0	matched	boot:0011D6F0	func_0011D6F0	matched
17046b8835f55db4	28	core	4	InvokeIopStatus	boot:0011D078	func_0011D078	matched	boot:0011CD78	InvokeIopStatus	matched	boot:0011ED08		open	boot:001240E0		open	boot:0012CBC0	func_0012CBC0	open
d106d0e5877df3dc	28	core	4		boot:00123630	func_00123630	open	boot:00123330		open	boot:00127288		open	boot:0012D9A0		open	boot:00139E08	func_00139E08	open
a34c218f4d24516d	28	core	4	InitializeMemoryCardDirectory	boot:001275A0	func_001275A0	matched	boot:00127460	InitializeMemoryCardDirectory	matched	boot:0012B3C0		open	level:07:003AF720		open	boot:01EEBC54	func_01EEBC54	open
e508050391be2014	28	core	2	SignExtendPackedValue	boot:0012AAA8	func_0012AAA8	matched	boot:0012A968	SignExtendPackedValue	open	boot:0012E8C8		open						
f7d084cc997607b9	28	core	2		boot:00115CE8		open	boot:00115CE8		open							boot:0011FCD8		open
70470dbb18e91bff	28	core	2		boot:00116CBC		open	boot:001169C4		open				boot:0011BD14		open			
15f7a99b92d63fe0	28	core	4		boot:0011B228		open	boot:0011AF28		open	boot:0011D380		open	boot:00122500		open	boot:0012A408		open
320421f9b27e6f33	28	core	4		boot:0011FC08		open	boot:0011F908		open	boot:00122800		open	boot:00128C90		open	boot:00130B90		open
dfe2bae788b63b38	28	core	4		boot:00120370		open	boot:00120070		open	boot:00122F68		open	boot:001293F8		open	boot:001312F8		open
6bada2bb849d017f	28	core	2		boot:0012BB78		open	boot:0012BA38		open	boot:0012F998		open						
e31cf0885b9b5144	28	core	3								boot:001329F0		open	boot:0013C098		open	boot:00158760		open
041bda1122f973f9	28	core	2											boot:001347D0		open	boot:00140D10		open
f17faf3a61115735	24	core	4	LookupIndex	boot:0011A758	func_0011A758	matched	boot:0011A458	LookupIndex	matched	boot:0011C8B0		open	boot:00121890		open	boot:00129620	func_00129620	open
34ff265caf27067a	24	core	4		boot:0011D9A8	func_0011D9A8	open	boot:0011D6A8		open	boot:0011F628		open	boot:00124970		open	boot:0012D470	func_0012D470	open
3aaa448b6e5ac165	24	core	2		boot:00115768		open	boot:00115768		open							boot:0011F7A0		open
f170cfa202ecf9b0	24	core	4		boot:0011FBA0		open	boot:0011F8A0		open	boot:00122798		open	boot:00128C28		open	boot:00130B28		open
f49e4e78590ee300	24	core	4		boot:0012038C		open	boot:0012008C		open	boot:00122F84		open	boot:00129414		open	boot:00131314		open
cacacc74ee0c40e7	24	core	2								boot:001163E0		open				boot:00122160		open
bb93a85afe90b4ec	24	core	2											boot:00121C1C		open	boot:001299C4		open
fda567efdbaf7dbe	20	core	3	InitializeObject	boot:001191C8	func_001191C8	matched	boot:00118EC8	InitializeObject	matched				boot:0011F5A8		open	boot:00127348	func_00127348	open
9704913f957ab637	20	core	4		boot:0011B6F8	func_0011B6F8	open	boot:0011B3F8		open	boot:0011D850		open	boot:00122A50		open	boot:0012A958	func_0012A958	open
bd580aa885ab9855	20	core	4	InitializeStateRecord	boot:0012BD28	func_0012BD28	matched	boot:0012BBE8	InitializeStateRecord	matched	boot:0012FB48		open	boot:00135FD8		open	boot:00142518	func_00142518	open
00a2f083b4210410	20	core	4		boot:0012E490	func_0012E490	open	boot:0012E350		open	boot:00132A58		open	boot:0013C100	func_00393DB0	open	boot:001587C8		open
2f73b7e4d36fed2a	20	core	4		boot:00115234		open	boot:00115234		open	boot:001153C0		open	boot:0011A09C		open	boot:0011A35C		open
fc828e0cb49810bc	20	core	4		boot:0011FC24		open	boot:0011F924		open	boot:0012281C		open	boot:00128CAC		open	boot:00130BAC		open
25836911621b4c67	20	core	4		boot:00123440		open	boot:00123140		open	boot:00127098		open	boot:0012D7B0		open	boot:00139C18		open
1fbf2a19cc445f2b	20	core	4		boot:00123454		open	boot:00123154		open	boot:001270AC		open	boot:0012D7C4		open	boot:00139C2C		open
7753a5ff29b7bd0f	20	core	4		boot:00123468		open	boot:00123168		open	boot:001270C0		open	boot:0012D7D8		open	boot:00139C40		open
c7c54284ccaf8d7e	20	core	2											boot:00121620		open	boot:001293B0		open
c94d088c8dab6f77	20	core	2											boot:0012DC88		open	boot:0013A148		open
d99a6aa37a930079	20	core	2											boot:0012FCD0		open	boot:0013C268	func_0013C268	open
435f71dbfa5255fc	16	core	2	srand	boot:001160C8	func_001160C8	matched	boot:001160C8	SetGlobalStateSlot	matched	boot:001163A0		open						
1d1ceff620343758	16	core	4		boot:00118A50	func_00118A50	open	boot:00118750		open	boot:0011A820		open	boot:0011EA20		open	boot:001267A0	func_001267A0	open
17b6e13653295d8b	16	core	4		boot:00118A60	func_00118A60	open	boot:00118760		open	boot:0011A840		open	boot:0011EA40		open	boot:001267C0	func_001267C0	open
52af5d8550db725b	16	core	4		boot:00118A70	func_00118A70	open	boot:00118770		open	boot:0011A880		open	boot:0011EA80		open	boot:00126800	func_00126800	open
0412814e7aecc515	16	core	4		boot:00118A80	func_00118A80	open	boot:00118780		open	boot:0011A8C0		open	boot:0011EAC0		open	boot:00126840	func_00126840	open
914e8efdeb4b41aa	16	core	4		boot:00118A90	func_00118A90	open	boot:00118790		open	boot:0011A900		open	boot:0011EB00		open	boot:00126880	func_00126880	open
4f18dfe2e91ed1b0	16	core	4		boot:00118AA0	func_00118AA0	open	boot:001187A0		open	boot:0011A920		open	boot:0011EB20		open	boot:001268A0	func_001268A0	open
1a049ca9bad6469f	16	core	4		boot:00118AB0	func_00118AB0	open	boot:001187B0		open	boot:0011A930		open	boot:0011EB30		open	boot:001268B0	func_001268B0	open
0ed702870d8ef66a	16	core	4		boot:00118AD0	func_00118AD0	open	boot:001187D0		open	boot:0011A950		open	boot:0011EB50		open	boot:001268D0	func_001268D0	open
6d0b252955b9fb38	16	core	4		boot:00118AE0	func_00118AE0	open	boot:001187E0		open	boot:0011A960		open	boot:0011EB60		open	boot:001268E0	func_001268E0	open
43350e00d660bb23	16	core	4		boot:00118AF0	func_00118AF0	open	boot:001187F0		open	boot:0011A970		open	boot:0011EB70		open	boot:001268F0	func_001268F0	open
bf25f1f4264ff779	16	core	4		boot:00118B00	func_00118B00	open	boot:00118800		open	boot:0011A980		open	boot:0011EB80		open	boot:00126900	func_00126900	open
fb27937e997ae216	16	core	4		boot:00118B10	func_00118B10	open	boot:00118810		open	boot:0011A990		open	boot:0011EB90		open	boot:00126910	func_00126910	open
2277bed413f5f330	16	core	4		boot:00118B20	func_00118B20	open	boot:00118820		open	boot:0011A9A0		open	boot:0011EBA0		open	boot:00126920	func_00126920	open
8177b86f9732f4d9	16	core	4		boot:00118B30	func_00118B30	open	boot:00118830		open	boot:0011A9C0		open	boot:0011EBC0		open	boot:00126940	func_00126940	open
fa7486ab70b5ed86	16	core	4		boot:00118B40	func_00118B40	open	boot:00118840		open	boot:0011AA00		open	boot:0011EC00		open	boot:00126980	func_00126980	open
bb299d03579c23c1	16	core	4		boot:00118B50	func_00118B50	open	boot:00118850		open	boot:0011AA20		open	boot:0011EC20		open	boot:001269A0	func_001269A0	open
db9af1a1503cddf6	16	core	4		boot:00118B60	func_00118B60	open	boot:00118860		open	boot:0011AA30		open	boot:0011EC30		open	boot:001269B0	func_001269B0	open
886fbaf338819d35	16	core	4		boot:00118B70	func_00118B70	open	boot:00118870		open	boot:0011AA40		open	boot:0011EC40		open	boot:001269C0	func_001269C0	open
c59aea066a1f3566	16	core	4		boot:00118B80	func_00118B80	open	boot:00118880		open	boot:0011AA70		open	boot:0011EC70		open	boot:001269F0	func_001269F0	open
1b61eacc75638072	16	core	4		boot:00118B90	func_00118B90	open	boot:00118890		open	boot:0011AA80		open	boot:0011EC80		open	boot:00126A00	func_00126A00	open
19e117a48d758909	16	core	4		boot:00118BA0	func_00118BA0	open	boot:001188A0		open	boot:0011AAB0		open	boot:0011ECB0		open	boot:00126A30	func_00126A30	open
7119e0a15e3b2107	16	core	4		boot:00118BB0	func_00118BB0	open	boot:001188B0		open	boot:0011AAC0		open	boot:0011ECC0		open	boot:00126A40	func_00126A40	open
70fb6be3724ab379	16	core	4		boot:00118BC0	func_00118BC0	open	boot:001188C0		open	boot:0011AAD0		open	boot:0011ECD0		open	boot:00126A50	func_00126A50	open
7ad5ff4c7774bef3	16	core	4		boot:00118BD0	func_00118BD0	open	boot:001188D0		open	boot:0011AB00		open	boot:0011ED00		open	boot:00126A80	func_00126A80	open
45e84a724bc38469	16	core	4		boot:00118BE0	func_00118BE0	open	boot:001188E0		open	boot:0011AB10		open	boot:0011ED10		open	boot:00126A90	func_00126A90	open
487cc04e85523f73	16	core	4		boot:00118BF0	func_00118BF0	open	boot:001188F0		open	boot:0011AB20		open	boot:0011ED20		open	boot:00126AA0	func_00126AA0	open
ef9f78eb8a32c979	16	core	4		boot:00118C00	func_00118C00	open	boot:00118900		open	boot:0011AB40		open	boot:0011ED40		open	boot:00126AC0	func_00126AC0	open
540499fe1ab24ed8	16	core	4		boot:00118C10	func_00118C10	open	boot:00118910		open	boot:0011AB50		open	boot:0011ED50		open	boot:00126AD0	func_00126AD0	open
6a09050930c4eb05	16	core	4		boot:00118C20	func_00118C20	open	boot:00118920		open	boot:0011AB60		open	boot:0011ED60		open	boot:00126AE0	func_00126AE0	open
1720e58549d7b834	16	core	4		boot:00118C30	func_00118C30	open	boot:00118930		open	boot:0011AB80		open	boot:0011ED80		open	boot:00126B00	func_00126B00	open
3f87417570ddb761	16	core	4		boot:00118C40	func_00118C40	open	boot:00118940		open	boot:0011AB90		open	boot:0011ED90		open	boot:00126B10	func_00126B10	open
bb52d5f14c5a35d8	16	core	4		boot:00118C50	func_00118C50	open	boot:00118950		open	boot:0011ABC0		open	boot:0011EDC0		open	boot:00126B40	func_00126B40	open
7a68aeef30ecd2ab	16	core	4		boot:00118C60	func_00118C60	open	boot:00118960		open	boot:0011AC00		open	boot:0011EE00		open	boot:00126B80	func_00126B80	open
48357e72e679c033	16	core	4		boot:00118C70	func_00118C70	open	boot:00118970		open	boot:0011AC20		open	boot:0011EE20		open	boot:00126BA0	func_00126BA0	open
769a536f8c237bd0	16	core	4		boot:00118C80	func_00118C80	open	boot:00118980		open	boot:0011AC30		open	boot:0011EE30		open	boot:00126BB0	func_00126BB0	open
bb7f6abf22292648	16	core	4		boot:00118C90	func_00118C90	open	boot:00118990		open	boot:0011AC40		open	boot:0011EE40		open	boot:00126BC0	func_00126BC0	open
fbb3324a098183af	16	core	4		boot:00118CA0	func_00118CA0	open	boot:001189A0		open	boot:0011AC50		open	boot:0011EE50		open	boot:00126BD0	func_00126BD0	open
73cc763b848b1570	16	core	4		boot:00118CB0	func_00118CB0	open	boot:001189B0		open	boot:0011AC60		open	boot:0011EE60		open	boot:00126BE0	func_00126BE0	open
4c4183e6f4d0e395	16	core	4		boot:00118CC0	func_00118CC0	open	boot:001189C0		open	boot:0011AC70		open	boot:0011EE70		open	boot:00126BF0	func_00126BF0	open
846875a9eff0c53d	16	core	4		boot:00118CD0	func_00118CD0	open	boot:001189D0		open	boot:0011AC80		open	boot:0011EE80		open	boot:00126C00	func_00126C00	open
804674927e34b5f4	16	core	4		boot:00118CE0	func_00118CE0	open	boot:001189E0		open	boot:0011ACC0		open	boot:0011EEC0		open	boot:00126C40	func_00126C40	open
55cf95abfb342cb7	16	core	4		boot:00118CF0	func_00118CF0	open	boot:001189F0		open	boot:0011ACD0		open	boot:0011EED0		open	boot:00126C50	func_00126C50	open
aed381c5938956ab	16	core	4		boot:00118D00	func_00118D00	open	boot:00118A00		open	boot:0011AD00		open	boot:0011EF00		open	boot:00126C80	func_00126C80	open
98cb8d6febb9b61e	16	core	4		boot:00118D10	func_00118D10	open	boot:00118A10		open	boot:0011AD40		open	boot:0011EF40		open	boot:00126CC0	func_00126CC0	open
0a0ea9b88a4f674e	16	core	4		boot:00118D20	func_00118D20	open	boot:00118A20		open	boot:0011AD80		open	boot:0011EF80		open	boot:00126D00	func_00126D00	open
e4d76b3480e05375	16	core	4		boot:00118D30	func_00118D30	open	boot:00118A30		open	boot:0011ADC0		open	boot:0011EFC0		open	boot:00126D40	func_00126D40	open
e6cecb7cd38d235b	16	core	4		boot:00118D40	func_00118D40	open	boot:00118A40		open	boot:0011AE00		open	boot:0011F000		open	boot:00126D80	func_00126D80	open
c711556f9f9f329a	16	core	4		boot:00118D50	func_00118D50	open	boot:00118A50		open	boot:0011AE40		open	boot:0011F040		open	boot:00126DC0	func_00126DC0	open
cfe6fb0c237d8338	16	core	4		boot:00118D60	func_00118D60	open	boot:00118A60		open	boot:0011AE70		open	boot:0011F070		open	boot:00126DF0	func_00126DF0	open
01471180c640fc0b	16	core	4		boot:00118D70	func_00118D70	open	boot:00118A70		open	boot:0011AE80		open	boot:0011F080		open	boot:00126E00	func_00126E00	open
7f943eb7f8adc426	16	core	4		boot:00118D80	func_00118D80	open	boot:00118A80		open	boot:0011AEA0		open	boot:0011F0A0		open	boot:00126E20	func_00126E20	open
99476ee90c390a0f	16	core	4		boot:00118D90	func_00118D90	open	boot:00118A90		open	boot:0011AEC0		open	boot:0011F0C0		open	boot:00126E40	func_00126E40	open
bac2f76981ec403d	16	core	4		boot:00118DA0	func_00118DA0	open	boot:00118AA0		open	boot:0011AEF0		open	boot:0011F0F0		open	boot:00126E70	func_00126E70	open
2a331f82f811892e	16	core	4		boot:00118DB0	func_00118DB0	open	boot:00118AB0		open	boot:0011AF00		open	boot:0011F100		open	boot:00126E80	func_00126E80	open
92f844e2c9788afe	16	core	4		boot:00118DC0	func_00118DC0	open	boot:00118AC0		open	boot:0011AF30		open	boot:0011F130		open	boot:00126EB0	func_00126EB0	open
231a00cf7a6916fb	16	core	4		boot:00118DD0	func_00118DD0	open	boot:00118AD0		open	boot:0011AF40		open	boot:0011F140		open	boot:00126EC0	func_00126EC0	open
bbec6d9e6e7414f2	16	core	4		boot:00118DE0	func_00118DE0	open	boot:00118AE0		open	boot:0011AF60		open	boot:0011F160		open	boot:00126EE0	func_00126EE0	open
92b0832fde0d3903	16	core	4		boot:00118DF0	func_00118DF0	open	boot:00118AF0		open	boot:0011AF80		open	boot:0011F180		open	boot:00126F00	func_00126F00	open
7cb870894c7e0a8c	16	core	4		boot:00118E00	func_00118E00	open	boot:00118B00		open	boot:0011AF90		open	boot:0011F190		open	boot:00126F10	func_00126F10	open
a78cff49f315c217	16	core	4		boot:00118E10	func_00118E10	open	boot:00118B10		open	boot:0011AFC0		open	boot:0011F1C0		open	boot:00126F40	func_00126F40	open
81abac46dc0a8eeb	16	core	4		boot:00118E20	func_00118E20	open	boot:00118B20		open	boot:0011AFE0		open	boot:0011F1E0		open	boot:00126F60	func_00126F60	open
a95aa0464100c659	16	core	4		boot:00118E30	func_00118E30	open	boot:00118B30		open	boot:0011AFF0		open	boot:0011F1F0		open	boot:00126F70	func_00126F70	open
fafd872e23f79150	16	core	4		boot:00118E40	func_00118E40	open	boot:00118B40		open	boot:0011B000		open	boot:0011F200		open	boot:00126F80	func_00126F80	open
6718e7a60aa3311a	16	core	4		boot:00118E50	func_00118E50	open	boot:00118B50		open	boot:0011B010		open	boot:0011F210		open	boot:00126F90	func_00126F90	open
6aa201e6dec9bfc9	16	core	4		boot:00118E60	func_00118E60	open	boot:00118B60		open	boot:0011B020		open	boot:0011F220		open	boot:00126FA0	func_00126FA0	open
4495359d6c5617ad	16	core	4		boot:00118E70	func_00118E70	open	boot:00118B70		open	boot:0011B030		open	boot:0011F230		open	boot:00126FB0	func_00126FB0	open
26000fe90a78d5c8	16	core	4		boot:00118E80	func_00118E80	open	boot:00118B80		open	boot:0011B040		open	boot:0011F240		open	boot:00126FC0	func_00126FC0	open
0fc5eaece400e395	16	core	4		boot:00118E90	func_00118E90	open	boot:00118B90		open	boot:0011B050		open	boot:0011F250		open	boot:00126FD0	func_00126FD0	open
ddbe375afaf71ad4	16	core	4		boot:00118EA0	func_00118EA0	open	boot:00118BA0		open	boot:0011B080		open	boot:0011F280		open	boot:00127000	func_00127000	open
d08b03f80862be18	16	core	4		boot:00118EB0	func_00118EB0	open	boot:00118BB0		open	boot:0011B090		open	boot:0011F290		open	boot:00127010	func_00127010	open
b01e5c8c7830a6da	16	core	3		boot:0011CCD0	func_0011CCD0	open	boot:0011C9D0		open				boot:00123D00		open	boot:0012C4A8	func_0012C4A8	open
565c747b30d84935	16	core	4		boot:0011D360	func_0011D360	open	boot:0011D060		open	boot:0011EFF0		open	boot:00124420		open	boot:0012CF18	func_0012CF18	open
d744d459fd69b0aa	16	core	4		boot:0011D3A8	func_0011D3A8	open	boot:0011D0A8		open	boot:0011ADD0		open	boot:0011EFD0		open	boot:00126D50	func_00126D50	open
2a666d86b234ef62	16	core	4		boot:0011D3B8	func_0011D3B8	open	boot:0011D0B8		open	boot:0011AFA0		open	boot:0011F1A0		open	boot:00126F20	func_00126F20	open
97e890721d80a6f3	16	core	4		boot:0011DA80	func_0011DA80	open	boot:0011D780		open	boot:0011F700		open	boot:00124A68		open	boot:0012D568	func_0012D568	open
f99b3f7ebb8b1708	16	core	4		boot:00121DB8	func_00121DB8	open	boot:00121AB8		open	boot:00125A10		open	boot:0012C128		open	boot:00138590	func_00138590	open
fbebccc0544e9781	16	core	4	Func0012BA58	boot:0012BB98	func_0012BB98	matched	boot:0012BA58	Func0012BA58	matched	boot:0012F9B8		open	boot:00135CF0		open	boot:00142230	func_00142230	open
ee87e26cace34f85	16	core	4	JumpToImageSetup	boot:0012C420	func_0012C420	matched	boot:0012C2E0	JumpToImageSetup	matched	boot:00130240		open	boot:00139F80		open	boot:001464C0	func_001464C0	open
ba6b039fc91fb704	16	core	4		boot:00115D04		open	boot:00115D04		open	boot:00122F58		open	boot:001293E8		open	boot:0011FCF4		open
15930ff54522dd79	16	core	3		boot:00116948		open							boot:0011B9A0		open	boot:0011AE00		open
7904fc76e9e5774a	16	core	4		boot:00119ECC		open	boot:00119BCC		open	boot:0011C024		open	boot:001206C4		open	boot:00128454		open
6593b8016790826d	16	core	4		boot:001203A4		open	boot:001200A4		open	boot:00122F9C		open	boot:0012942C		open	boot:0013132C		open
2fb3189c2183257d	16	core	2								boot:001184C0		open				boot:00122234		open
44a6f85d6fea11ae	16	core	3								boot:0011A810		open	boot:0011EA10		open	boot:00126790	func_00126790	open
e48701a5c7de8feb	16	core	3								boot:0011A830		open	boot:0011EA30		open	boot:001267B0	func_001267B0	open
31aea734ce176583	16	core	3								boot:0011A850		open	boot:0011EA50		open	boot:001267D0	func_001267D0	open
9bca505feee54971	16	core	3								boot:0011A860		open	boot:0011EA60		open	boot:001267E0	func_001267E0	open
d7af6dd1b3ff3c9e	16	core	3								boot:0011A870		open	boot:0011EA70		open	boot:001267F0	func_001267F0	open
a8498e554aaf33a0	16	core	3								boot:0011A890		open	boot:0011EA90		open	boot:00126810	func_00126810	open
cf652d87d7517f72	16	core	3								boot:0011A8A0		open	boot:0011EAA0		open	boot:00126820	func_00126820	open
e4e8ee1888058cf0	16	core	3								boot:0011A8B0		open	boot:0011EAB0		open	boot:00126830	func_00126830	open
3b155a6a9fb77966	16	core	3								boot:0011A8D0		open	boot:0011EAD0		open	boot:00126850	func_00126850	open
1e0f52bbd02ab18d	16	core	3								boot:0011A8E0		open	boot:0011EAE0		open	boot:00126860	func_00126860	open
d905f154230dcdfb	16	core	3								boot:0011A8F0		open	boot:0011EAF0		open	boot:00126870	func_00126870	open
a5aa909d4a2958d3	16	core	3								boot:0011A9B0		open	boot:0011EBB0		open	boot:00126930	func_00126930	open
ca69540424bed702	16	core	3								boot:0011A9D0		open	boot:0011EBD0		open	boot:00126950	func_00126950	open
d1fd7b661916aad1	16	core	3								boot:0011A9E0		open	boot:0011EBE0		open	boot:00126960	func_00126960	open
c60670c88d444d8d	16	core	3								boot:0011A9F0		open	boot:0011EBF0		open	boot:00126970	func_00126970	open
76dc9617a8c6360d	16	core	3								boot:0011AA10		open	boot:0011EC10		open	boot:00126990	func_00126990	open
28b47abcf1a4a48a	16	core	3								boot:0011AA50		open	boot:0011EC50		open	boot:001269D0	func_001269D0	open
1e8d71b81765dd14	16	core	3								boot:0011AA60		open	boot:0011EC60		open	boot:001269E0	func_001269E0	open
33c88eb5027a2eca	16	core	3								boot:0011AA90		open	boot:0011EC90		open	boot:00126A10	func_00126A10	open
d90895971a624980	16	core	3								boot:0011AAA0		open	boot:0011ECA0		open	boot:00126A20	func_00126A20	open
652df4c40e2e680b	16	core	3								boot:0011AAE0		open	boot:0011ECE0		open	boot:00126A60	func_00126A60	open
4d5d34b29eac51f3	16	core	3								boot:0011AAF0		open	boot:0011ECF0		open	boot:00126A70	func_00126A70	open
77485070926d408e	16	core	3								boot:0011AB30		open	boot:0011ED30		open	boot:00126AB0	func_00126AB0	open
9765f6b774224ca0	16	core	3								boot:0011AB70		open	boot:0011ED70		open	boot:00126AF0	func_00126AF0	open
0c28d11618d7442a	16	core	3								boot:0011ABA0		open	boot:0011EDA0		open	boot:00126B20	func_00126B20	open
17d055c8661cecce	16	core	3								boot:0011ABB0		open	boot:0011EDB0		open	boot:00126B30	func_00126B30	open
804de133e04571ff	16	core	3								boot:0011ABD0		open	boot:0011EDD0		open	boot:00126B50	func_00126B50	open
6efac0524d2445aa	16	core	3								boot:0011ABE0		open	boot:0011EDE0		open	boot:00126B60	func_00126B60	open
5c069057eedaf075	16	core	3								boot:0011ABF0		open	boot:0011EDF0		open	boot:00126B70	func_00126B70	open
de5fcd99bc70f7a0	16	core	3								boot:0011AC10		open	boot:0011EE10		open	boot:00126B90	func_00126B90	open
df551d3ae4004c57	16	core	3								boot:0011AC90		open	boot:0011EE90		open	boot:00126C10	func_00126C10	open
2a64fd9eb3224d4e	16	core	3								boot:0011ACA0		open	boot:0011EEA0		open	boot:00126C20	func_00126C20	open
2543c7fcee9c18ad	16	core	3								boot:0011ACB0		open	boot:0011EEB0		open	boot:00126C30	func_00126C30	open
1246147fe9eee7ff	16	core	3								boot:0011ACE0		open	boot:0011EEE0		open	boot:00126C60	func_00126C60	open
1569195c3bc95fa4	16	core	3								boot:0011ACF0		open	boot:0011EEF0		open	boot:00126C70	func_00126C70	open
904ead6aefe13336	16	core	3								boot:0011AD10		open	boot:0011EF10		open	boot:00126C90	func_00126C90	open
2cb4c69f92aa15ad	16	core	3								boot:0011AD20		open	boot:0011EF20		open	boot:00126CA0	func_00126CA0	open
3ea64c95006f036e	16	core	3								boot:0011AD30		open	boot:0011EF30		open	boot:00126CB0	func_00126CB0	open
fe9e8ef6855f3736	16	core	3								boot:0011AD50		open	boot:0011EF50		open	boot:00126CD0	func_00126CD0	open
b952c0c8b175d43c	16	core	3								boot:0011AD60		open	boot:0011EF60		open	boot:00126CE0	func_00126CE0	open
a0fb6387c3e79be5	16	core	3								boot:0011AD70		open	boot:0011EF70		open	boot:00126CF0	func_00126CF0	open
e649594ff5f47ef7	16	core	3								boot:0011AD90		open	boot:0011EF90		open	boot:00126D10	func_00126D10	open
9fb22085c4b3deac	16	core	3								boot:0011ADA0		open	boot:0011EFA0		open	boot:00126D20	func_00126D20	open
86c665074d88a0d9	16	core	3								boot:0011ADB0		open	boot:0011EFB0		open	boot:00126D30	func_00126D30	open
1caeed694540c63e	16	core	3								boot:0011ADE0		open	boot:0011EFE0		open	boot:00126D60	func_00126D60	open
f23a44edd4639e2a	16	core	3								boot:0011ADF0		open	boot:0011EFF0		open	boot:00126D70	func_00126D70	open
d29cd2b0254d9980	16	core	3								boot:0011AE10		open	boot:0011F010		open	boot:00126D90	func_00126D90	open
7bca8a56a6590247	16	core	3								boot:0011AE20		open	boot:0011F020		open	boot:00126DA0	func_00126DA0	open
f358fad967dc5d1f	16	core	3								boot:0011AE30		open	boot:0011F030		open	boot:00126DB0	func_00126DB0	open
2eaee67e119e62b8	16	core	3								boot:0011AE50		open	boot:0011F050		open	boot:00126DD0	func_00126DD0	open
d130ea3b5092e7f3	16	core	3								boot:0011AE60		open	boot:0011F060		open	boot:00126DE0	func_00126DE0	open
f18933e3f78d3aad	16	core	3								boot:0011AE90		open	boot:0011F090		open	boot:00126E10	func_00126E10	open
837df666b7aa073a	16	core	3								boot:0011AEB0		open	boot:0011F0B0		open	boot:00126E30	func_00126E30	open
a39023fc12a6cc28	16	core	3								boot:0011AED0		open	boot:0011F0D0		open	boot:00126E50	func_00126E50	open
57dafa29df0fbeeb	16	core	3								boot:0011AEE0		open	boot:0011F0E0		open	boot:00126E60	func_00126E60	open
c323b317a33ede80	16	core	3								boot:0011AF10		open	boot:0011F110		open	boot:00126E90	func_00126E90	open
d694fbca6cb6cd58	16	core	3								boot:0011AF20		open	boot:0011F120		open	boot:00126EA0	func_00126EA0	open
42f2acef4c262b22	16	core	3								boot:0011AF50		open	boot:0011F150		open	boot:00126ED0	func_00126ED0	open
75c7e8cdcd1725e0	16	core	3								boot:0011AF70		open	boot:0011F170		open	boot:00126EF0	func_00126EF0	open
e741d9cef3bed641	16	core	3								boot:0011AFB0		open	boot:0011F1B0		open	boot:00126F30	func_00126F30	open
5b7935b73b0a61fd	16	core	3								boot:0011AFD0		open	boot:0011F1D0		open	boot:00126F50	func_00126F50	open
c2aa6243556c8a3d	16	core	3								boot:0011B060		open	boot:0011F260		open	boot:00126FE0	func_00126FE0	open
e120882cb4442401	16	core	3								boot:0011B070		open	boot:0011F270		open	boot:00126FF0	func_00126FF0	open
66f9669bdbd184ff	16	core	2								boot:00120354		open	boot:001267DC		open			
74357631ce07ea51	16	core	2											boot:0011F860		open	boot:001275F0	func_001275F0	open
6cdd5bc93227f782	16	core	2											boot:00125100		open	boot:0012DC00	func_0012DC00	open
39321c22c15864dd	16	core	2											boot:00125110		open	boot:0012DC10	func_0012DC10	open
5864cb31d4f7473f	16	core	2											boot:00125120		open	boot:0012DC20	func_0012DC20	open
6328cd0bf83b7685	16	core	2											boot:00125C58		open	boot:0012E8B8	func_0012E8B8	open
d636deb774e8879e	16	core	2											boot:0013AFE8		open	boot:00157728		open
158ff83e06075552	3464	game	2								boot:00274D90		open	boot:003D58B8		open			
a1e7bc1729be7fb8	3112	game	2	TfragProc	boot:002352C8	func_002352C8	open	boot:00233FB0		open	boot:002EF480		open						
b2f4421e5f76bd6b	3112	game	2											boot:003CD628	func_003C7E68	open	boot:00490C50	func_00490C50	open
d3c89358651f580f	2144	game	2								boot:002A3110		open	boot:003C9A40		open			
f62959473a856715	1864	game	2											boot:003DD110	func_003D7950	open	level:00:00673898	func_L00_00673898	open
04c40088eed578ba	1532	game	4	ScisAndRender	boot:001F856C	func_001F856C	open	boot:001F83A4		open	boot:00281214		open	boot:003D3670	func_003CDEB0	open	boot:0044C628		open
762ca9aabca39300	1456	game	3								boot:002E2C38		open	boot:003E0D80	func_003DB5C0	open	level:00:00668B80	func_L00_00668B80	open
10f3db043ea48ca9	1096	game	2								boot:002A3970		open	boot:003CA2A0		open			
731b8d7e04d9f57f	1056	game	2											boot:003DBA38		open	level:00:006721B0	func_L00_006721B0	open
574ee55b1ed187d3	1048	game	2								boot:002A2CF8		open	boot:003C9628		open			
f7a870493b94a12a	1048	game	2											boot:003DBE58		open	level:00:006725D0	func_L00_006725D0	open
41d7c1c333cfef94	852	game	2		boot:002298B0	func_002298B0	open	boot:00228598		open	boot:002E0C40		open						
284456f44cd1c7d8	804	game	2	SkySpriteProc	boot:0022CEB8	func_0022CEB8	open	boot:0022BBA0		open	level:02:00364A18		open						
96b5d8ea91f407e8	780	game	2											boot:003B1EB0	func_003AC6F0	open	boot:004F1308	func_004F1308	open
a1ca3958a79fcd19	720	game	3		boot:0020C468	func_0020C468	open	boot:0020B618		open	boot:0029D4D0		open	boot:003A0A20	func_0039B760	open			
c706c7a43baab249	688	game	3		boot:00212258	func_00212258	open	boot:00211408		open	boot:002A4AD8		open	boot:003CB2A0	func_003C5AE0	open			
a57aaa2fdc63ff4a	688	game	2								boot:002F3300		open	boot:003DCE60	func_003D76A0	open			
39503a22c68fa838	684	game	2	BuildShrubTextureDma	boot:0022B648	func_0022B648	open	boot:0022A330		open	boot:002E2988		open						
a2e35e33dd9f9d0b	680	game	2								boot:00285030		open	boot:00392760	func_0038DC08	open			
a6c81a3130d9acde	640	game	4		boot:001F8148	func_L00_001FD428	open	boot:001F7F80		open	boot:00280DF0		open	boot:003D3250		open	boot:0044C208	func_L00_005B3FF8	open
bf878f5bec3b1e2e	608	game	3								boot:00280B90		open	boot:003D2FF0		open	boot:0044BFA8	func_L01_0054E2C8	open
d72399c0c6790971	588	game	2								boot:00297BB0		open	boot:0039FE10	func_0039ABB0	open			
a1fc2383f5134923	584	game	2	BuildTfragTextureDma	boot:00236060	func_L00_002963D8	open	boot:00234D48		open	boot:002F0218		open						
4c7648e241c35ec1	552	game	2											boot:003C3668	func_003BDEA8	open	boot:0046CEA0	func_0046CEA0	open
f1100a8c504c5aa2	528	game	2											boot:003A9AA0	func_003A42E0	open	boot:004E7E58	func_004E7E58	open
81169238f85863d6	512	game	2								boot:0028F078		open	level:01:0041E1B0		open			
0a163f50ea737aec	496	game	2								boot:0028E868		open	boot:00396F58	func_00392400	open			
a7d2e459e49cd8a8	488	game	2											boot:003B1BB8	func_003AC3F8	open	boot:004F1010	func_004F1010	open
966927ce94bc8953	484	game	2								boot:00280710		open	level:01:00405580		open			
03eda974ec39dcfc	468	game	2											boot:0038E510	func_003899B8	open	boot:00454420		open
8034176a87815a07	468	game	2											boot:003917C0	func_0038CC68	open	boot:004586F8		open
340accbacfc9211a	464	game	2								boot:002979D8		open	level:01:0042DE98		open			
60d450aff3856e4a	456	game	3								boot:002A0C68		open	boot:003C7BA8		open	boot:00470410	func_00470410	open
6b4f201910adc778	448	game	2								boot:00285548		open	level:01:00413408		open			
bc7c3222eccc971d	436	game	2								boot:00316248		open	level:01:0033D090		open			
a162254471db8b5f	432	game	2								boot:00285398		open	boot:00392B88	func_0038E030	open			
130a12daaf5b190c	424	game	2								boot:0028ECD8		open	boot:003973D0	func_00392878	open			
b588d4b34e1899b9	424	game	2											boot:003B0DD0	func_003AB610	open	boot:004F0228	func_004F0228	open
63b030c53ffd9a9a	424	game	2											boot:003B2A48	func_003AD288	open	boot:004F1EA0	func_004F1EA0	open
ada35eb3ee544ab2	424	game	2											boot:003CEC70		open	boot:004DFAE8	func_004DFAE8	open
1d8b5dd832ca58dc	404	game	2		boot:0022D520	func_0022D520	open	boot:0022C208		open	boot:002E40C8		open						
5e3dc1cb1714af18	404	game	2											boot:003B24F8	func_003ACD38	open	boot:004F1950	func_004F1950	open
0a00b5cdafb50d9a	396	game	2								boot:0028FC48		open	level:01:0041F008		open			
51e2d0a88b0cb9cc	392	game	2								boot:00273D10		open	level:01:003F5ED8		open			
12162d0d25b2ab9a	392	game	2								boot:002F0B78		open	boot:003D0AD0	func_003CB310	open			
921b3bf8f6dac413	388	game	2											boot:003B09E0	func_003AB220	open	boot:004EFE28	func_004EFE28	open
ee9e93b654faa8c6	384	game	2								boot:0027DB68		open	boot:0038AEE8	func_00386488	open			
c450afa40384eb38	384	game	2								boot:00328D98		open	level:01:00310948		open			
fb1b2364cfcd2d0d	380	game	2								boot:0031E3A8		open	level:01:0030CE38		open			
2a8ef2d0f64df86f	380	game	2											boot:0038E6F0	func_00389B98	open	boot:00454600		open
0002d125c40e9e4f	376	game	4	FastIntersectVert	boot:001F7C60	func_001F7C60	open	boot:001F7A98		open	boot:002808F8		open	boot:003D2D58	func_003CD598	open	boot:0044BD10		open
5a19cc195ff41db6	376	game	2								boot:002AF2E8		open	level:01:0044CC18		open			
82b7bae45e2e2535	376	game	2								boot:002E31E8		open	boot:003E1330	func_003DBB70	open			
e0546719255d7b2f	376	game	2								boot:002F4FA0		open	boot:003DEAF0	func_003D9330	open			
18a9a001ee26b78a	372	game	2								boot:0028AFE8		open	level:01:00419D98		open			
eadcc9e208d0b723	372	game	2								boot:00300330		open	level:01:004C7228		open			
457f8a7c07eade32	368	game	3								boot:0028F948		open	boot:00397C78	func_00393120	open	boot:0045F200		open
bd030df061fb791e	368	game	2								boot:003169D0		open	level:01:002FD7E8		open			
dc21eb2de5bbc774	364	game	2	ComputeTfragTextureUsage	boot:00235EF0	func_00235EF0	open	boot:00234BD8		open	boot:002F00A8		open						
20eb8c71bab01e8a	364	game	3								boot:002FC990		open	level:01:004C2488		open	level:00:006796D0	func_L00_006796D0	open
839ff6f9e2567968	360	game	2								boot:0031EB00		open	level:01:0030D828		open			
6d2769febf130e60	360	game	2											boot:003D0020	func_003CA860	open	boot:004E3C40	func_004E3C40	open
7d69c1934f4a0902	356	game	3	moby_mark_joint_chain	boot:002116A0	func_002116A0	open	boot:00210850		open	boot:002A3F10		open	boot:003CA6F0	func_003C4F30	open			
fc206bca7a66afcf	352	game	2	LinkHudBank	boot:001FF7F0	func_001FF7F0	matched	boot:001FEFC0	link_hud_bank	matched							boot:0045E860		open
2a928bcccd90f002	352	game	2								boot:0028AE88		open	boot:003932F0	func_0038E798	open			
16d82018c01c4afd	352	game	2											boot:003B1910	func_003AC150	open	boot:004F0D68	func_004F0D68	open
4c2cac04a5acb907	340	game	3		boot:00211548	func_00211548	open	boot:002106F8		open	boot:002A3DB8		open	level:01:0043CCD0		open			
e0a375eb48185b5a	340	game	2	viBufModifyPts	boot:0023DA88	func_0023DA88	open	boot:0023C6B8	vi_buf_modify_pts	matched	boot:00351310		open						
3c6feadc00a90d82	336	game	2								boot:00297400		open	level:01:0042D020		open			
8942e8853f6f98fe	336	game	2											boot:003829F8	func_0037E368	open	level:00:005E6358	func_L00_005E6358	open
8a5206484f5e5090	332	game	2		boot:00229098	func_00229098	open	boot:00227D80		open	boot:002E0408		open						
f32a07bb324a14fa	332	game	2	sky_transform_vertices	boot:0022D2AC	func_0022D2AC	open	boot:0022BF94		open	boot:002E3E54		open						
66bb793399f45c88	328	game	2											boot:003CF048	func_003C9888	open	boot:004E2B40	func_004E2B40	open
681045b2774e6346	328	game	2											boot:003DB8F0		open	level:00:00672068	func_L00_00672068	open
0d634fce2a6fc382	320	game	2								boot:0029D258		open	boot:003A07A8	func_0039B4E8	open			
550768deb7ef9b12	320	game	2											boot:003C7560		open	boot:004700F0	func_004700F0	open
0236471f1d7cafea	316	game	3								boot:0027EB88		open	boot:0038C6D8	func_00387C78	matched	boot:0044ABC0		open
d3a8372f076cb166	312	game	3		boot:001FA238	func_L00_001FFA40	open	boot:001FA070		open	boot:00283430		open	boot:0038D670		open			
66068ee990a5e6e9	312	game	2								boot:0029D398		open	boot:003A08E8	func_0039B628	open			
8650343460c33151	304	game	3								boot:00350460		open	boot:003B13F0	func_003ABC30	matched	boot:004F0848	func_004F0848	open
2ae2ba1adad65e1c	304	game	2											boot:003A12E8	func_0039C028	open	boot:00488A98	func_00488A98	open
edfc16c9cc1b6d62	304	game	2											boot:003B22C0	func_003ACB00	open	boot:004F1718	func_004F1718	open
717c43955655c514	300	game	2								boot:0028E458		open	boot:00396B30	func_00391FD8	open			
1730626c82c636da	296	game	2	sky_build_gif_gouraud	boot:0022D3F8	func_0022D3F8	open	boot:0022C0E0		open	boot:002E3FA0		open						
eba5bfc8f4629315	296	game	2		boot:0022D6B4	func_0022D6B4	open	boot:0022C39C		open	boot:002E425C		open						
8d673eacb4534245	296	game	2								boot:0028E138		open	boot:00396860	func_00391D08	open			
6e59892a8fe0710a	284	game	2											boot:00392A68	func_0038DF10	matched	boot:004597B8		open
1dad4d028f5b168d	284	game	2											boot:00398760	func_003936A8	open	boot:00461570		open
d0852a910a287491	280	game	2	decode_map_rle_row	boot:00207090	func_00207090	matched	boot:00206860	decode_map_rle_row	matched	boot:00297550	FUN_00297550	matched						
6168986a7581918b	280	game	3								boot:002E3820		open	boot:003CE510	func_003C8D50	open	boot:004DEF78	func_004DEF78	open
3394589d36960c7c	276	game	4		boot:0020EC30	func_L00_00251D18	open	boot:0020DDE0		open	boot:002A0E30		open	boot:003C7D70		open	boot:004705D8	func_004705D8	open
c6bc1c172c6ef5f9	276	game	3								boot:002932B8		open	boot:00399AD8	func_00394A20	open	boot:00462D68		open
67fdf2c53419ef94	276	game	3								boot:0029AF98		open	boot:0039EA90	func_00399830	open	boot:00468C78		open
8f6c98e5c359b2c3	276	game	2								boot:002B6F70		open	boot:003A1CE8	func_0039C9A0	open			
9e1e6998b03edce7	276	game	2											boot:003A9770	func_003A3FB0	open	boot:004E7A70	func_004E7A70	open
4a299efcf138e3d3	276	game	2											boot:003B1208	func_003ABA48	open	boot:004F0660	func_004F0660	open
2d22574e8a19e526	272	game	2								boot:00283248		open	boot:0038D488		open			
4b66cafaf3dc756a	272	game	2								boot:002EEED0		open	level:01:004AD678		open			
a7134fd13c2279c5	272	game	3								boot:003359B8		open	boot:003AACB8		open	boot:004EE830	func_004EE830	open
edc2d7f2ed53771e	268	game	2											boot:003B1DA0	func_003AC5E0	open	boot:004F11F8	func_004F11F8	open
e297d0b7984082fb	268	game	2											boot:003CF190	func_003C99D0	matched	boot:004E2D20	func_004E2D20	open
be6e56ff4c6b1909	264	game	3								boot:0027C660		open	boot:003896F8	func_00384C98	open	boot:00448D98		open
8897769756adcf43	264	game	2								boot:0028B3D0		open	boot:00393668	func_0038EB10	open			
5ac58ad8d9c5c2e2	264	game	3								boot:002E3360		open	boot:003E14A8	func_003DBCE8	open	boot:004DE778	func_004DE778	open
e6d5ca92eae2f1f9	264	game	3								boot:002F0D00		open	boot:003D0C58	func_003CB498	open	boot:004E48B8	func_004E48B8	open
4f320c1382396912	264	game	3								boot:002F5118		open	boot:003DEC68	func_003D94A8	open	boot:004E4B48	func_004E4B48	open
dff7eefa90c8f14f	264	game	2											boot:003B23F0	func_003ACC30	open	boot:004F1848	func_004F1848	open
b6f19147f5f2978c	264	game	2											boot:003DEF88	func_003D97C8	matched	level:00:00666CE8	func_L00_00666CE8	open
9d2ad2cc921791b6	260	game	4	PatchShrubGifs	boot:00229D48	func_00229D48	matched	boot:00228A30	FUN_00228a30	matched	boot:002E10B8		open	boot:003DF090	func_003D98D0	open	level:00:00666DF0	func_L00_00666DF0	open
83d5a86ae8107578	260	game	2								boot:002C9E60		open	level:01:0047A350		open			
cfaff7ab2741fc0a	260	game	2								boot:002C9F68		open	level:01:0047A458		open			
1efa6943157e7982	260	game	2								boot:0031E2A0		open	level:01:0030CC18		open			
595f3779e42560f6	256	game	2								boot:0029FB20		open	boot:003C3060	func_003BD8A0	open			
1e2a13125c30cccd	256	game	3								boot:00351720		open	boot:003B2690	func_003ACED0	matched	boot:004F1AE8	func_004F1AE8	open
044edcd0e43ef4b1	256	game	2											boot:003CD4A0	func_003C7CE0	open	boot:00490AC8	func_00490AC8	open
a4e4e62d8dc89a48	256	game	2											boot:003CEB70	func_003C93B0	open	boot:004DF9E8	func_004DF9E8	open
762f2942cfb93f10	252	game	4		boot:00235118	func_00235118	open	boot:00233E00		open	boot:002FCE18		open	boot:003A9DB0	func_003A45F0	open	boot:004E8168	func_004E8168	open
92d56b3e517d3403	248	game	2								boot:002B6E78		open	boot:003A1BF0	func_0039C8A8	open			
2243c71bc2118879	248	game	2											boot:003CEA78	func_003C92B8	open	boot:004DF8F0	func_004DF8F0	open
1470097e82230688	248	game	2											boot:003E95B0	func_003E3DF0	matched	boot:00506A78	func_00506A78	open
44027ace84066210	244	game	2								boot:002942A0		open	boot:0039AB80	func_00395AC8	open			
6b8d8168d8607c5a	244	game	2								boot:002B6D80		open	boot:003A1AF8	func_0039C7B0	open			
1615d9059fc29fdf	244	game	2								boot:002EED58		open	boot:003A88E8	func_003A3128	open			
ed7542fd74bbedcb	240	game	3		boot:001FA370	func_L00_001FFB78	open	boot:001FA1A8		open	boot:00283568		open	boot:0038D7A8		open			
44d376d5ab5a3465	240	game	3		boot:001FAA28	func_L00_002003C8	open	boot:001FA860		open	boot:00283EF0		open	boot:0038E048		open			
683a2cdd70bc8919	240	game	2								boot:0029FDF0		open	boot:003C3360	func_003BDBA0	open			
3d3f5f98161f9071	240	game	2											boot:003CEF58	func_003C9798	open	boot:004DFDD8	func_004DFDD8	open
da03d6c8989f4d0d	240	game	2											boot:003A2F98		open	boot:0048FA80	func_0048FA80	open
b4067bdf4690df41	236	game	2											boot:003B1658	func_003ABE98	matched	boot:004F0AB0	func_004F0AB0	open
ea1efd6658d3b239	236	game	2											boot:003B1A70	func_003AC2B0	matched	boot:004F0EC8	func_004F0EC8	open
088bb02a2a30a75c	232	game	3	FastBSphereCheck	boot:001FA8F0	func_L00_00200290	open	boot:001FA728		open	boot:00283DB8		open	boot:0038DF48		open			
51313c0d580b9f6f	232	game	2								boot:002A8600		open	level:01:00442B10		open			
9beb8cb74f4086af	228	game	2		boot:001F83C8	func_L00_001FD6A8	open	boot:001F8200		open	boot:00281070		open						
36e5fc88b69f8f5c	228	game	2								boot:00274BA8		open	level:01:003F6DF0		open			
bf061512887197c6	228	game	2								boot:002B4FF0		open	level:01:004574A0		open			
747dc295f602f7e6	228	game	2								boot:002B7088		open	boot:003A1E00	func_0039CAB8	open			
a52e8a1d9ca15338	228	game	2								boot:00305228		open	level:01:0032C150		open			
b67fda6510a1d5b7	228	game	2								boot:00310C88		open	level:01:002FFEA8		open			
1c9050900cc77855	228	game	2											boot:003AF4B8	func_003A9CF8	open	boot:004EEDC8	func_004EEDC8	open
3ae341ca0c94a4af	224	game	3	MobyAnimProc	boot:00212578	func_00212578	open	boot:00211728		open	boot:002A4D88		open	boot:003CB550	func_003C5D90	open			
9787fd79e21f85b5	224	game	2											boot:003A99B0	func_003A41F0	matched	boot:004E7CB0	func_004E7CB0	open
f9fb9370b37ac420	224	game	2											boot:003D34D0		open	boot:0044C488		open
4ab3320c9df6bf15	216	game	4	PatchMobyGifs	boot:0020DD48	func_0020DD48	matched	boot:0020CEF8	patch_moby_gifs	matched	boot:0029FEE0		open	boot:003C3450	func_003BDC90	open	boot:0046CBD8	func_0046CBD8	open
b71286f31cd7292e	216	game	2								boot:002A07C8		open	boot:003C7488		open			
64bcf5efbd041e19	216	game	2								boot:002F5E20		open	boot:003A8BF0	func_003A3430	matched			
c179c1d36f73228d	208	game	2	_ssp_load_tex	boot:0022D1DC	func_0022D1DC	open	boot:0022BEC4		open	level:02:00364D3C		open						
9fc9fcc0be4a5b12	208	game	2								boot:002EF3B0		open	boot:003CF340	func_003C9B80	open			
e1e8825ceabf13ca	208	game	2											boot:003B1320	func_003ABB60	matched	boot:004F0778	func_004F0778	open
f504243ac1218f18	208	game	2											boot:003E9240	func_003E3A80	matched	boot:00506860	func_00506860	open
326fb01edc7f5207	204	game	2								boot:002A7B34		open	level:01:003080B4		open			
1bc2c8df1ccd99fd	204	game	2											boot:003B28C8	func_003AD108	matched	boot:004F1D20	func_004F1D20	open
c314de3988bc1f3f	200	game	2											boot:0038C570	func_00387B10	open	boot:0044AA58		open
f879e157d6c86f3d	200	game	2											boot:003B3B28	func_003AE368	matched	boot:004D3E28	func_004D3E28	open
4e73d487977917ab	196	game	3		boot:00205660	func_00205660	matched	boot:00204E30	FUN_00204e30	matched	boot:00294D80		open	level:01:0042ABB0		open			
2251ec5871145042	196	game	2								boot:00291788		open	boot:003D1050	func_003CB890	matched			
0ff7a7876d367cc7	196	game	2								boot:002925F0		open	boot:00398E80	func_00393DC8	open			
6130b49142b02db4	196	game	3								boot:002AEF28		open	level:01:0044B920		open	boot:004796C8	func_004796C8	open
8f2bf99827e0cfbb	192	game	4		boot:001F7DD8	func_001F7DD8	open	boot:001F7C10		open	boot:00280A70		open	boot:003D2ED0	func_003CD710	matched	boot:0044BE88		open
8a47a13779f33eb1	192	game	3	LVL_0_ARANOS_TUTORIAL_FUN_0036AC58							boot:002F0E38	LVL_0_ARANOS_TUTORIAL_FUN_0036AC58	matched	boot:003D9EA0	func_003D46E0	matched	level:00:006702E0	func_L00_006702E0	open
8deae61f71753dba	192	game	3								boot:002F3D20		open	boot:003DD880		open	level:00:00674008	func_L00_00674008	open
b6ed3083e9bc5c84	192	game	2											boot:0038CEF0	func_00388490	open	boot:00453658		open
0a21fecc786ea0e3	192	game	2											boot:003B0500	func_003AAD40	matched	boot:004EF948	func_004EF948	open
a965113f52d73978	188	game	3	update_moby_animation_state	boot:0020D6D0	func_0020D6D0	matched	boot:0020C880	update_moby_animation_state	matched	boot:0029F390		open	boot:003C2C50	func_003BD490	matched			
c366f23ba6f81f3b	188	game	3								boot:002FC8D0	FUN_002FC8D0	matched	level:01:004C23C8		open	boot:004E7D90	func_004E7D90	open
b292b8f8505626fd	188	game	2								boot:002B63C0		open	level:01:00459E50		open			
8220108ff95866dc	184	game	3								boot:0027A1D0		open	boot:00386A30	func_003823A0	matched	boot:00447498		open
50705cff75023be6	184	game	2								boot:0029B0B0		open	boot:0039EBA8	func_00399948	open			
e33746a88e4f4796	184	game	2								boot:002AEE70		open	level:01:0044B860		open			
a3378d2637031b42	184	game	2											boot:00389FD0	func_00385570	matched	boot:00449298		open
083b835669a74b34	180	game	3	VU1_addGSregister	boot:00234C98	func_00234C98	matched	boot:00233980	vu1_add_g_sregister	matched	boot:002FC560		open	boot:003A96B0	func_003A3EF0	matched			
8f0e3eec0946c516	180	game	2	audioDecEndPut	boot:0023C1F8	func_0023C1F8	open	boot:0023AE28	audio_dec_end_put	matched	boot:0034FA30	FUN_0034FA30	matched						
3504515c9f69043e	180	game	2											boot:0038E140		open	boot:00453FA8		open
bc0fc1c7514ef62b	176	game	2								boot:002ED4B8		open	boot:003A8708	func_003A3028	matched			
f4bea94f39827b80	176	game	2								boot:002FEC78		open	level:01:004C4548		open			
ef4c5f49106645a4	176	game	2											boot:00398880	func_003937C8	open	boot:00461690		open
b1e1aa80650b929a	172	game	2								boot:002A6640		open	boot:003CD070		open			
ca23dd8c68b5919c	172	game	2											boot:003BE5D0	func_003B8E10	matched	boot:004F5530	func_004F5530	open
798457be33b49193	168	game	2								boot:002880E0		open	level:01:00416878		open			
791f1528a9f5aec3	168	game	2								boot:00290010		open	level:01:0041F258		open			
faf41a8fca3977ee	168	game	2								boot:002A7A00		open	level:01:00440A88		open			
582a0f11c2f213f5	168	game	2								boot:002B6318		open	level:01:00459DA8		open			
de83a665b2e810c9	168	game	2								boot:00300A00		open	boot:003AA588	func_003A4DC8	matched			
344bfedc1e503006	168	game	2											boot:003910D8	func_0038C580	matched	boot:004572E0		open
111c125d42c0b1fd	168	game	2											boot:003CE9D0	func_003C9210	open	boot:004DF848	func_004DF848	open
80e803f6342c16ed	164	game	2								boot:002A8D70		open	level:01:00443790		open			
b57da65e638d7404	164	game	2								boot:002B7CE0		open	boot:003A2A10	func_0039D6C8	matched			
b47b02c2d8dd48ad	164	game	3								boot:002FC468		open	boot:003A9600	func_003A3E40	matched	boot:004E78D0	func_004E78D0	open
b0f2f431d689a13b	164	game	2											boot:003BE228	func_003B8A68	matched	boot:004F5028	func_004F5028	open
d0d15f02992f0868	160	game	4	set_up_vis_gif_viewer	boot:00203808	func_L00_00240CE0	open	boot:00202FD0		open	boot:00292EB0		open	boot:00399718		open	boot:00462910		open
1690d83edea2199c	160	game	2		boot:00215840	func_L00_00262450	open	boot:002149F0		open	level:00:003224A8		open						
b7c823330f7df3d5	160	game	3								boot:00280670		open	level:01:004054E0		open	level:00:005B2B30	func_L00_005B2B30	open
b896285acbdf036a	160	game	2								boot:00281DE8		open	boot:003D9600	func_003D3E40	matched			
93a31648886a33db	160	game	2								boot:002956E8		open	level:01:0042B3C8		open			
993fe9c0a797f0b0	160	game	2								boot:0029CFB0		open	level:01:00433978		open			
392ee69392b86bae	160	game	2											boot:003B0348	func_003AAB88	matched	boot:004EF790	func_004EF790	open
6d1093d4aacc62d5	156	game	3		boot:00208FA0	func_00208FA0	matched	boot:00208770	FUN_00208770	matched	boot:002980D0		open	boot:003A0358	func_0039B0F8	matched			
69acc17b16bdfc9b	156	game	4	PatchTfragGifs	boot:00234620	func_00234620	matched	boot:00233308	patch_tfrag_gifs	matched	boot:002EF310		open	boot:003CF2A0	func_003C9AE0	matched	boot:004E2E30	func_004E2E30	open
d217486fa99d98f7	156	game	2								boot:0027EAE8		open	boot:0038C638	func_00387BD8	matched			
4ec5e7d6dd6a46c7	156	game	2								boot:00295788		open	level:01:0042B468		open			
5a5b3dc9795c05d2	156	game	2											boot:003B0940	func_003AB180	matched	boot:004EFD88	func_004EFD88	open
c8bec5b2ca578c80	156	game	2											boot:003B34F0	func_003ADD30	matched	boot:004D3908	func_004D3908	open
6fa66ddb081de25a	152	game	3	FastArcSin	boot:001F9FC0	func_001F9FC0	open	boot:001F9DF8		open	boot:002831B0		open	boot:0038D3F0	func_00388990	open			
706223d56491f5b3	152	game	4	CollCellLookup	boot:001EFD70	func_L00_001EFF50	open	boot:001EF9C8		open	boot:00276158		open	boot:003D3E60		open	boot:00440FE8		open
5a2d54bcc7c04a23	152	game	2								boot:00283A58		open	boot:0038DCA0	func_00389240	matched			
bfa2b3a835baa8c5	152	game	2								boot:002A1050		open	boot:003C7F90		open			
469fb34bf3034068	152	game	2								boot:002AA800		open	level:01:00445558		open			
d9c547163c43e074	152	game	2								boot:002B6828		open	boot:003A14F8	func_0039C210	matched			
b74d7b658d8e055d	152	game	2								boot:002BA048		open	boot:003CE250	func_003C8A90	open			
b7298c9c403ef749	152	game	2											boot:003B01C0	func_003AAA00	matched	boot:004EF608	func_004EF608	open
1efd7b8c8f9d5d2a	148	game	3								boot:00284EA8		open	boot:003925D8	func_0038DA80	matched	boot:00459430		open
ef8ca5ae6d7368ca	148	game	2								boot:002A7C00		open	boot:003C3E68	func_003BE6A8	matched			
7195c561f8b13acc	148	game	2								boot:002A91F0		open	boot:003C4240	func_003BEA80	matched			
c9c16403c00544b3	144	game	3		boot:00213B1C	func_L00_00257EBC	open	boot:00212CCC		open	boot:002A66EC		open	boot:003CD11C		open			
5ba27d9d8db420cc	144	game	2								boot:0028B540		open	level:01:0041A2E0		open			
a4aa22dff3405990	144	game	2								boot:0029FFB8		open	level:01:00437AB8		open			
6be9ac2c19c76fe6	144	game	2								boot:002ACD38		open	level:01:00448E90		open			
fd85e2ca8048a2ba	144	game	3								boot:002FCD18		open	boot:003A9CB0	func_003A44F0	matched	boot:004E8068	func_004E8068	open
34c0eac5819e419d	144	game	2								boot:00305838		open	level:01:0032CA20		open			
d5e8108a813c7af5	144	game	3								boot:00335B80		open	boot:003AAE80	func_003A56C0	matched	boot:004EE9E8	func_004EE9E8	open
9704fa500d4f310c	140	game	4	InitDma	boot:0020C268	func_0020C268	open	boot:0020B418		open	boot:0029D050		open	boot:003A0518		open	boot:004698D8		open
d12df4e51b8be733	140	game	2											boot:003EDB50	func_003E8390	open	boot:0050BE00	func_0050BE00	open
398ecfc1899d86ad	136	game	2		boot:001FA6C0	func_001FA6C0	open	boot:001FA4F8		open	boot:002839D0		open						
7aea6641e253d453	136	game	2		boot:0021E170	func_0021E170	matched	boot:0021D168	FUN_L00_0027adb0	matched	boot:002D8120		open						
07ad6dd8b5789ad4	136	game	2	LVL_0_ARANOS_TUTORIAL_FUN_002E5890							boot:0027B9C0	LVL_0_ARANOS_TUTORIAL_FUN_002E5890	matched	boot:00388568	func_00383B08	matched			
3f42d5954f3f4c53	136	game	2								boot:00283810		open	boot:0038D9F0	func_00388F90	matched			
4a80462e430d5efb	136	game	2								boot:00316B40		open	level:01:002FD958		open			
8adce8094a44dab9	136	game	2											boot:003B45B8	func_003AEDF8	matched	boot:004A2A48	func_004A2A48	open
183cdd0d6c46d505	136	game	2											boot:003CD5A0	func_003C7DE0	open	boot:00490BC8	func_00490BC8	open
e7aee2616d0586cf	136	game	2											boot:003E7188	func_003E19C8	matched	boot:005013D0	func_005013D0	open
928b732047d3c0f9	132	game	4	ParseOcclGrid	boot:001F2A38	func_L00_001F75F8	open	boot:001F2690		open	boot:0027A0F8		open	boot:00386958		open	boot:004473C0		open
544c242cc76c1e29	132	game	2								boot:00293CA8		open	boot:003A6A90	func_003A13B0	matched			
93fffc2b6bf7c67d	132	game	3								boot:002AAFA0		open	level:01:00445C50		open	boot:00476518	func_00476518	open
f683d955bc8fd6bd	132	game	2											boot:003B4500	func_003AED40	matched	boot:004A2990	func_004A2990	open
6d264f28f3c15c79	128	game	4	writeSetupBlock	boot:001F84AC	func_001F84AC	open	boot:001F82E4		open	boot:00281154		open	boot:003D35B0	func_003CDDF0	open	boot:0044C568		open
30c5cd9c65cc1041	128	game	2		boot:0020E9F0	func_0020E9F0	open	boot:0020DBA0		open	boot:002A0BE8		open						
0be32bd1b6c87aae	128	game	2		boot:002157C0	func_L00_002623D0	open	boot:00214970		open	level:00:00322428		open						
4fed9438fe18b93d	128	game	2								boot:00284F40		open	boot:00392670	func_0038DB18	matched			
b514ef65736f8e0a	128	game	2								boot:002939D0		open	boot:0039A418	func_00395360	matched			
67a65c80d997d2ee	128	game	2								boot:002A0300		open	boot:003C3A20	func_003BE260	matched			
626209e1cd98ad2a	128	game	2								boot:002ACB48		open	boot:003C4E68	func_003BF6A8	matched			
54bd5465b2d3a506	128	game	2								boot:002EEE50		open	level:01:004AD5F8		open			
3793056d7fa43061	128	game	2											boot:003A93C0	func_003A3C00	matched	boot:004E7688	func_004E7688	open
5de7e18da75ec84f	128	game	2											boot:00392DBC		open	boot:0045C7CC		open
8197fb5499afa62f	124	game	2								boot:0028B2B8		open	boot:003935E0	func_0038EA88	matched			
cd20ba00a90f2a87	124	game	2											boot:003B08C0	func_003AB100	matched	boot:004EFD08	func_004EFD08	open
307c9f067349582b	120	game	4	ResetGsRegistersPr	boot:001F3D00	func_001F3D00	matched	boot:001F3958	reset_gs_registers_pr	matched	boot:0027B948	FUN_0027B948	matched	boot:003884F0	func_00383A90	matched	boot:00448960		open
94d23fb009d09ec8	120	game	2		boot:001FA648	func_001FA648	open	boot:001FA480		open	boot:00283958		open						
9116747398d24892	120	game	2								boot:0027CE18		open	boot:0038A138	func_003856D8	matched			
d8ba8b296a222f31	120	game	2								boot:0027D0E8		open	boot:0038A368	func_00385908	matched			
794be4d9ddb65150	120	game	2								boot:00297730		open	level:01:0042DBF0		open			
7b3dcbd6e261dec2	120	game	2								boot:002A7988		open	boot:00382980	func_0037E2F0	matched			
ca8ba31e9f402ad5	120	game	2								boot:002B0990		open	level:01:0044EB78		open			
d030ebb99a4e8f17	120	game	3								boot:003508A0		open	boot:003B1898	func_003AC0D8	matched	boot:004F0CF0	func_004F0CF0	open
1e742315bd07861f	120	game	2											boot:003C7B30	func_003C2370	open	boot:00470398	func_00470398	open
fb9d24733656c4e7	116	game	2	set_animation_parameter	boot:001FFDA0	func_001FFDA0	matched	boot:001FF570	set_animation_parameter	matched	boot:0028B6C8	LVL_0_ARANOS_TUTORIAL_FUN_002F6ED8	matched						
3373f13b9c9f43cb	116	game	2								boot:00313600		open	level:01:00301E88		open			
c2040c723da59219	116	game	3								boot:003358A0		open	boot:003AABA0	func_003A53E0	matched	boot:004EE718	func_004EE718	open
6aad132890c43ad9	116	game	2											boot:003E15E0	func_003DBE20	matched	boot:004598E8		open
a271996c747b5fd4	116	game	2											boot:003E7110	func_003E1950	matched	boot:00501358	func_00501358	open
71618cadbf34e53a	112	game	2								boot:002B7C10	FUN_002B7C10	matched	boot:003A2940	func_0039D5F8	matched			
0e861f2d45891ff3	112	game	2								boot:002E37B0		open	boot:003CE4A0	func_003C8CE0	matched			
761b6e383d1a7ea8	112	game	3								boot:002FCDA8		open	boot:003A9D40	func_003A4580	matched	boot:004E80F8	func_004E80F8	open
6adb325189ef0af4	112	game	3								boot:00335B10		open	boot:003AAE10	func_003A5650	matched	boot:004EE978	func_004EE978	open
e5cecc29417aa250	112	game	3								boot:00335CC0		open	boot:003AAFC0	func_003A5800	matched	boot:004EEB28	func_004EEB28	open
c480d7cf39fac0ab	112	game	2											boot:003A2BF8	func_0039D8B0	matched	boot:00489CC0	func_00489CC0	open
11d741613e101473	112	game	2											boot:003B2E98	func_003AD6D8	matched	boot:004F22F0	func_004F22F0	open
7043b5fb429d87cc	108	game	4	PutDrawBufferSmall	boot:001FB598	func_001FB598	matched	boot:001FB3D0	append_draw_buffer_packet	matched	boot:00284FC0		open	boot:003926F0	func_0038DB98	matched	boot:004596E0		open
035b4c2641aad7af	108	game	3	Help_FindIndex	boot:001FE4D0	func_001FE4D0	matched	boot:001FDCA0	find_help_message_index	matched	boot:00288F48		open	boot:00382380	func_0037DF28	matched			
720f21e1440eced9	108	game	4	MusicTimeRemainingCallback	boot:00217A60	func_00217A60	matched	boot:00216BC0	music_remaining_time_callback	matched	boot:002B8048		open	boot:003A2DA8	func_0039DA60	matched	boot:00489E80	func_00489E80	open
9e7381516440a547	108	game	2		boot:00209750	func_L00_0024BD18	open				boot:00298838		open						
d34d3693e52a93a4	108	game	3								boot:00350798	FUN_00350798	matched	boot:003B1790	func_003ABFD0	matched	boot:004F0BE8	func_004F0BE8	open
6b3cf6577305fc5a	108	game	3								boot:00350808	FUN_00350808	matched	boot:003B1800	func_003AC040	matched	boot:004F0C58	func_004F0C58	open
2e912107a1ccc9cf	108	game	2								boot:002857B8		open	boot:003B6718	func_003B0F58	matched			
6e58fc3b54ef60a1	108	game	2								boot:002EAAA8		open	boot:003BBAA8	func_003B62E8	matched			
3fffc15650c42037	104	game	2		boot:00219C08	func_00219C08	open	boot:00218D10	FUN_00218d10	matched	boot:002C9C90		open						
11ac61a08c4d5d92	104	game	2								boot:00282FB8		open	level:01:0040C188		open			
5bb65eeafb7a7b09	104	game	2								boot:0028B4D8		open	boot:00393770	func_0038EC18	matched			
40b989bf9dd195a0	104	game	2								boot:002E11C0		open	boot:003DF198	func_003D99D8	matched			
8a1e112634decad5	104	game	2								boot:0031E8F8		open	level:01:0030D618		open			
778c77f271cde3e6	104	game	2											boot:003A9310	func_003A3B50	matched	boot:004E75D0	func_004E75D0	open
c5722fa4535b364f	104	game	2											boot:003B3AC0	func_003AE300	matched	boot:004D3DC0	func_004D3DC0	open
86bb440b3772110d	104	game	2											boot:003C2BE8	func_003BD428	matched	boot:0046BEC8	func_0046BEC8	open
e1d8077ef705e198	104	game	2											boot:003E7080	func_003E18C0	matched	boot:005012C8	func_005012C8	open
94c2570a36e5fe5c	100	game	3	compose_bitmap_from_mask	boot:00205C08	func_00205C08	matched	boot:002053D8	compose_bitmap_from_mask	matched	boot:00295BE8	FUN_00295BE8	matched	level:01:0042B8F0		open			
2a0a083c246f67de	100	game	2	ClearPadInput	boot:00218188	func_00218188	matched	boot:002172C0	clear_pad_input	matched	boot:002B8888	FUN_002B8888	matched						
89684d5aae8e53ea	100	game	4		boot:0023C194	func_L00_002EFCFC	open	boot:0023ADC4		open	boot:0034F9CC		open	boot:003B049C		open	boot:004EF8E4	func_004EF8E4	open
1568ff60f838e1c1	100	game	3								boot:00291450		open	level:01:00421FE0		open	boot:00461240		open
8c6ad1dfcbb94463	100	game	2								boot:002AB668		open	boot:003C4AB8	func_003BF2F8	matched			
ce44fdefcccb2894	100	game	2								boot:002AFDD8		open	boot:003C52B8	func_003BFAF8	matched			
15ad4669f1da0d21	100	game	2								boot:002B60B0		open	level:01:00458A70		open			
a97652723e1fa6f1	100	game	2								boot:002FFFE0		open	level:01:004C6A70		open			
0b3c8836019ca465	100	game	2								boot:0031E6E8		open	level:01:0030D410		open			
fa88004692345ad9	100	game	2								boot:00338040		open	level:01:004CA1E8		open			
085ef78ec6e5dcdb	100	game	2											boot:003B0620	func_003AAE60	matched	boot:004EFA68	func_004EFA68	open
8343f37cde61a22e	100	game	2											boot:003B29E0	func_003AD220	matched	boot:004F1E38	func_004F1E38	open
4974838e371235d1	96	game	4		boot:001F7E98	func_001F7E98	open	boot:001F7CD0		open	boot:00280B30		open	boot:003D2F90	func_003CD7D0	matched	boot:0044BF48		open
f9e1ecaa00c623f4	96	game	4		boot:002038A8	func_L00_00240D80	open	boot:00203070		open	boot:00292F50		open	boot:003997B8		open	boot:004629B0		open
09d21f66d8576fc7	96	game	2								boot:002B7C80		open	boot:003A29B0	func_0039D668	matched			
fb4a92b5730acc13	96	game	3								boot:002C4788		open	level:01:0046A538		open	level:00:00613C78	func_L00_00613C78	open
cf40d5f5167b236f	96	game	3								boot:002F3DE0		open	boot:003DD940		open	level:00:006740C8	func_L00_006740C8	open
bc3c1dd891976b2f	96	game	2								boot:00304C18		open	level:01:0032BA28		open			
03a15cfdca61614d	96	game	2											boot:003C3AA0	func_003BE2E0	matched	boot:0046D340	func_0046D340	open
9cb0b69714703295	92	game	4	AA_BlurPass	boot:001FB848	func_001FB848	matched	boot:001FB680	append_texture_transfer_packet	matched	boot:002852D8		open	boot:00392A08	func_0038DEB0	matched	boot:00459758	func_004E7B88	open
79550a87987eb97e	92	game	2								boot:002AFE58		open	level:01:0044DDC8		open			
06ed21edcf7aaa87	92	game	3								boot:003073E0		open	level:01:0032EBE0		open	level:01:0046F7E8	func_L01_0046F7E8	open
6a5586dffeef124a	92	game	2								boot:00334100		open	level:01:0034BF38		open			
9bfca2523ec09386	92	game	2											boot:0038A088	func_00385628	open	boot:00449350		open
9fa74d4eb21f350d	92	game	2											boot:00391270	func_0038C718	matched	boot:00457478		open
5756d23e2164f0ee	92	game	2											boot:003B2F58	func_003AD798	matched	boot:004F23B0	func_004F23B0	open
664fa8fb2b41bb44	92	game	2											boot:003CE630	func_003C8E70	matched	boot:004DF098	func_004DF098	open
c985df4402c76211	88	game	3	relocateObjectPointers	boot:00203B18	func_00203B18	matched	boot:002032E0	relocate_asset_entry_pointers	matched	boot:00293260		open	level:01:00423DB8		open			
254ec521d3943dac	88	game	2	LVL_0_ARANOS_TUTORIAL_FUN_003F8A78							boot:0032D700	LVL_0_ARANOS_TUTORIAL_FUN_003F8A78	matched	level:01:0031ABE0		open			
64c9d9fafe113ae1	88	game	2								boot:00283AF0		open	boot:0038DD38	func_003892D8	matched			
0de0944adf6e4d47	88	game	2								boot:00283C28		open	boot:0038DE70	func_00389410	open			
967e70d3a92b708a	88	game	2								boot:002B0360		open	level:01:0044E300		open			
2126f220115d891e	88	game	2								boot:002B62A0		open	level:01:00458F38		open			
cede268cdbd2f267	88	game	2								boot:002B6788		open	boot:003A1458	func_0039C170	matched			
b42f3de9fbb595dd	88	game	2								boot:002E6120		open	boot:003A5960	func_003A0280	matched			
bd63702b1b8697a1	88	game	2								boot:002FF3F8		open	level:01:004C5DE0		open			
80660c82325b73db	88	game	2								boot:00300910		open	boot:003AA1E0	func_003A4A20	matched			
5ab90175a0ddb2cf	88	game	3								boot:00335960		open	boot:003AAC60		open	boot:004EE7D8	func_004EE7D8	open
db9c3f2f576cd953	88	game	3								boot:00351210		open	boot:003B21C0	func_003ACA00	matched	boot:004F1618	func_004F1618	open
613f84c1c189a063	88	game	2											boot:003B2E10	func_003AD650	matched	boot:004F2268	func_004F2268	open
970b74ec50f65336	84	game	2		boot:001EDDA8	func_L00_001ED380	open	boot:001EDA00		open	boot:00272138		open						
1b7bad930f89e121	84	game	4		boot:0023C128	func_L00_002EFC90	open	boot:0023AD58		open	boot:0034F960		open	boot:003B0430		open	boot:004EF878	func_004EF878	open
a7b396f3b0111ad5	84	game	3								boot:00350B70	FUN_00350B70	matched	boot:003B1B60	func_003AC3A0	matched	boot:004F0FB8	func_004F0FB8	open
88684dece6265097	84	game	3								boot:003512B8	FUN_003512B8	matched	boot:003B2268	func_003ACAA8	matched	boot:004F16C0	func_004F16C0	open
9d19a3066874b152	84	game	2								boot:002B0910		open	level:01:0044EA58		open			
b01154b680220f2f	84	game	2								boot:002DF750		open	boot:003D1228	func_003CBA68	matched			
3b31bfee8e56321f	84	game	2								boot:002FC010		open	level:01:004BD3D0		open			
2c8319ce5d7ec7c9	84	game	2											boot:003828E0	func_0037E250	matched	boot:004725D8	func_004725D8	matched
31658dc853d4a51b	80	game	3	AddDrawCallback	boot:001F49B0	func_001F49B0	matched	boot:001F4600	enqueue_callback_list_1	matched	boot:0027CDC8		open	boot:0038A0E8	func_00385688	matched			
87c98f52fc51c01b	80	game	2	measure_text_width	boot:001F65B0	func_001F65B0	matched	boot:001F6200	measure_text_width	matched	boot:0027F128	FUN_0027F128	matched						
50629b5b99f333f8	80	game	2		boot:001FA4A0	func_001FA4A0	open	boot:001FA2D8		open	boot:00283698		open						
0011966ce3245a88	80	game	3		boot:001FA4F0	func_001FA4F0	open	boot:001FA328		open	boot:00283738		open	boot:0038D918	func_00388EB8	matched			
a5b5c7dc08e88697	80	game	2		boot:00228110	func_00228110	matched	boot:00226E08	FUN_00226e08	matched	level:00:003584B0		open						
e35cdadc31fde7e1	80	game	2		boot:00209448	func_L00_0024BA10	open	boot:00208B28		open	boot:00298540		open						
bbca3fc9997409f6	80	game	2		boot:002096D8	func_L00_0024BCA0	open	boot:00208D60		open	boot:002987C0		open						
f13caa18c175beb2	80	game	4		boot:0020E990	func_L00_00251A78	open	boot:0020DB40		open	boot:002A0B88		open	boot:003C7AD0		open	boot:00470338	func_00470338	open
2cad3c18b4e958e0	80	game	2								boot:00300540	FUN_00300540	matched	level:01:004C73B0		open			
936b06f4e2f13702	80	game	2								boot:00336D50	FUN_00336D50	matched	boot:003ABFF0	func_003A6830	matched			
332f28f90e22413d	80	game	2								boot:00274B58		open	level:01:003F6DA0		open			
704f36af41081cab	80	game	3								boot:0027A9A0		open	boot:003875D0	func_00382F40	matched	boot:00447938		open
d9a60a04ddf98d98	80	game	2								boot:0027D098		open	level:01:00402768		open			
f3f1e14959676f58	80	game	2								boot:00282AB0		open	boot:0038CFB0		open			
760f2b5a96845975	80	game	2								boot:00283B48		open	boot:0038DD90	func_00389330	matched			
8a04ae5623166391	80	game	3								boot:00294070		open	boot:0039A958	func_003958A0	matched	boot:00464038		open
9d6df23d71fa8548	80	game	2								boot:002AFEB8		open	level:01:0044DE28		open			
6b07e7fe84f42546	80	game	2								boot:002B5CD8		open	level:01:00458600		open			
cfabe036a9a662e1	80	game	2								boot:00300190		open	level:01:004C6EC8		open			
7eebee4097bd4237	80	game	2								boot:00335C70		open	boot:003AAF70	func_003A57B0	matched			
6f9a7c23375c6f91	80	game	2											boot:003E6E28	func_003E1668	matched	boot:00501090	func_00501090	open
2d5b1e0eaed9c2bd	76	game	4	VU1_addDataRef	boot:00234B48	func_00234B48	matched	boot:00233830	vu1_add_data_ref	matched	boot:002FC410		open	boot:003A95A8	func_003A3DE8	matched	boot:004E7878	func_004E7878	open
803a4c2494b2ca3e	76	game	3		boot:00203908	func_L00_00240DE0	open	boot:002030D0		open	boot:00292FB0		open	boot:00399818		open			
ba27c811487b4496	76	game	3		boot:00205728	func_L00_00247478	open	boot:00204EF8		open	boot:00295680		open	level:01:0042B360		open			
3938b16992de02ec	76	game	3								boot:00351268	FUN_00351268	matched	boot:003B2218	func_003ACA58	matched	boot:004F1670	func_004F1670	open
ddea0b86d3399207	76	game	2								boot:00294130		open	boot:0039AA10	func_00395958	matched			
8a5fb3a186fd8722	76	game	2								boot:002AB600		open	boot:003C4A60	func_003BF2A0	matched			
efce7c73431cf59d	76	game	2								boot:002AC9F8		open	boot:003C4E00	func_003BF640	matched			
639b857827f3c107	76	game	2								boot:002B03B8		open	boot:003C5578	func_003BFDB8	matched			
8aa9eb0c13ff95a6	76	game	2								boot:002B7BC0		open	boot:003A28F0	func_0039D5A8	matched			
d198aac8fe68835d	76	game	2											boot:003B11A8	func_003AB9E8	matched	boot:004F0600	func_004F0600	open
96fd412ce1cceafc	76	game	2											boot:003B4890	func_003AF0D0	matched	boot:004A2D40	func_004A2D40	open
c3e0e12d7284b635	76	game	2											boot:003BE6B8	func_003B8EF8	matched	boot:004F5620	func_004F5620	open
ac4897e7a61462c9	76	game	2											boot:00392E68		open	boot:0045C878		open
4761b888881f99c5	72	game	3	sce_vu0_mul_matrix	boot:001FA540	func_001FA540	open	boot:001FA378		open	boot:00283788		open	boot:0038D968	func_00388F08	open			
68714cb4ff46017c	72	game	4	FastAddRots	boot:001FA748	func_001FA748	open	boot:001FA580	fast_add_rotations	open	boot:00283B98		open	boot:0038DDE0	func_00389380	open	boot:00453B10		open
1b0a964a54687aff	72	game	4	FastSubRots	boot:001FA790	func_001FA790	open	boot:001FA5C8	fast_subtract_rotations	open	boot:00283BE0		open	boot:0038DE28	func_003893C8	open	boot:00453B58		open
8bc35df5d8be55ea	72	game	3	FastTweenColor	boot:001FA8A8	func_001FA8A8	open	boot:001FA6E0		open	boot:00283D38		open	boot:0038DF00	func_003894A0	open			
02e0e959a2a14851	72	game	3		boot:00234C50	func_00234C50	matched	boot:00233938	FUN_00233938	matched	boot:002FC518		open	level:01:004C1FA0		open			
88cdbbf80ded5eaf	72	game	2	readBufBeginGet	boot:0023CDA8	func_0023CDA8	open	boot:0023B9D8	read_buf_begin_get	matched	boot:00350628	FUN_00350628	matched						
16f320d8e05484a9	72	game	4		boot:001F2ABC	func_L00_001F767C	open	boot:001F2714		open	boot:0027A17C		open	boot:003869DC		open	boot:00447444		open
9720c8d38c3a51b0	72	game	4		boot:00217970	func_L00_00267130	open	boot:00216AD0		open	boot:002B7F58		open	boot:003A2CB8		open	boot:00489D80	func_00489D80	open
589d92855070192a	72	game	2		boot:001FF4F8		open	boot:001FECC8		open	boot:00289FC8		open						
41a51a9dceee4ee3	72	game	2								boot:002945E8		open	level:01:00429F78		open			
3aed07ee1c62f94c	72	game	2								boot:002A10E8		open	boot:003C8028	func_003C2868	open			
2a926147097ffe71	72	game	2								boot:002B0D70		open	level:01:0044F480		open			
fe0c85a6df8d9b4b	72	game	2								boot:002B0E90		open	level:01:0044F5A0		open			
57a631e917c007d7	72	game	2								boot:002B67E0		open	boot:003A14B0	func_0039C1C8	matched			
051c9c108f644daf	72	game	3								boot:002C0C78		open	level:01:00466558		open	level:00:0060FE70	func_L00_0060FE70	open
86530506b39cafee	72	game	3								boot:002FED28		open	level:01:004C45F8		open	level:01:00636E18	func_L01_00636E18	open
5a5cdf2c61a544ad	72	game	2								boot:00335DC0		open	level:01:004C8A80		open			
0315b11c83988fd2	72	game	3								boot:00351A38		open	boot:003B2998	func_003AD1D8	matched	boot:004F1DF0	func_004F1DF0	open
0fdedda90cc7deae	72	game	2											boot:00382938	func_0037E2A8	matched	boot:00472690	func_00472690	open
681debe089200eb7	72	game	2											boot:00392D58	func_0038E200	matched	boot:0045C768		open
5f2e967ebae7c15b	72	game	2											boot:003A9560	func_003A3DA0	matched	boot:004E7830	func_004E7830	open
98c546490736c243	72	game	2											boot:003B2C98	func_003AD4D8	matched	boot:004F20F0	func_004F20F0	open
3cfde00867ded48d	72	game	2											boot:003E8550	func_003E2D90	matched	boot:00505AD8	func_00505AD8	open
fe44d6628fdb1b1c	72	game	2											boot:003B0688		open	boot:004EFAD0	func_004EFAD0	open
a59382f806988370	68	game	2	readBufEndPut	boot:0023CD60	func_0023CD60	open	boot:0023B990	read_buf_end_put	matched	boot:003505E0	FUN_003505E0	matched						
5d8e588af5514515	68	game	3								boot:0034F918	FUN_0034F918	matched	boot:003B03E8	func_003AAC28	matched	boot:004EF830	func_004EF830	open
072bd8f0b4be61f7	68	game	3								boot:00270550		open	boot:003831B0	func_0037EB20	matched	boot:0043A988		open
a30e1d9dfa9fbbb1	68	game	3								boot:002A0180		open	boot:003C3890	func_003BE0D0	matched	boot:0046D0C8	func_0046D0C8	open
3d8759f871f4711b	68	game	3								boot:002AA150		open	level:05:0043DD10		open	level:01:00594A10	func_L01_00594A10	matched
30bb0cfd22c6cc4e	68	game	3								boot:002C5020		open	level:01:0046ADD0		open	level:00:006146D0	func_L00_006146D0	open
d5d86ce369ea634d	68	game	2								boot:002F5CC8		open	level:01:004B6C20		open			
fe787df077daea1e	68	game	2								boot:002FC1D8		open	boot:003A9378	func_003A3BB8	matched			
952cf17f62c25fbe	68	game	2								boot:003058C8		open	level:01:0032CAB0		open			
e5bf25dd90d938cc	68	game	2											boot:00382898	func_0037E208	matched	boot:00472590	func_00472590	matched
1fca4d8bbc9edb20	64	game	4	writeGSHeader	boot:001F852C	func_001F852C	open	boot:001F8364		open	boot:002811D4		open	boot:003D3630	func_003CDE70	open	boot:0044C5E8		open
99ea573b74088e1f	64	game	3		boot:001FA588	func_001FA588	open	boot:001FA3C0		open	boot:002837D0		open	boot:0038D9B0	func_00388F50	matched			
4e5dca5f624b5c79	64	game	2	save_card_state_check_save	boot:002094E0	func_002094E0	matched	boot:00208BC0	save_card_state_check_save	matched	boot:002985F0		open						
118bfa93d477b6f9	64	game	2	save_card_state_create_save_pending	boot:00209698	func_00209698	matched	boot:00208D20	save_card_state_create_save_pending	matched	boot:00298780		open						
78394deffce6c546	64	game	2	PackImageDescriptor	boot:00227A30	func_00227A30	matched	boot:00226778	PackImageDescriptor	matched	boot:002DE810	FUN_002DE810	matched						
bea8e8b5d6c69d32	64	game	3		boot:001F9D78	func_L00_001FF468	open	boot:001F9BB0		open	boot:00282ED8		open	level:01:0040C0A8		open			
70b36df025b6d90a	64	game	3		boot:001F9DC0	func_L00_001FF4B0	open	boot:001F9BF8		open	boot:00282F20		open	boot:0038D290		open			
02f2c475cc27a76d	64	game	3		boot:001FE438	func_L00_00203E98	open	boot:001FDC08		open	boot:00288D90		open	level:01:00417ED8		open			
879cafcdbdb7cd7f	64	game	2		boot:002092E8	func_L00_0024B8B0	open				boot:002983D0		open						
cf4e2c0107ec6f8b	64	game	3	LightMoby	boot:0020E360	func_L00_00251388	open	boot:0020D510		open	boot:002A04E8		open	level:01:00438968		open			
da7bcd4c4b065c0f	64	game	4		boot:00217920	func_L00_002670E0	open	boot:00216A80		open	boot:002B7F08		open	boot:003A2C68		open	boot:00489D30	func_00489D30	open
d2cb460b1e86b219	64	game	2								boot:00278830		open	boot:003D5838		open			
37b83b91bf0605f2	64	game	3								boot:00351EE8		open	boot:003B2F08	func_003AD748	matched	boot:004F2360	func_004F2360	open
d9e23c04b9532daa	64	game	2											boot:003B15B0	func_003ABDF0	matched	boot:004F0A08	func_004F0A08	open
e96fc42a03aeb3a9	64	game	2											boot:003B2860	func_003AD0A0	matched	boot:004F1CB8	func_004F1CB8	open
f34985d1ac55b887	64	game	2											boot:003C3B80	func_003BE3C0	matched	boot:0046D5C0	func_0046D5C0	open
7c0aee59e42b13b3	64	game	2											boot:003A0D38		open	boot:00469F78		open
31bb3120eddb3d8d	64	game	2											boot:003B06D0		open	boot:004EFB18	func_004EFB18	open
833875f805ace8b9	60	game	3		boot:001FA9E8	func_001FA9E8	open	boot:001FA820		open	boot:00283EB0		open	level:01:0040D1B8		open			
8c2ff43f15c0b358	60	game	2		boot:00222D70	func_00222D70	matched	boot:00221D28	FUN_00221d28	matched	boot:002DBE80		open						
e5a5d589e88fc871	60	game	2		boot:0023CEC8	func_L00_002F0A30	open	boot:0023BAF8		open	boot:00350750		open						
890e7c5ba6cd4821	60	game	2								boot:002934B8	FUN_002934B8	matched	boot:00399CD0	func_00394C18	matched			
e3410a4fcb44add9	60	game	2								boot:002A7750	FUN_002A7750	matched	level:01:00441FB8		open			
6981cb60babc4c9e	60	game	2								boot:003364C8	FUN_003364C8	matched	level:01:004C9188		open			
c59debb59b2c2d1d	60	game	2								boot:00336508	FUN_00336508	matched	level:01:004C91C8		open			
1422f64c88b54fb5	60	game	3								boot:0029AF58		open	boot:0039EA50	func_003997F0	matched	boot:00468C38		open
8e04c55bb8231440	60	game	2								boot:0029FA88		open	boot:003C2FD0		open			
9f6234989d63478a	60	game	3								boot:002C4B10		open	level:01:0046A8E0		open	level:00:006140B8		open
9c4a846de5bfa264	60	game	2								boot:002F88D8		open	level:01:004B8520		open			
24fb342bfadce484	60	game	2								boot:00307BF0		open	level:01:0032F678		open			
7af571c5dc829dac	60	game	3								boot:00335C20		open	boot:003AAF20	func_003A5760	matched	boot:004EEA88		open
936290a4c5a62a52	60	game	2											boot:003823F0	func_0037DF98	matched	boot:0045E038		open
ac2bc0f8d1c0ea2c	60	game	2											boot:0038E3D0	func_003898C0	matched	boot:00454258		open
e1ba33f1b2d97321	60	game	2											boot:003A0F88	func_0039BCC8	open	boot:0046A1C0	func_0046A1C0	open
5fa26f3a163c1bd2	60	game	2											boot:003A2D50	func_0039DA08	matched	boot:00489E28	func_00489E28	open
c0c1de94ce8ee439	60	game	2											boot:003B1168	func_003AB9A8	open	boot:004F05C0	func_004F05C0	open
7cd8eaacf5f442a4	60	game	2											boot:003B1570	func_003ABDB0	matched	boot:004F09C8	func_004F09C8	open
bd64c7746bf099be	60	game	2											boot:003BE0E8	func_003B8928	matched	boot:004F4F70	func_004F4F70	open
122a653d41a89f49	60	game	2											boot:003E7210	func_003E1A50	matched	boot:00501458	func_00501458	open
fd0147e42e329426	60	game	2											boot:003A5850		open	boot:004E24E0	func_004E24E0	open
67ec42661e4e4933	60	game	2											boot:003B1748		open	boot:004F0BA0	func_004F0BA0	open
e021138472a567e6	56	game	2	STUB_printf	boot:001E9730	func_001E9730	matched	boot:001E93B0	DebugPrint	matched	boot:0026FEB8	FUN_0026FEB8	matched						
947387356341d827	56	game	2	Camera_commitPendingTransform	boot:001ECC10	func_001ECC10	matched	boot:001EC868	restore_camera_vectors	matched	boot:00270EA8		open						
64ec61b2a1d5faf2	56	game	4	FontSetWindow	boot:001F7648	func_001F7648	matched	boot:001F7668	InitializeDmaPacket	matched	boot:002802E0	FUN_002802E0	matched	boot:0038FD08	func_0038B1B0	matched	boot:00455E40		open
22d051aaa18264eb	56	game	3	FastVecDist	boot:001F9D10	func_001F9D10	open	boot:001F9B48		open	boot:00282E48		open	boot:0038D228	func_003887C8	open			
14bf80906a1ff203	56	game	3		boot:001FA1C0	func_001FA1C0	open	boot:001F9FF8		open	boot:002833B8		open	boot:0038D5F8	func_00388B98	matched			
1ad1112489d5e314	56	game	4	FastDiffRots	boot:001FA850	func_001FA850	open	boot:001FA688	fast_difference_between_rotations	open	boot:00283C80		open	boot:0038DEC8	func_00389468	matched	boot:00453BF8		open
5ab93e3879818cf1	56	game	4	memcard_GetDataSize	boot:0020BAD8	func_0020BAD8	matched	boot:0020AC88	GetDmaPacketSpanBytes	matched	boot:0029AE78	FUN_0029AE78	matched	boot:0039E970	func_00399710	matched	boot:00468B40		open
be728f9cad0035c9	56	game	4	DmaToSprSync	boot:0020C230	func_0020C230	open	boot:0020B3E0	dma_to_spr_sync	open	boot:0029CF78		open	boot:003A0440	func_0039B200	open	boot:00469800		open
09d8ef34799b0a19	56	game	3		boot:001F9E10	func_L00_001FF500	open	boot:001F9C48		open	boot:00282F70		open	boot:0038D2E0		open			
766483dbe9f7eaa3	56	game	2		boot:00209188	func_L00_0024B750	open	boot:002088D0		open	boot:00298298		open						
fa429cd469ee74a5	56	game	2	release_voice_slot	boot:0022EAB0	func_L00_0028EBF0	open	boot:0022D798		open	boot:002E59F8		open						
5de19dd0062ee5bf	56	game	3								boot:00282BA8		open	boot:0038D0A8	func_00388648	open	boot:00453868		open
3a8eb5b3521b9f9d	56	game	2								boot:00283D80		open	level:01:0040D088		open			
a63b5ef367c41e59	56	game	2								boot:00288970		open	level:39:00598F48		open			
ad2fff49ea1bb8cd	56	game	2								boot:0028E408		open	level:01:0041D700		open			
6481e4f2db767dcb	56	game	2								boot:002A0430		open	level:01:00438430		open			
7f67cd67306bbef3	56	game	2								boot:002B04E0		open	level:01:0044E480		open			
1c8d948238be79e1	56	game	3								boot:002BF6F0		open	level:01:00464FE8		open	level:00:0060E620	func_L00_0060E620	matched
657768743637a7d4	56	game	3								boot:002F3E40		open	boot:003DD9A0	func_003D81E0	open	level:00:00674128	func_L00_00674128	open
f0546b7138af852f	56	game	2											boot:003B3268	func_003ADAA8	matched	boot:004968E8	func_004968E8	open
83662f53d4051c0f	56	game	2											boot:003C1878	func_003BC0B8	matched	boot:004F6250	func_004F6250	matched
dd320501220c9088	56	game	2											boot:003A04C0		open	boot:00469880		open
3a7eaa250c650a86	56	game	2											boot:003A0770		open	boot:00469BB0		open
b4a535a97bd5dea5	56	game	2											boot:003B0710		open	boot:004EFB58	func_004EFB58	open
ef05ebe87d7825ea	52	game	3	music_Pause	boot:00216EF0	func_00216EF0	matched	boot:00216050	InitializeRenderState	matched	boot:002B72E8		open	level:01:0045BF98		open			
e7d3672b6f329ff0	52	game	4	Vif1ChainCmd	boot:00235290	func_00235290	matched	boot:00233F78	AppendDmaTag	matched	boot:002FCF90		open	boot:003A9EE0	func_003A4720	matched	boot:004E8298	func_004E8298	open
46fd55b148d56f56	52	game	2		boot:002097BC	func_L00_0024BD84	open				boot:002988A4		open						
90c4f9366d05f9e9	52	game	2								boot:00349498	FUN_00349498	matched	boot:003AD608	func_003A7E48	matched			
8b1664d5e376edc3	52	game	2								boot:002A9640		open	level:01:00444358		open			
8859a291b4ae6c09	52	game	2								boot:00300248		open	level:01:004C6FD8		open			
b36c02b8071d414a	52	game	2								boot:003495D8		open	boot:003AD750	func_003A7F90	matched			
081c1770afb65e36	52	game	3								boot:00351890		open	boot:003B2800	func_003AD040	matched	boot:004F1C58	func_004F1C58	matched
86c5909e5063eab6	52	game	2											boot:00391398	func_0038C840	matched	boot:00457648		open
800e2b8151e2db0d	52	game	2											boot:003A0E88	func_0039BBC8	open	boot:0046A0C0		open
9517cb263ce10a1a	52	game	2											boot:003B4488	func_003AECC8	matched	boot:004A2918	func_004A2918	open
570c5c6f9a63931a	52	game	2											boot:003C0CE0	func_003BB520	matched	boot:0049B8A8	func_0049B8A8	matched
0588be846251f007	52	game	2											boot:003E5B30	func_003E0370	matched	boot:0050DA70	func_0050DA70	open
1b2e16e7914a1e04	52	game	2											boot:003E68A8	func_003E10E8	matched	boot:00500950	func_00500950	open
640ce76a6bde47cd	52	game	2											boot:003E74D8	func_003E1D18	matched	boot:00501988	func_00501988	open
ec3c11ce3ee8c326	52	game	2											boot:003EDD60	func_003E85A0	matched	boot:0050C058	func_0050C058	open
4d5c0f7556b2f441	52	game	2											boot:003A0DFC		open	boot:0046A03C		open
4eadc925894fd6f3	52	game	2											boot:003F248C		open	boot:00510AF4	func_00510AF4	open
57c7cfc29932f763	48	game	4	FastDecTimer	boot:001F9908	func_001F9908	open	boot:001F9740		open	boot:00282948		open	boot:0038CDF8	func_00388398	open	boot:004534D0		open
5fa48eb2e483cee8	48	game	4	FastDecTimer	boot:001F9938	func_001F9938	open	boot:001F9770		open	boot:00282978		open	boot:0038CE28	func_003883C8	open	boot:00453508		open
f46e739a3851d6e2	48	game	4	FastMemOr16	boot:001F9AC0	func_001F9AC0	open	boot:001F98F8		open	boot:00282B78		open	boot:0038D078	func_00388618	open	boot:00453838		open
ddca01e66e970402	48	game	3	FastVecLength	boot:001F9CB8	func_001F9CB8	open	boot:001F9AF0		open	boot:00282DF0		open	boot:0038D1D0	func_00388770	open			
369a0ef7803d5ed0	48	game	3	VecDistance2	boot:001F9D48	func_001F9D48	open	boot:001F9B80		open	boot:00282E80		open	boot:0038D260	func_00388800	open			
fc2443ff9acb0c1c	48	game	3		boot:001F9EE8	func_001F9EE8	open	boot:001F9D20		open	boot:002830C0		open	boot:0038D350	func_003888F0	matched			
dc09bcb9d348d11c	48	game	4	FastCountChars	boot:001F9F60	func_001F9F60	open	boot:001F9D98		open	boot:00283150		open	level:39:0058F888		open	boot:004538F8		open
735acf3e0691785c	48	game	3		boot:001FA190	func_001FA190	open	boot:001F9FC8		open	boot:00283388		open	boot:0038D5C8	func_00388B68	matched			
1807c11233f1d835	48	game	3	music_channel_ready_callback	boot:00217830	func_00217830	matched	boot:00216990	music_channel_ready_callback	matched	boot:002B7DF8	FUN_002B7DF8	matched	boot:003A2B48	func_0039D800	matched			
1daf5579a4531368	48	game	4	readBufBeginPut	boot:0023CD30	func_0023CD30	open	boot:0023B960	GetStateOffsetAddress	matched	boot:003505B0	FUN_003505B0	matched	boot:003B1540	func_003ABD80	matched	boot:004F0998	func_004F0998	open
ecd84ee11818cd80	48	game	3		boot:001FE478	func_L00_00203ED8	open	boot:001FDC48		open	boot:00288DD0		open	level:01:00417F18		open			
d24d4e4a129db7b4	48	game	3		boot:002058D0	func_L00_00247620	open	boot:002050A0		open	boot:00295828		open	level:01:0042B508		open			
663ae9f29308aba9	48	game	3		boot:0020E3A0	func_L00_002513C8	open	boot:0020D550		open	boot:002A0528		open	level:01:004389A8		open			
53045ca1dd76d67a	48	game	3		boot:0020FC04	func_L00_00252CEC	open	boot:0020EDB4		open	boot:002A241C		open	boot:003C8D34		open			
a806d059988ca7a6	48	game	2		boot:0022F0A8	func_L00_0028F3E0	open	boot:0022DD90		open	boot:002E60A0		open						
9405a5de7f8ca2ff	48	game	3	MusicStartCallback	boot:002179C8	func_L00_00267188	open	boot:00216B28		open	boot:002B7FB0		open	boot:003A2D10		open			
572f6592da85bb15	48	game	2	LVL_0_ARANOS_TUTORIAL_FUN_002F3410							boot:00287E18	LVL_0_ARANOS_TUTORIAL_FUN_002F3410	matched	boot:003E4030	func_003DE870	matched			
8af04d01dbf1381c	48	game	3								boot:00280630		open	level:01:00405400		open	level:00:005B2AF0	func_L00_005B2AF0	open
e4d354e43a9df5fd	48	game	3								boot:00288BB8		open	boot:00392F68	func_0038E410	matched	boot:0045C960		open
6890dd919663e53d	48	game	2								boot:0028DF38		open	boot:00396688	func_00391B30	matched			
245df62f526d4405	48	game	3								boot:002B0A18		open	level:39:006C9748		open	boot:004989C0	func_004989C0	matched
31bed296357b1564	48	game	3								boot:002F5D10		open	level:01:004B6C68		open	level:01:00631CB8	func_L01_00631CB8	matched
700dd8a30412cd9d	48	game	3								boot:00300300		open	level:01:004C71F8		open	level:01:0063B1B8	func_L01_0063B1B8	open
dc62b2f50da9af6b	48	game	2								boot:00335870		open	boot:003AAB70	func_003A53B0	matched			
251ded279b088738	48	game	2								boot:00335AE0		open	boot:003AADE0	func_003A5620	matched			
d1da64d865446ca7	48	game	2											boot:003A9EB0	func_003A46F0	open	boot:004E8268	func_004E8268	open
574ebf58e6ec7404	48	game	2											boot:003B2C18	func_003AD458	matched	boot:004F2070	func_004F2070	matched
3720b58798640673	48	game	2											boot:003E68E0	func_003E1120	matched	boot:00500988	func_00500988	matched
6f744ecc682290ff	48	game	2											boot:003A57C8		open	boot:004E2458	func_004E2458	open
6c347ffbe229ede6	44	game	2	menu_post_preparePageOpen	boot:00209418	func_00209418	matched	boot:00208AF8	save_card_state_format_pending	matched	boot:00298510		open						
9e25c98830441529	44	game	2	voice_update_callback	boot:0022F0F0	func_0022F0F0	matched	boot:0022DDD8	voice_update_callback	matched	boot:002E60E8	FUN_002E60E8	matched						
b40ea750c80d3c72	44	game	2	LVL_24_SHIP_SHACK_FUN_002AECC0							boot:00280600	LVL_24_SHIP_SHACK_FUN_002AECC0	matched	level:01:004E7118		open			
6ec8630577b8948d	44	game	2								boot:0028B288		open	boot:003935B0	func_0038EA58	matched			
3fed7595d42e1377	44	game	2								boot:0028BA50		open	boot:00393C18	func_0038F0C0	matched			
088b5eda62c92eed	44	game	3								boot:00291758		open	boot:003D1020	func_003CB860	matched	boot:01EE9900	func_01EE9900	matched
2d517dd578defe97	44	game	3								boot:002A01F0		open	boot:003C3900	func_003BE140	matched	boot:0046D138	func_0046D138	matched
28f4ae8b0a634add	44	game	3								boot:002A0220		open	boot:003C3930	func_003BE170	matched	boot:0046D168	func_0046D168	matched
10cb3d2107a70f8e	44	game	3								boot:002AEC18		open	level:01:0044B598		open	boot:00479580	func_00479580	open
36e9b92919c3ed23	44	game	2								boot:002AFF08		open	level:01:0044DE78		open			
0851e0be5550f05b	44	game	3								boot:002F0E08		open	boot:003D9E70	func_003D46B0	matched	level:00:006702B0	func_L00_006702B0	open
cf309a36abd17a43	44	game	2											boot:00382868	func_0037E1D8	matched	boot:00472560	func_00472560	matched
01445ce1cee8c0c1	44	game	2											boot:00393458	func_0038E900	matched	boot:0045E830		open
91891aae655aa0d8	44	game	2											boot:003A0F00	func_0039BC40	open	boot:0046A138	func_0046A138	open
4cf7e431b940f87c	44	game	2											boot:003A0D78		open	boot:00469FB8		open
d741f8a5663460f8	44	game	2											boot:003B05C0		open	boot:004EFA08	func_004EFA08	open
3caf49f4cc86ebd0	44	game	2											boot:003E6F48		open	boot:005011C0	func_005011C0	open
6a3c0a54b591c39b	44	game	2											boot:003F2460		open	boot:00510AC8	func_00510AC8	open
fd6bad17f21559cb	40	game	3	scale_ticks	boot:001F9850	func_001F9850	open	boot:001F9688	FUN_001f96f8	open	boot:00282890		open	boot:0038CD40	func_003882E0	open			
15d1ca224f2fff13	40	game	4	FastMemSet	boot:001F99B0	func_001F99B0	open	boot:001F97E8		open	boot:00282A60		open	boot:0038CEA0	func_00388440	open	boot:00453608		open
60ce9f6aae913598	40	game	4	FastMemZero16	boot:001F99D8	func_001F99D8	open	boot:001F9810		open	boot:00282A88		open	boot:0038CEC8	func_00388468	open	boot:00453630		open
dd9573b344bd66f5	40	game	3	FastMemCopy	boot:001F9A98	func_001F9A98	open	boot:001F98D0		open	boot:00282B50		open	boot:0038D050	func_003885F0	open			
a23b1763d6a8697d	40	game	2		boot:001F9B20	func_001F9B20	open	boot:001F9958		open	boot:00282BE0		open						
2e120db4a9dedf0a	40	game	2		boot:001F9C08	func_001F9C08	open	boot:001F9A40		open	boot:00282D08		open						
5bc4c9103f9cfebe	40	game	2	FastVecDot	boot:001F9C78	func_001F9C78	open	boot:001F9AB0		open	boot:00282DB0		open						
c5ec4504d280cb58	40	game	3		boot:001F9CE8	func_001F9CE8	open	boot:001F9B20		open	boot:00282E20		open	boot:0038D200	func_003887A0	open			
9486f209d0b103d5	40	game	3	matrix_mul_vec3	boot:001F9EC0	func_001F9EC0	open	boot:001F9CF8		open	boot:00283098		open	boot:0038D328	func_003888C8	matched			
3c32d88b0b5d1464	40	game	3	FastVectorToPackedChars	boot:001F9F30	func_001F9F30	open	boot:001F9D68		open	boot:00283108		open	boot:0038D380	func_00388920	open			
df3324676396e69c	40	game	3		boot:001FA168	func_001FA168	open	boot:001F9FA0		open	boot:00283360		open	boot:0038D5A0	func_00388B40	matched			
4532585d3a02efc7	40	game	4	SetBackgroundColor	boot:001FB448	func_001FB448	matched	boot:001FB280	PackDmaTag	matched	boot:00284E18		open	boot:00392580	func_0038DA28	matched	boot:004593D8		open
50d3a8d2c52323b0	40	game	2		boot:0021EDD8	func_0021EDD8	matched	boot:0021DDD0	FUN_0021ddd0	matched	boot:002D95D8		open						
11362e4513951967	40	game	2		boot:00222950	func_00222950	matched	boot:00221908	FUN_00221908	matched	boot:002DBAA8		open						
4ed3cd5b22555cc3	40	game	3	CollType	boot:001F0F00	func_L00_001F3958	open	boot:001F0B58		open	boot:00278E78		open	boot:003D5880		open			
3f5ae1ba85034387	40	game	3		boot:001F9A48	func_L00_001FF088	open	boot:001F9880		open	boot:00282B00		open	boot:0038D000		open			
9369e91cfea117be	40	game	3		boot:001F9A70	func_L00_001FF0B0	open	boot:001F98A8		open	boot:00282B28		open	boot:0038D028		open			
34252156ff5cdd93	40	game	2		boot:002093B8	func_L00_0024B980	open	boot:00208A98		open	boot:002984B0		open						
24afeaeae4537b79	40	game	2		boot:002093EC	func_L00_0024B9B4	open	boot:00208ACC		open	boot:002984E4		open						
234c049a14ce60bf	40	game	2		boot:0020963C	func_L00_0024BC04	open	boot:00208CC4		open	boot:00298724		open						
490458fa752fab50	40	game	2		boot:00209670	func_L00_0024BC38	open	boot:00208CF8		open	boot:00298758		open						
fc4c7f41dc915013	40	game	2		boot:002099F0	func_L00_0024BFB8	open	boot:00208FC0		open	boot:00298B48		open						
533ceccab75c980c	40	game	2		boot:00209A34	func_L00_0024BFFC	open	boot:00209004		open	boot:00298B8C		open						
280dfc33385dc440	40	game	4		boot:0020C758	func_L00_0024EBF8	open	boot:0020B908	FUN_L00_0024dbc0	open	boot:0029D7C0		open	boot:003A0D10		open	boot:00469F50		open
a85d97aa9b6d45e1	40	game	2	save_card_state_warning				boot:00208980	save_card_state_warning	matched	boot:00298380		open						
a98a006076e66deb	40	game	2								boot:00282EB0		open	level:01:0040C018		open			
33bf756cbe3db2b7	40	game	3								boot:002A01C8		open	boot:003C38D8	func_003BE118	matched	boot:0046D110	func_0046D110	open
2748e38282604e30	40	game	2								boot:002AFF38		open	boot:003C5340	func_003BFB80	matched			
3970019b9e9ad6c4	40	game	3								boot:002F1E60		open	boot:003DAFD4	func_003D5814	open	level:00:00671744	func_L00_00671744	open
d1dc44bba4ff9fee	40	game	3								boot:002F3CF8		open	boot:003DD858	func_003D8098	open	level:00:00673FE0	func_L00_00673FE0	open
1662e86b78353f0b	40	game	3								boot:002FEC50		open	level:01:004C4520		open	level:01:00636D50	func_L01_00636D50	matched
95882cf867fde884	40	game	3								boot:00347EA0		open	boot:00398738		open	boot:0045FEB8		open
5608a08b089a1d1f	40	game	3								boot:00351CD8		open	boot:003B2BF0	func_003AD430	matched	boot:004F2048	func_004F2048	open
543419b192e3dbee	40	game	2											boot:003A0ED8	func_0039BC18	open	boot:0046A110	func_0046A110	open
5e8484e7d4ad7f5e	40	game	2											boot:003B1630	func_003ABE70	matched	boot:004F0A88	func_004F0A88	open
e2ec162047da9013	40	game	2											boot:003B2C48	func_003AD488	matched	boot:004F20A0	func_004F20A0	open
e9c6ddb57610343a	40	game	2											boot:003BC950	func_003B7190	matched	boot:004F3440	func_004F3440	open
1518abd7034a4018	40	game	2											boot:003E7288	func_003E1AC8	matched	boot:005014D0	func_005014D0	open
aebbeba0efe14fdd	40	game	2											boot:003E72B0	func_003E1AF0	matched	boot:005014F8	func_005014F8	open
e76b0240cf1483af	40	game	2											boot:003E72D8	func_003E1B18	matched	boot:00501520	func_00501520	open
80c279307021c56f	40	game	2											boot:003E7300	func_003E1B40	matched	boot:00501548	func_00501548	open
93a6460c258e0ed5	40	game	2											boot:003E7328	func_003E1B68	matched	boot:00501570	func_00501570	open
f3d432fd94c948c1	40	game	2											boot:00392E40		open	boot:0045C850		open
19fe460fd3acfba0	40	game	2											boot:003A0DD0		open	boot:0046A010		open
47e07ac1cb8243ab	40	game	2											boot:003C76A8		open	boot:00470238	func_00470238	open
c3404c68a67476d4	36	game	4	readBufEndGet	boot:0023CDF0	func_0023CDF0	open	boot:0023BA20	GetStateTableWord	matched	boot:00350670	FUN_00350670	matched	boot:003B15F0	func_003ABE30	matched	boot:004F0A48	func_004F0A48	open
4761cb33c6386635	36	game	4	scTag2	boot:0023CFF0	func_0023CFF0	open	boot:0023BC20	PackStateValue	matched	boot:00350878	FUN_00350878	matched	boot:003B1870	func_003AC0B0	matched	boot:004F0CC8	func_004F0CC8	open
7331f7d2cebb84ec	36	game	2		boot:0021ACD8	func_L00_002788E0	open	boot:00219D80		open	boot:002CC490		open						
1b3f061c5fb20500	36	game	2	save_card_state_no_card				boot:002089A8	save_card_state_no_card	matched	boot:002983A8		open						
4d9ba960e580d76a	36	game	2	save_card_state_format_failed				boot:00208E68	save_card_state_format_failed	matched	boot:002988F0		open						
87aac227e57ee591	36	game	2								boot:00335E38	FUN_00335E38	matched	boot:003AB0E8	func_003A5928	matched			
900c4fe04f2edb84	36	game	2								boot:00335F88	FUN_00335F88	matched	boot:003AB210	func_003A5A50	matched			
4c7512fe1b6052df	36	game	2	LVL_24_SHIP_SHACK_FUN_002EBB68							boot:002820A0	LVL_24_SHIP_SHACK_FUN_002EBB68	matched	level:11:003E2980		open			
e1cfbf698b677109	36	game	3								boot:00284E80		open	boot:003925B0	func_0038DA58	matched	boot:00459408	func_004EF6A8	matched
d6f2a5a7bb218daf	36	game	3								boot:00285788		open	level:01:00413648		open	level:00:005C54A8	func_L00_005C54A8	open
2166315a04802dbf	36	game	2								boot:002A90C8		open	level:01:00443A90		open			
ac1af11301f26d96	36	game	2								boot:002B4038		open	level:01:00454168		open			
5808faebc8901941	36	game	2								boot:00335938		open	boot:003AAC38	func_003A5478	matched			
dd9f9f3b9d6ff0bb	36	game	2								boot:0034F780		open	boot:003C1530	func_003BBD70	matched			
8488e539f7c92658	36	game	2											boot:003A0F60	func_0039BCA0	matched	boot:0046A198	func_0046A198	open
fd2ae4a67fd656a2	36	game	2											boot:003A0FC8	func_0039BD08	open	boot:0046A200	func_0046A200	open
d37286f53920b11d	36	game	2											boot:003B4460	func_003AECA0	matched	boot:004A28F0	func_004A28F0	open
cbd20a4eafc876b7	36	game	2											boot:003980C8	func_003B0278	matched	boot:00496EE8	func_01EEFE94	open
95b58d7c71cbc03b	36	game	2											boot:003D7AA0	func_003D22E0	matched	boot:004F7A48	func_004F7A48	open
a1a31e5ad29fbed0	36	game	2											boot:003F2550	func_003ECD90	open	boot:00510B90	func_00510B90	open
ccaf65ebc1337820	32	game	2	vec_length	boot:001F9B50	func_001F9B50	open	boot:001F9988		open	boot:00282C10		open						
487a7f62a92cca1e	32	game	2		boot:001FA1F8	func_001FA1F8	open	boot:001FA030		open	boot:002833F0		open						
a15bb06997308866	32	game	2	euler_to_matrix	boot:001FA218	func_001FA218	open	boot:001FA050		open	boot:00283410		open						
84cc443846e84b3f	32	game	3		boot:001FA460	func_001FA460	open	boot:001FA298		open	boot:00283658		open	boot:0038D898	func_00388E38	open			
fcb9969803bc62a1	32	game	2	matrix_copy_rows	boot:001FA480	func_001FA480	open	boot:001FA2B8	FUN_001fa2b8	open	boot:00283678		open						
7f7849c211fc7d62	32	game	2	save_card_state_no_room	boot:002098A8	func_002098A8	matched	boot:00208EB8	save_card_state_no_room	matched	boot:00298940		open						
a89b04ef259be3a6	32	game	3	DmaToSpr	boot:0020C210	func_0020C210	open	boot:0020B3C0	WriteDmaChannelRegisters	open	boot:0029CF58		open				boot:004697C0		open
ce8604365db068e3	32	game	4		boot:0020C738	func_0020C738	open	boot:0020B8E8		open	boot:0029D7A0		open	boot:003A0CF0	func_0039BA30	open	boot:00469F30		open
3c25bae11e23f2e5	32	game	4	PackRenderCommandFields	boot:0020E340	func_0020E340	matched	boot:0020D4F0	PackRenderCommandFields	matched	boot:002A0468		open	boot:003C7200	func_003C1A40	matched	boot:00470090	func_00470090	open
5b26d22e75664df2	32	game	4	voBufDecCount	boot:0023E710	func_0023E710	open	boot:0023D340	DecrementStateFieldIfPositive	matched	boot:00351FA0	FUN_00351FA0	matched	boot:003B2FB8	func_003AD7F8	matched	boot:004F2410	func_004F2410	matched
346c9ffa777d11f3	32	game	2		boot:00209358	func_L00_0024B920	open	boot:00208A38		open	boot:00298440		open						
19f84135911378d3	32	game	2		boot:00209398	func_L00_0024B960	open	boot:00208A78		open	boot:00298490		open						
97264b8677b0003a	32	game	3		boot:00234350	func_L00_002951A8	open	boot:00233038		open	boot:002EEFE0		open	level:01:004AD788		open			
01f4a68846dd1c06	32	game	3								boot:0034F898	FUN_0034F898	matched	boot:003B0320	func_003AAB60	matched	boot:00460110	func_004EF768	open
ed6151bbbeff5232	32	game	3								boot:00279988		open	boot:003A15F0	func_0039C2A8	matched	boot:001637D0	func_001637D0	open
e563cd984fb38996	32	game	2								boot:0027F178		open				level:00:00695FD8	func_L00_00695FD8	open
ab3bcf761b6894f8	32	game	2								boot:00295C50		open	level:01:0042B958		open			
8be5091164a4d037	32	game	2								boot:002B5258		open	level:01:004576E8		open			
09a7aae74a5340a6	32	game	3								boot:002FEE50		open	level:01:004C4AB8		open	boot:004EA8B0	func_004EA8B0	matched
a531384faf2ee905	32	game	2								boot:00335D80		open	boot:003AB080	func_003A58C0	matched			
db348df08d8ed3e6	32	game	2											boot:00381180	func_0037D100	matched	level:01:00627A98	func_L01_00627A98	matched
da64fbee8ce3abe2	32	game	2											boot:0038CE58	func_003883F8	open	boot:00147DE0	func_00147DE0	open
aa6bea717c152664	32	game	2											boot:003E5B68	func_003E03A8	matched	boot:004FF910	func_01EC78C8	open
7d5ff73dcdf490d2	32	game	2											boot:003E9070	func_003E38B0	matched	boot:005065D8	func_005065D8	open
700f67d2d408e103	32	game	2											boot:003A0480		open	boot:00469840		open
e97c36905f832327	32	game	2											boot:003A04F8		open	boot:004698B8	func_L00_005DACF8	open
6233019f5310cc03	32	game	2											boot:003A0E30		open	boot:0046A070		open
0e2f4da61c434750	32	game	2											boot:003B05EC		open	boot:004EFA34	func_004EFA34	open
736b2347bd1eca1f	28	game	4	music_Unpause	boot:00216F28	func_00216F28	matched	boot:00216088	UpdateRenderStateCommand	matched	boot:002B7320		open	boot:003A1FC0	func_0039CC78	matched	boot:00489478	func_00489478	open
d867cc26d6186f92	28	game	2		boot:002094A8	func_L00_0024BA70	open	boot:00208B88		open	boot:002986D0		open						
1d86da1b73fc0023	28	game	2		boot:00209604	func_L00_0024BBCC	open	boot:00208C8C		open	boot:002986EC		open						
9ea890dbaf8fd507	28	game	2		boot:00209620	func_L00_0024BBE8	open	boot:00208CA8		open	boot:002985A0		open						
31e460b9cf100139	28	game	2		boot:0022EAE8	func_L00_0028EC28	open	boot:0022D7D0		open	boot:002E5A30		open						
52057157ac08ecfc	28	game	3								boot:002A7798	FUN_002A7798	matched	level:01:00442070		open	boot:00473AE8	func_00473AE8	open
ab13f9450b08c73d	28	game	3								boot:00336ED0	FUN_00336ED0	matched	boot:003AC160	func_003A69A0	matched	boot:004EED78	func_004EED78	open
88eef41007a7bbf9	28	game	3								boot:0034F3B8	FUN_0034F3B8	matched	boot:00390FC8	func_0038C470	matched	boot:004571E0	func_004F6098	open
a7b635c3cb6395c5	28	game	3	LVL_24_SHIP_SHACK_FUN_002D5820							boot:0027C520	LVL_24_SHIP_SHACK_FUN_002D5820	matched	boot:00390FE8	func_0038C490	matched	boot:0013AFF8	func_0013AFF8	open
35f796072e23a06f	28	game	2								boot:0028FFCC		open	boot:00397E7C		open			
632744b5158fd3ce	28	game	2								boot:002A9674		open	level:01:0044438C		open			
888fd9e86217ba19	28	game	2								boot:002ACDC8		open	level:01:00448F20		open			
309ea3e20153fe08	28	game	3								boot:002B00B0		open	boot:003C54A8	func_003BFCE8	matched	boot:004795C0	func_004795C0	open
934b3d85b94161ba	28	game	3								boot:002B3868		open	level:01:00452EC8		open	level:05:003E27D8	func_L05_003E27D8	open
0eb8ea363b28a1df	28	game	2								boot:002B5278		open	level:01:00457708		open			
83fdf372a3f193bd	28	game	3								boot:00335918		open	boot:003AAC18	func_003A5458	open	boot:004EE790		open
5cfddabd93ec8ad3	28	game	3								boot:00351848		open	boot:003B27B8	func_003ACFF8	matched	boot:004F1C10	func_004F1C10	open
b2e802185d8a99b2	28	game	2											boot:003895A8	func_00384B48	open	boot:003F73C0	func_01EAB670	open
433868c794372098	28	game	2											boot:0038E4F0	func_00389998	matched	boot:00454400		open
ae4fe2897bb62982	28	game	2											boot:003BE208	func_003B8A48	matched	boot:004F5008	func_004F5008	open
9444de00b9c533d2	28	game	2											boot:003D6C70	func_003D14B0	matched	boot:004F6498	func_004F6498	open
708c05240c211a12	28	game	2											boot:003E70F0	func_003E1930	matched	boot:00501338	func_00501338	open
2f097ddf7926df8f	28	game	2											boot:003E7268	func_003E1AA8	matched	boot:0011EB70	func_0011EB70	open
d63bdb0cdff38425	28	game	2											boot:003F23E0	func_003ECC20	matched	boot:00510A78	func_00510A78	open
a847439ea80679b3	28	game	2											boot:00392DA0		open	boot:0045C7B0		open
002c83063a4203f7	28	game	2											boot:003982C0		open	boot:0045F9F8		open
119a1296cc78f6ba	28	game	2											boot:003A0DAC		open	boot:00469FEC		open
700fc1083ddd02b1	24	game	2		boot:001F9B70	func_001F9B70	open	boot:001F99A8		open	boot:00282C30		open						
982c0ed2644d9a92	24	game	2	FastVecAdd	boot:001F9BD8	func_001F9BD8	open	boot:001F9A10		open	boot:00282CC0		open						
a917f496e1a2ad69	24	game	2	FastVecSub	boot:001F9BF0	func_001F9BF0	open	boot:001F9A28		open	boot:00282CF0		open						
6e4fcce6c2a0d313	24	game	3	FastVecScale	boot:001F9C30	func_001F9C30	open	boot:001F9A68		open	boot:00282D30		open	boot:0038D148	func_003886E8	matched			
3c4411f34d29bd70	24	game	3	vec_scale	boot:001F9C48	func_001F9C48	open	boot:001F9A80		open	boot:00282D60		open	boot:0038D178	func_00388718	matched			
256fefabdf856dd3	24	game	2		boot:001F9C60	func_001F9C60	open	boot:001F9A98		open	boot:00282D78		open						
8b9ab617886e85eb	24	game	3	FastVecCross	boot:001F9CA0	func_001F9CA0	open	boot:001F9AD8		open	boot:00282DD8		open	boot:0038D1B8	func_00388758	matched			
d02d9b1c86a1d19c	24	game	3	FastVectorFromPackedChars	boot:001F9F18	func_001F9F18	open	boot:001F9D50		open	boot:002830F0		open	level:01:0040C328		open			
ee3d3d24605497e8	24	game	2	FastCos	boot:001F9F90	func_001F9F90	open	boot:001F9DC8		open	boot:00283180		open						
a21d5083bf99191a	24	game	2	FastSin	boot:001F9FA8	func_001F9FA8	open	boot:001F9DE0		open	boot:00283198		open						
4d7bd050b4158e28	24	game	3	DecrementResourceCounter	boot:001FFFA0	func_001FFFA0	matched	boot:001FF768	DecrementResourceCounter	matched	boot:0028E440		open	level:01:0041D738		open			
5c040962afad2528	24	game	3		boot:0020CCB8	func_0020CCB8	matched	boot:0020BE68	FUN_0020be68	matched				level:01:00490878		open	boot:004E7428	func_004E7428	open
26a0ad415bfd8ded	24	game	4	store_sound_bank_handle_callback	boot:0022F090	func_0022F090	matched	boot:0022DD78	store_sound_bank_handle_callback	matched	boot:002B6770	FUN_002B6770	matched	boot:003A1440	func_0039C158	matched	boot:004E2440	func_004E2440	open
450fbf438e9d4c49	24	game	4	readBufCreate	boot:0023CD10	func_0023CD10	open	boot:0023B940	InitializeStateFields	matched	boot:00350590	FUN_00350590	matched	boot:003B1520	func_003ABD60	matched	boot:004F0978	func_004F0978	open
b88cdd7aa9c85e74	24	game	3		boot:001FE4A8	func_L00_00203F08	open	boot:001FDC78		open	boot:00288E00		open	level:01:00417F48		open			
26ab1e9fd67c0405	24	game	3		boot:00205774	func_L00_002474C4	open	boot:00204F44		open	boot:002956CC		open	level:01:0042B3AC		open			
97cc351284ca83a4	24	game	2		boot:00209340	func_L00_0024B908	open				boot:00298428		open						
7a935a62d764e688	24	game	2		boot:002095D0	func_L00_0024BB98	open	boot:00208C54		open	boot:002986B4		open						
314168710e3929c2	24	game	3		boot:002097F0	func_L00_0024BDB8	open	boot:00208E4C		open	boot:002988D8		open	boot:0039BB80		open			
1751e51372335242	24	game	4		boot:0023C17C	func_L00_002EFCE4	open	boot:0023ADAC		open	boot:0034F9B4		open	boot:003B0484		open	boot:004EF8CC	func_004EF8CC	open
ccdb3328322e9708	24	game	2								boot:00336CC8	FUN_00336CC8	matched	boot:003ABF30	func_003A6770	matched			
55951fb25b7467ae	24	game	2								boot:00283130		open	boot:0038D3A8	func_00388948	matched			
e3b2ec1dc04149f4	24	game	2								boot:00290730		open	boot:00397F88	func_00393430	matched			
cc0131f7328a6a68	24	game	2								boot:0029FAC4		open	boot:003C300C		open			
6f26f5bc7981d2f3	24	game	2								boot:002B3890		open	level:01:00452EF0		open			
96cc7874df907e58	24	game	2								boot:002B4BFC		open	level:01:004573FC		open			
02db203d7f085e3d	24	game	2								boot:00335E68		open	boot:003AB118		open			
e410945b5b7d0ebd	24	game	2								boot:00349610		open	boot:003AD788	func_003A7FC8	matched			
9a16f21652fb0831	24	game	2											boot:003A2D90	func_0039DA48	matched	boot:00489E68	func_00489E68	open
def5c3d19e15e186	24	game	2											boot:003E7388	func_003E1BC8	matched	boot:005015C8	func_005015C8	open
405c646b7f3b8c36	24	game	2											boot:003A0E50		open	boot:0046A090		open
4520155511050228	24	game	2											boot:003A0E70		open	boot:0046A0A8		open
06102fd96acbf6bd	20	game	2	pad_resetState	boot:00217EC0	func_00217EC0	matched	boot:00217020	ResetGlobalStateFields	matched	boot:002B8518		open						
4fbf6c92aa9ae023	20	game	2		boot:0021DAC8	func_0021DAC8	matched	boot:0021CAC8	FUN_0021cac8	matched	boot:002D5950		open						
e6d5fb380281c5e0	20	game	4	voBufIsFull	boot:0023E5C8	func_0023E5C8	open	boot:0023D1F8	CompareStateFields	matched	boot:00351E58	FUN_00351E58	matched	boot:003B2E80	func_003AD6C0	matched	boot:004F22D8	func_004F22D8	open
605bc7ecf3d34c56	20	game	3		boot:00205900	func_L00_00247650	open	boot:002050D0		open	boot:00295858		open	level:01:0042B538		open			
da2af192bfba4ac8	20	game	2		boot:0022F0D8	func_L00_0028F410	open	boot:0022DDC0		open	boot:002E60D0		open						
90fe10779a7632e5	20	game	2								boot:00336498	FUN_00336498	matched	boot:003AB748	func_003A5F88	matched			
73e7f90164ec55dc	20	game	2								boot:003364B0	FUN_003364B0	matched	boot:003AB760	func_003A5FA0	matched			
8c9e6c64bef177e9	20	game	2	LVL_24_SHIP_SHACK_FUN_002F1B80							boot:00287E48	LVL_24_SHIP_SHACK_FUN_002F1B80	matched	boot:003E4060	func_003DE8A0	matched			
003f8087330c2d1f	20	game	2								boot:0027F968		open				boot:00158550		open
98c26d71e2892894	20	game	2								boot:00288794		open	level:39:005BEF5C		open			
a9366d5c86a57e6a	20	game	2								boot:0028BCD0		open	level:01:0041AA20		open			
00c573caeb381a01	20	game	2								boot:0028EE80		open	level:01:0041E198		open			
19298adbb67d6747	20	game	2								boot:0028FFB8		open	boot:00397E68		open			
c9578294096c075b	20	game	2								boot:0028FFE8		open	boot:00397E98		open			
e1100b2defe6d6aa	20	game	3								boot:00298D10		open	boot:0039C4D0	func_00397288	open	boot:004660E0		open
1069bccf321daae8	20	game	3								boot:002B49C8		open	boot:003A1168	func_0039BEA8	matched	boot:0047F550	func_0047F550	open
f38a78b8c846e7db	20	game	3								boot:002B4BE8		open	level:01:004573E8		open	boot:0047F870	func_0047F870	open
37449e9f755f8b90	20	game	2								boot:002ED670		open	level:39:005935C8		open			
d1f8da9aca6b877f	20	game	2								boot:002FD1A0		open	level:01:004C2BE0		open			
27bee00f8abc5713	20	game	3								boot:00335420		open	level:01:00448FA0		open	boot:01EABFE0	func_01EABFE0	open
ca0a9d60b825540a	20	game	2								boot:00335AC8		open	boot:003AADC8	func_003A5608	matched			
094232a9729fa4b3	20	game	2											boot:0038E460	func_00389908	matched	boot:00454338		open
674cc21792b220d5	20	game	2											boot:003A0EC0	func_0039BC00	matched	boot:0046A0F8		open
4ea8c0d31fd68ae0	20	game	2											boot:003B1618	func_003ABE58	matched	boot:004F0A70	func_004F0A70	open
848ca4f15af8b658	20	game	2											boot:003E6F30	func_003E1770	matched	boot:005011A8	func_005011A8	open
badeffd4a43e180c	20	game	2											boot:003E8870	func_003E30B0	open	boot:001591D8		open
68f0f45cc9a6fc50	20	game	2											boot:00382C2C		open	boot:0043A14C		open
f7726f28f2ed2839	20	game	2											boot:003A57F8		open	boot:004E2488	func_004E2488	matched
4749880cfcdb3963	20	game	2											boot:003B4770		open	boot:004A2C08	func_004A2C08	open
33df4c1b5fc62559	16	game	3		boot:001F9878	func_001F9878	open	boot:001F96B0		open	boot:002828B8		open	boot:0038CD30	func_003882D0	open			
85dec546c1bca339	16	game	2	log2dim	boot:001F9968	func_001F9968	open	boot:001F97A0		open	boot:00282A18		open						
2ef97d54c7f4f008	16	game	4		boot:001F9978	func_001F9978	open	boot:001F97B0		open	boot:00282A28		open	boot:003C7B20		open	boot:00470388	func_00470388	open
1790bad58d9bbe87	16	game	2		boot:001F9BA0	func_001F9BA0	open	boot:001F99D8		open	boot:00282C58		open						
e9f572c8ac113d0f	16	game	2		boot:001F9BB0	func_001F9BB0	open	boot:001F99E8		open	boot:00282C68		open						
1051629d87815565	16	game	2		boot:001F9BC8	func_001F9BC8	open	boot:001F9A00		open	boot:00282C98		open						
c458766ca8555004	16	game	2		boot:001FA888	func_001FA888	matched	boot:001FA6C0	func_001FA6C0	open	boot:00283CE0	FUN_00283CE0	matched						
339674bbbe3b46d9	16	game	2	truncate_float_to_s32	boot:001FA898	func_001FA898	open	boot:001FA6D0		open	boot:00283CF0		open						
c15c93cbd8a78fd2	16	game	3		boot:002071D0	func_002071D0	matched	boot:002069A0	FUN_002069a0	matched				level:01:00417EA0		open	boot:0015C818	func_0015C818	open
1b71b60bb2ced3ae	16	game	2		boot:0021B288	func_0021B288	matched	boot:0021A318	FUN_0021a318	matched	boot:002CC6A0	FUN_002CC6A0	matched						
f5a9eadfd1589073	16	game	2	audioDecIsPageFull	boot:0023C2B0	func_0023C2B0	matched	boot:0023AEE0	IsStateFieldLarge	matched	boot:0034FAE8	FUN_0034FAE8	matched						
d1c9e69b8db05bfa	16	game	4	endDisplay	boot:0023C9B0	func_0023C9B0	matched	boot:0023B5E0	ClearStageStateFlag	matched	boot:00350230		open	boot:003B11F8	func_003ABA38	matched	boot:004F0650	func_004F0650	open
08b6f6b6559c53f7	16	game	2	SetStateFields	boot:0023CE18	func_0023CE18	matched	boot:0023BA48	SetStateFields	matched	boot:00350698	FUN_00350698	matched						
283c85709a61434f	16	game	4	voBufReset	boot:0023E5B8	func_0023E5B8	open	boot:0023D1E8	ClearStateFields	matched	boot:00351E48	FUN_00351E48	matched	boot:003B2E70	func_003AD6B0	matched	boot:004F22C8	func_004F22C8	open
b8d0ae458c8a87ca	16	game	4		boot:001F99A0	func_L00_001FEFE0	open	boot:001F97D8		open	boot:00282A50		open	boot:0038CE90		open	boot:004535F8		open
5e938cac69697b88	16	game	3		boot:001F9E00	func_L00_001FF4F0	open	boot:001F9C38		open	boot:00282F60		open	boot:0038D2D0		open			
83b11540a4d20c77	16	game	3		boot:001F9E48	func_L00_001FF538	open	boot:001F9C80		open	boot:00282FA8		open	boot:0038D318		open			
397a8395e1f8d947	16	game	3		boot:00209498	func_L00_0024BA60	open	boot:00208B78		open	boot:00298590		open	boot:0039B41C		open			
a53614c4f314404b	16	game	4		boot:00215048	func_L00_0025D390	open	boot:002141F8		open	boot:002AB1F0		open	boot:003C4FA8		open	boot:00476660	func_00476660	open
c4ad975b26c9aff8	16	game	2		boot:0022D8B0	func_L00_0028DA28	open	boot:0022C598		open	boot:002E4468		open						
b20c4d6f321cb3e6	16	game	2								boot:00282C78		open	boot:0038D110	func_003886B0	matched			
e4c8dc5fe93a75d3	16	game	2								boot:00290748		open	boot:00397FA0	func_00393448	matched			
05c95b0eb7a37ea2	16	game	3								boot:002B9380		open	level:01:0045E778		open	level:00:00607B58	func_L00_00607B58	open
cfaf9fb7a176229a	16	game	2								boot:002D5038		open	level:08:004D8958		open			
2d594210f85c5cdd	16	game	3								boot:002F4F68		open	boot:003DEAB8		open	level:00:006753C0	func_L00_006753C0	open
92d9c346662e3597	16	game	2								boot:0032A130		open				level:00:00609718	func_L00_00609718	open
f360d36d6269ee20	16	game	2											boot:003B4678	func_003AEEB8	matched	boot:004A2B08	func_004A2B08	open
b4e6cda26bf0c06d	16	game	2											boot:003BBB18	func_003B6358	matched	boot:004393E8	func_004F25C8	open
db8d28cc8dfd41f5	16	game	2											boot:003E7378	func_003E1BB8	matched	boot:005015B8	func_005015B8	open
7b18fb364ec00507	16	game	2											boot:003A58C4		open	boot:004E2554	func_004E2554	open
a227e6f1c127a8ac	16	game	2											boot:003C7790		open	boot:00470328	func_00470328	open
ac95f1138cf1fd8b	7720	level	2											level:39:004E5E30		open	level:00:00521E30	func_L00_00521E30	open
3d47c91b89e70dd3	7184	level	2											level:39:004E7C58		open	level:00:00523C58	func_L00_00523C58	open
b4b813b71125dd40	3456	level	2											level:39:004E50AC		open	level:00:005210AC	func_L00_005210AC	open
81c60ff93e988230	3204	level	2											level:39:004CA3D0		open	level:00:005063D0	func_L00_005063D0	open
67c45312c1e564e4	2828	level	2											level:39:00501908		open	level:00:0053D918	func_L00_0053D918	open
4854201dcc28f6b2	2688	level	2								level:00:00316F60		open	level:01:0043D9D8		open			
836e1f991ab4bf6f	2524	level	2											level:39:00502418		open	level:00:0053E428	func_L00_0053E428	open
1946ead3a4a3c23e	2208	level	2											level:39:004D59E8		open	level:00:005119E8		open
e19c7b48ab07d09d	2064	level	2											level:39:0050F3B8		open	boot:0040D138		open
153304dd1a181e05	2036	level	2											level:39:004C61A8		open	level:00:005021A8	func_L00_005021A8	open
0388ef423db1e211	2008	level	2											level:39:004C72F8		open	level:00:005032F8	func_L00_005032F8	open
6080997a81452a92	2008	level	2											level:39:004F00A0		open	level:00:0052C0A0	func_L00_0052C0A0	open
570260cbf328b81c	2004	level	2											level:39:00503920		open	level:00:0053F930	func_L00_0053F930	open
447f2c2a355b6b7d	1980	level	2											level:39:00503160		open	level:00:0053F170	func_L00_0053F170	open
5818712d72255f5d	1972	level	2											level:39:004F0878		open	level:00:0052C878	func_L00_0052C878	open
72e6969823d3891a	1936	level	2											level:39:004C9478		open	level:00:00505478	func_L00_00505478	open
890519036ac1f4db	1896	level	2		level:00:002539C8	func_L00_002539C8	open	level:00:00252990		open	level:00:00314D40		open						
f9f8e2d88438eb61	1804	level	2											level:39:004FEAA0		open	level:00:0053AAB0	func_L00_0053AAB0	open
1d3905dad9284fd0	1744	level	2											level:39:004CCD68		open	level:00:00508D68	func_L00_00508D68	open
b59c588341b604da	1720	level	2											level:01:0045F4D0		open	level:00:006088B8	func_L00_006088B8	open
c7c22fda3a248cf2	1672	level	2											level:39:0050A6D8		open	level:00:005466E8	func_L00_005466E8	open
54fe3570ea885187	1664	level	2											level:39:0057BF08		open	level:41:004B4210	func_L41_004B4210	open
12d2733abe9ad4a0	1556	level	2											level:39:0050E130		open	boot:0040BEB0		open
91b37c43d21e186f	1500	level	2											level:39:004D4530		open	level:00:00510530	func_L00_00510530	open
0aa70ade3299cc4b	1496	level	2											level:39:004D7938		open	level:00:00513938	func_L00_00513938	open
02806b13b7d2064f	1488	level	2											level:39:004E1BC8		open	level:00:0051DBC8	func_L00_0051DBC8	open
34cc5a24e51129d2	1476	level	2											level:39:004ED688		open	level:00:00529688	func_L00_00529688	open
3673c5aaec95d595	1440	level	2											level:39:00513FB0		open	boot:00411D30		open
340cdc188b521ec6	1432	level	2											level:39:004F2BF8		open	level:00:0052EBF8	func_L00_0052EBF8	open
bb1340dff01cc4e9	1404	level	2											level:39:004B9A88		open	level:00:004F5A88	func_L00_004F5A88	open
d29d7ccaa1da8d1a	1400	level	2											level:39:004FE528		open	level:00:0053A538	func_L00_0053A538	open
d8a22ba0a6bbf124	1380	level	2											level:39:0050EA58		open	boot:0040C7D8		open
0d98cf31ff303e78	1364	level	2											level:39:004BA008		open	level:00:004F6008	func_L00_004F6008	open
8db553bc55f2d888	1360	level	2											level:39:004FF3A0		open	level:00:0053B3B0	func_L00_0053B3B0	open
16458ed7c8a9fee2	1336	level	2											level:39:004E2F78		open	level:00:0051EF78	func_L00_0051EF78	open
10ce6635a4ff6c13	1324	level	2											level:39:004D03D8		open	level:00:0050C3D8	func_L00_0050C3D8	open
397b9e7a944545d0	1312	level	2											level:39:004EDC58		open	level:00:00529C58		open
2b742030633de1a5	1300	level	2											level:39:004D28F8		open	level:00:0050E8F8	func_L00_0050E8F8	open
45aacfd0427d11cf	1292	level	2											level:01:003F09E0		open	level:00:0059AB30	func_L00_0059AB30	open
384438c54b6b1911	1276	level	2											level:39:004C50B0		open	level:00:005010B0	func_L00_005010B0	open
7c81f7929a8a38d2	1276	level	2											level:39:005101A0		open	boot:0040DF20		open
f743380f3a64b810	1244	level	2											level:39:004C02D0		open	level:00:004FC2D0	func_L00_004FC2D0	open
bb35c648b047aa22	1220	level	2											level:39:004F21A0		open	level:00:0052E1A0	func_L00_0052E1A0	open
100c81ea9a3a11b2	1196	level	2											level:39:004EF248		open	level:00:0052B248	func_L00_0052B248	open
153dd86b5929465c	1180	level	2											level:39:004BF430		open	level:00:004FB430	func_L00_004FB430	open
64ce2b3f9cddf30c	1112	level	2											level:39:004C7F10		open	level:00:00503F10	func_L00_00503F10	open
36abfc7516a027e5	1112	level	2											level:39:004D5288		open	level:00:00511288	func_L00_00511288	open
5036d1601d95bde7	1104	level	2											level:39:004C0CC8		open	level:00:004FCCC8	func_L00_004FCCC8	open
e144bff9dc0b9726	1096	level	2											level:39:004DA168		open	level:00:00516168	func_L00_00516168	open
724957d9a8ab7cf8	1084	level	2											level:39:004EAF00		open	level:00:00526F00	func_L00_00526F00	open
af06da5602acdde4	1076	level	2											level:39:006D4130		open	level:00:00771DD8		open
7996b9e521674b28	1076	level	2											level:39:006DAE50		open	level:00:0077BF30	func_L00_0077BF30	open
1e6da2dfc0bf3b16	1060	level	2											level:39:006CB080		open	level:00:00766650	func_L00_00766650	open
3977544dc38f9877	1052	level	2											level:39:004CB058		open	level:00:00507058	func_L00_00507058	open
6a473cefe199ee45	1028	level	2											level:01:003F0398		open	boot:00438FB8		open
aa4afb8927f6f231	1020	level	2											level:39:004C6EF8		open	level:00:00502EF8	func_L00_00502EF8	open
a2eabc297e637455	1000	level	2											level:39:004BFEE8		open	level:00:004FBEE8	func_L00_004FBEE8	open
d59632750278c0d4	996	level	2											level:39:004ECC38		open	level:00:00528C38	func_L00_00528C38	open
f5d51965e18d93e9	980	level	2											level:39:004D1E90		open	boot:003F74B8		open
dd19847c0515d80a	980	level	2											level:39:00511EB0		open	boot:0040FC30		open
572c23448c31cb58	980	level	2											level:39:006D8098		open	level:00:00777D20	func_L00_00777D20	open
ae32274b6a2c0ecf	968	level	2											level:39:004D7570		open	level:00:00513570	func_L00_00513570	open
1198e5b0200b4e59	964	level	2											level:39:004CC610		open	level:00:00508610	func_L00_00508610	open
e6c5d8939702a6e1	936	level	2											level:39:004DB460		open	level:00:00517460	func_L00_00517460	open
ef40d87092bd4a17	932	level	2											level:39:004D96F8		open	level:00:005156F8	func_L00_005156F8	open
42cfc449c0432fae	932	level	2											level:39:004DCC68		open	level:00:00518C68	func_L00_00518C68	open
c22b687c49f85262	924	level	2											level:39:004D3478		open	level:00:0050F478	func_L00_0050F478	open
d0bd47aac74a0698	920	level	2											level:39:004C7AD0		open	level:00:00503AD0	func_L00_00503AD0	open
ec35ef4ac364575f	920	level	2											level:39:004D3EA8		open	level:00:0050FEA8	func_L00_0050FEA8	open
75c05448732c59ef	920	level	2											level:39:00513270		open	boot:00410FF0		open
03192a6fae79d825	912	level	2											level:39:004C8C30		open	level:00:00504C30	func_L00_00504C30	open
9269c47b26bde8cb	892	level	2											level:39:004B59E8		open	boot:003F99D0		open
0095aa97bf05beed	884	level	2											level:39:004DFB50		open	level:00:0051BB50	func_L00_0051BB50	open
ce06c15280aa40a0	884	level	2											level:39:004FD510		open	level:00:00539520	func_L00_00539520	open
bda24a13ddf77a94	872	level	2											level:39:005015A0		open	level:00:0053D5B0	func_L00_0053D5B0	open
e01d595c174415d9	868	level	2											level:39:004EB910		open	level:00:00527910	func_L00_00527910	open
e0f633c0cdc4c9a8	868	level	2											level:39:004FD888		open	level:00:00539898	func_L00_00539898	open
5cc76b99b59ec8db	852	level	2											level:39:004ED020		open	level:00:00529020	func_L00_00529020	open
704c555571ebee6c	840	level	2											level:39:004F64E8		open	boot:003FEF38		open
b97e27ec5522a651	824	level	2											level:39:004D3958		open	level:00:0050F958	func_L00_0050F958	open
bc5d29c6b322ada3	812	level	2											level:39:004CEFD8		open	level:00:0050AFD8	func_L00_0050AFD8	open
c560a6bcb0f2aaec	808	level	2											level:39:004FB0A0		open	level:00:005370B0	func_L00_005370B0	open
a2916638981d125e	788	level	2											level:39:0050CEC0		open	boot:0040AC40		open
e9ea9d029b0d5b71	784	level	2											level:39:0050E748		open	boot:0040C4C8		open
8609c15b7a71dade	784	level	2											level:39:006D49A8		open	level:00:00772D80	func_L00_00772D80	open
d7f924d0d631d84f	764	level	2											level:39:004E22B8		open	level:00:0051E2B8	func_L00_0051E2B8	open
0c0e9ed9ae8a44c4	760	level	2											level:39:004B3918		open	level:00:004EF918	func_L00_004EF918	open
c005b1bf0388c1a1	760	level	2											level:39:00515578		open	boot:004132F8		open
ec8f209f3f44b42c	756	level	2											level:39:004EE178		open	level:00:0052A178	func_L00_0052A178	open
e6426a611a613c49	752	level	2											level:39:004C6C08		open	level:00:00502C08	func_L00_00502C08	open
eb14f71cfa9d0f11	752	level	2											level:39:00517964		open	level:00:00553974	func_L00_00553974	open
a59bca88e7b7fe65	744	level	2											level:39:004C5A88		open	level:00:00501A88	func_L00_00501A88	open
6a8f0d4eb17554f6	744	level	2											level:39:004EE46C		open	level:00:0052A46C	func_L00_0052A46C	open
cbff6e5378706600	736	level	2											level:39:004B7218		open	boot:003FB200	func_003FB200	open
1b9b5c33bf43f9ac	736	level	2											level:39:004FE128		open	level:00:0053A138	func_L00_0053A138	open
12ec9fce7a21eaf9	732	level	2											level:39:00517688		open	level:00:00553698	func_L00_00553698	open
1d3d4b1535bc0548	720	level	2											level:39:004EF850		open	level:00:0052B850	func_L00_0052B850	open
b6c2d53b1c4f3506	720	level	2											level:39:00513608		open	boot:00411388		open
4c7811000f7f21f9	716	level	2											level:39:004BB6C8		open	level:00:004F76C8	func_L00_004F76C8	open
47b938d0b30fd710	716	level	2											level:39:004C41D8		open	level:00:005001D8	func_L00_005001D8	open
0ca1c7ad405924fd	716	level	2											level:39:004D2628		open	level:00:0050E628	func_L00_0050E628	open
3e8551940c7b90dc	712	level	2											level:39:004F6220		open	boot:003FEC70		open
a2bcc525b00c02c6	712	level	2											level:39:00500480		open	level:00:0053C490	func_L00_0053C490	open
54c547a5204245c1	704	level	2											level:39:004C8750		open	level:00:00504750	func_L00_00504750	open
400ec9a024a676d7	696	level	2											level:39:004FA5F8		open	level:00:00536608	func_L00_00536608	open
92c469d500cd43e8	684	level	2											level:39:004CD438		open	level:00:00509438	func_L00_00509438	open
5ee94e2d05aa5beb	684	level	2											level:39:004CE2A0		open	level:00:0050A2A0	func_L00_0050A2A0	open
9b3920195cfe9aa4	680	level	2											level:39:004D2F60		open	level:00:0050EF60	func_L00_0050EF60	open
b290fab53b571ba9	680	level	2											level:39:004F2950		open	level:00:0052E950	func_L00_0052E950	open
02c72a217565acd3	676	level	2											level:39:004D2268		open	boot:003F7890		open
71167903d7ef685b	676	level	2											level:39:004E1410		open	level:00:0051D410	func_L00_0051D410	open
61eece38cca54da7	668	level	2											level:39:004F8CB8		open	level:00:00534CC8	func_L00_00534CC8	open
c09fff0f73025836	660	level	2											level:39:004E9BE8		open	level:00:00525BE8	func_L00_00525BE8	open
49b8df2da97f884c	656	level	2	RippleEmitSubBlock	level:01:00263338	func_L01_00263338	open	level:01:00262388		open	level:04:0032F994		open						
8a6e29200264f733	656	level	2											level:39:004BF1A0		open	level:00:004FB1A0	func_L00_004FB1A0	open
411ac0031cdfa77b	652	level	2											level:39:004BEF10		open	level:00:004FAF10	func_L00_004FAF10	open
0171031dc2b88ac2	644	level	2											level:39:004D4278		open	level:00:00510278	func_L00_00510278	open
9c0dd206b71c9da7	640	level	2											level:39:004B85B0		open	level:00:004F45B0	func_L00_004F45B0	open
71dabebd50dc08f9	632	level	2											level:39:004CF9A8		open	level:00:0050B9A8	func_L00_0050B9A8	open
e27816b863bd52f7	632	level	2											level:39:005011E0		open	level:00:0053D1F0	func_L00_0053D1F0	open
03bcc55ba6ca4a63	628	level	2											level:39:004C09D8		open	level:00:004FC9D8	func_L00_004FC9D8	open
959fe63914fe3f8a	628	level	2											level:39:004E36F0		open	level:00:0051F6F0	func_L00_0051F6F0	open
1978f849d1512df0	628	level	2											level:39:004FABD8		open	level:00:00536BE8	func_L00_00536BE8	open
85285cb35e08990f	624	level	2								level:04:003F9C60		open	level:39:0051C918		open			
18ad95530003745d	624	level	2											level:39:004D3208		open	level:00:0050F208	func_L00_0050F208	open
dd3b9e1f14eb3c98	616	level	2											level:39:004FFFE8		open	level:00:0053BFF8	func_L00_0053BFF8	open
9d2e27641ebfd452	616	level	2											level:39:0050DEC8		open	boot:0040BC48		open
91ac1ac4ad1fe28f	616	level	2											level:39:00511BB0		open	boot:0040F930		open
2c3762ce34c61d7d	612	level	2											level:39:004C69A0		open	level:00:005029A0	func_L00_005029A0	open
535b2c1ba5c5110c	612	level	2											level:39:004EE758		open	level:00:0052A758	func_L00_0052A758	open
cdcf4ca630550083	612	level	2											level:39:00500CC8		open	level:00:0053CCD8	func_L00_0053CCD8	open
16bd40cc1df9d8a6	608	level	2											level:39:004EB6B0		open	level:00:005276B0	func_L00_005276B0	open
8311f04740818762	608	level	2											level:39:004F2668		open	level:00:0052E668	func_L00_0052E668	open
cba90f09dbc0dcbd	608	level	2											level:39:00516038		open	level:00:00552048	func_L00_00552048	open
f827fd6f8d0fcc36	600	level	2											level:39:004C1460		open	level:00:004FD460	func_L00_004FD460	open
ac662b70b4e75e34	596	level	2											level:39:004EB340		open	level:00:00527340	func_L00_00527340	open
57830544af10d494	592	level	2								level:00:003BB668		open	level:01:00309EF8		open			
d29aa0b4a59bcee0	592	level	2											level:39:00509F78		open	level:00:00545F88	func_L00_00545F88	open
66b01c212ae24349	592	level	2											level:39:006DBB28		open	level:00:0077C958	func_L00_0077C958	open
bd349892a803530c	588	level	2								level:02:00349BD8		open	level:01:00474428		open			
242499804f6ea43b	588	level	2											level:39:004F33E0		open	level:00:0052F3E0	func_L00_0052F3E0	open
6342bf980a3ca8f0	588	level	2											level:39:004FAE50		open	level:00:00536E60	func_L00_00536E60	open
096f3d18330e9495	588	level	2											level:39:00500A78		open	level:00:0053CA88	func_L00_0053CA88	open
eead78743014ac39	584	level	2											level:39:004FBD10		open	level:00:00537D20	func_L00_00537D20	open
f1118d026627704c	572	level	2											level:39:004E1878		open	level:00:0051D878	func_L00_0051D878	open
770eef79bc1dcdf9	568	level	2											level:39:004D9AA0		open	level:00:00515AA0	func_L00_00515AA0	open
1a1bda71b3347661	568	level	2											level:39:00504C00		open	level:00:00540C10	func_L00_00540C10	open
5abd4ae859383128	564	level	2											level:39:004F92F0		open	level:00:00535300	func_L00_00535300	open
f63a8d5255096694	556	level	2											level:39:004F46B8		open	boot:003FCED8		open
21280eb71252f57f	556	level	2											level:39:004FDBF0		open	level:00:00539C00	func_L00_00539C00	open
d2b98e3bc05c9ff1	556	level	2											level:39:0050B2C0		open	level:00:005472D0	func_L00_005472D0	open
ecd5d223888a9c32	552	level	2											level:39:004C55B0		open	level:00:005015B0	func_L00_005015B0	open
8a295904eba1a6ec	552	level	2											level:39:005043C0		open	level:00:005403D0	func_L00_005403D0	open
7eb5c8e5ef8808a4	548	level	2											level:39:004C07B0		open	level:00:004FC7B0	func_L00_004FC7B0	open
e3aca971c31a1d9a	548	level	2											level:39:004DF620		open	level:00:0051B620	func_L00_0051B620	open
739a12b0eafb7a17	544	level	2											level:39:004C27F0		open	level:00:004FE7F0	func_L00_004FE7F0	open
50824a646bfb0bc1	544	level	2											level:39:004C8A10		open	level:00:00504A10	func_L00_00504A10	open
47e42a29dac2438f	544	level	2											level:39:004D01B8		open	boot:003F58C8	func_003F58C8	open
f85953fef53d0aef	544	level	2											level:39:004F4340		open	level:00:00530340	func_L00_00530340	open
3bf8b12a7229ab6a	544	level	2											level:39:004F4F00		open	boot:003FD720		open
d35868e4f123ca37	544	level	2											level:39:004F5120		open	boot:003FD940		open
7792a527c4981b79	544	level	2											level:39:0050FBC8		open	boot:0040D948		open
dfde06d00d34c66d	540	level	2											level:01:003F0118		open	boot:00438D38		open
4500aef910e3ba62	536	level	2											level:39:004C35E0		open	level:00:004FF5E0	func_L00_004FF5E0	open
d634ede02104dbf2	536	level	2											level:39:004CE550		open	level:00:0050A550	func_L00_0050A550	open
fa1eb961790edec3	536	level	2											level:39:004CE880		open	level:00:0050A880	func_L00_0050A880	open
f6648e8e8ffe15b4	536	level	2											level:39:004CEDC0		open	level:00:0050ADC0	func_L00_0050ADC0	open
5628d36b59e47f75	536	level	2											level:39:004CF308		open	level:00:0050B308	func_L00_0050B308	open
49617931370b6416	536	level	2											level:39:00506B78		open	boot:00406D60	func_00406D60	open
acb8acd5989f9d6b	536	level	2											level:39:0050FE08		open	boot:0040DB88		open
3da2fea46e55f166	536	level	2											level:39:006BBA98		open	level:00:00729600	func_L00_00729600	open
bb8e9805b7abb705	532	level	2											level:39:00511068		open	boot:0040EDE8		open
f203b60a7c646486	524	level	2											level:39:004B57D8		open	boot:003F97C0		open
ae30f04a980d8cae	524	level	2											level:39:00513DA0		open	boot:00411B20		open
b9fce8b0f7fae0c1	520	level	2											level:39:004CFD30		open	level:00:0050BD30	func_L00_0050BD30	open
717abc71394fa2c4	520	level	2											level:39:005119A8		open	boot:0040F728		open
5be78fac159d4aa9	516	level	2								level:00:002C3838		open	level:01:004FB518		open			
b789f781c9966b16	516	level	2											level:39:004C8548		open	level:00:00504548	func_L00_00504548	open
146b4b868358fe4e	516	level	2											level:39:0050B0B8		open	level:00:005470C8	func_L00_005470C8	open
05ec770aa3c5c74a	516	level	2											level:39:00518A30		open	level:00:005666A0	func_L00_005666A0	open
9a4ab1e37ea3cde1	512	level	2											level:39:004C9168		open	level:00:00505168	func_L00_00505168	open
e8a81c77d61f9469	512	level	2											level:39:00506880		open	boot:00406A68	func_00406A68	open
fc0ada3656babd48	508	level	2											level:39:004E3AB8		open	level:00:0051FAB8	func_L00_0051FAB8	open
18d556ff03855509	508	level	2											level:39:00512D78		open	boot:00410AF8		open
15557f86c414d51a	508	level	2											level:39:00518040		open	level:00:00554050	func_L00_00554050	open
dac74fe14e0d3d1b	504	level	2											level:39:005061D0		open	level:00:005421E0	func_L00_005421E0	open
76c4a0cd34fbcdbf	500	level	2	DrawEnvOverlayMesh	level:00:001FDE48	func_L00_001FDE48	open	level:00:001FDE98		open	boot:00281810		open						
21053a15e4fb018c	500	level	2											level:39:00509CA0		open	level:00:00545CB0	func_L00_00545CB0	open
740cda373b889a74	496	level	2											level:39:004C17B8		open	level:00:004FD7B8	func_L00_004FD7B8	open
5513cfbd306a0ac6	496	level	2											level:39:00515E08		open	level:00:00551E18	func_L00_00551E18	open
dc4218b1228889cd	492	level	2											level:39:004F8988		open	level:00:00534998	func_L00_00534998	open
9968b5d87786283a	488	level	2											level:39:004D9F80		open	level:00:00515F80	func_L00_00515F80	open
013a8b3f4280be3f	488	level	2											level:39:004F9A18		open	level:00:00535A28	func_L00_00535A28	open
055bbf9418fca919	484	level	2								level:00:002AA750		open	level:01:004E1C58		open			
adea4128a18e06c0	484	level	2											level:39:004C1278		open	level:00:004FD278	func_L00_004FD278	open
7eb6f3dab426b011	480	level	2								level:00:002AA570		open	level:01:004E1A78		open			
499d497f4188dc2c	480	level	2											level:39:0050CCE0		open	boot:0040AA60		open
c76300432ea509aa	480	level	2											level:39:00515058		open	boot:00412DD8		open
aa1e65aecf2ee5cf	476	level	2								level:00:0041BAE8		open	level:01:00306658		open			
d7055e16b50ac664	476	level	2											level:39:004C8368		open	level:00:00504368	func_L00_00504368	open
49f9152647aa8f37	476	level	2											level:39:004E26B8		open	level:00:0051E6B8	func_L00_0051E6B8	open
a13319c327f96261	476	level	2											level:39:004FFCE0		open	level:00:0053BCF0	func_L00_0053BCF0	open
fd46bb7200d4a752	472	level	2											level:39:005106A0		open	boot:0040E420		open
9c190d980bf48308	468	level	2											level:39:004BC6B0		open	level:00:004F86B0	func_L00_004F86B0	open
c93705ade633a8e0	468	level	2											level:39:00501000		open	level:00:0053D010	func_L00_0053D010	open
5757c657d8edc757	468	level	2											level:39:0050BCE0		open	level:00:00547CF0	func_L00_00547CF0	open
2336b282be61663b	468	level	2											level:39:00512F78		open	boot:00410CF8		open
1ff8900b7603355c	464	level	2											level:39:004CDF00		open	level:00:00509F00	func_L00_00509F00	open
30ba8bcdbf314069	464	level	2											level:39:004CE0D0		open	level:00:0050A0D0	func_L00_0050A0D0	open
f7fc2aa674522d69	464	level	2											level:39:004CEA98		open	level:00:0050AA98	func_L00_0050AA98	open
d7a226205c69cf1f	464	level	2											level:39:004EC178		open	level:00:00528178	func_L00_00528178	open
168886c0fa6c3dc2	464	level	2											level:39:004F37F0		open	level:00:0052F7F0	func_L00_0052F7F0	open
0cdc39ae6316b4db	464	level	2											level:39:0050BB10		open	level:00:00547B20	func_L00_00547B20	open
11ec3784549adfaf	460	level	2											level:39:0050D3B0		open	boot:0040B130		open
024c7187dfbbb943	456	level	2											level:01:00465BB8		open	level:00:0060F3F0	func_L00_0060F3F0	open
6ea5cabf002e585d	456	level	2											level:39:004D4C68		open	level:00:00510C68		open
0ad137e9f31d872f	456	level	2											level:39:004DF988		open	level:00:0051B988	func_L00_0051B988	open
1300e935d8b30fd1	452	level	2											level:39:004B3750		open	level:00:004EF750	func_L00_004EF750	open
9ec18be53f3cffc2	452	level	2											level:39:004EEE78		open	level:00:0052AE78	func_L00_0052AE78	open
d1ef6fa63e9178cd	448	level	2											level:39:004C3D68		open	level:00:004FFD68	func_L00_004FFD68	open
0854e4840b9124ac	448	level	2											level:39:0050A50C		open	level:00:0054651C	func_L00_0054651C	open
9bc84771443969af	448	level	2											level:39:00518EE8		open	level:00:005669E0	func_L00_005669E0	open
8cf4b70c13684740	444	level	2											level:39:004C37F8		open	level:00:004FF7F8	func_L00_004FF7F8	open
09f6eb66a3c84a6d	444	level	2											level:39:004DF2A8		open	level:00:0051B2A8		open
01d9495fa2f04e94	444	level	2											level:39:004E16B8		open	level:00:0051D6B8	func_L00_0051D6B8	open
9e65ef7f50beef75	444	level	2											level:39:004FA438		open	level:00:00536448	func_L00_00536448	open
d968ce0437bf3435	444	level	2											level:39:00513990		open	boot:00411710		open
2d8885b564853926	444	level	2											level:39:00514AF8		open	boot:00412878		open
0c27de270b6a417e	444	level	2											level:39:006D7E00		open	level:00:00777A90	func_L00_00777A90	open
b439c3ee758d5e9b	440	level	2											level:39:004BC4C8		open	level:00:004F84C8	func_L00_004F84C8	open
48d78cd2a4f7142c	440	level	2											level:39:004D4E30		open	level:00:00510E30	func_L00_00510E30	open
b0d09a50f68cbfc3	440	level	2											level:39:004F3C90		open	level:00:0052FC90	func_L00_0052FC90	open
8e64f3e540bd91ae	440	level	2											level:39:004F3FD8		open	level:00:0052FFD8		open
3232587beca00353	440	level	2											level:39:004FB9E8		open	level:00:005379F8	func_L00_005379F8	open
aaa7451d67745013	440	level	2											level:39:0050A1C8		open	level:00:005461D8	func_L00_005461D8	open
55e325311c80c5ac	436	level	2											level:39:004DFEC8		open	level:00:0051BEC8	func_L00_0051BEC8	open
e80dce67271ebd76	436	level	2											level:39:00502FA8		open	level:00:0053EFB8	func_L00_0053EFB8	open
3e2151969a9abbb8	432	level	2											level:39:004EBDE0		open	level:00:00527DE0	func_L00_00527DE0	open
0c21dfc4e432dfbe	432	level	2											level:39:004F9140		open	level:00:00535150	func_L00_00535150	open
93f9af408450ed92	432	level	2											level:39:00502DF8		open	level:00:0053EE08	func_L00_0053EE08	open
f25abfe8369d20d2	432	level	2											level:39:0050CA90		open	boot:0040A810		open
1d44e442bbfbfd98	432	level	2											level:39:00515238		open	boot:00412FB8		open
c82ef407342e5f48	432	level	2											level:39:00518878		open	level:00:005664E8	func_L00_005664E8	open
b2b835420ce06179	428	level	2											level:39:004E9E80		open	level:00:00525E80	func_L00_00525E80	open
aee65c3877d1c504	428	level	2											level:39:004F86C8		open	boot:00405B48		open
d6f5334505dbbd1b	428	level	2											level:39:004F9670		open	level:00:00535680	func_L00_00535680	open
78db072d4c102eba	428	level	2											level:39:00513BF0		open	boot:00411970		open
b95d20c18762923d	424	level	2											level:39:004C4EB8		open	level:00:00500EB8	func_L00_00500EB8	open
4cdcb98e7fda501b	424	level	2											level:39:004CF800		open	level:00:0050B800	func_L00_0050B800	open
3a55d71f2df4695f	420	level	2								level:03:003C5128		open	level:19:00333DD8		open			
a1731208e9d86ed9	420	level	2											level:39:004C57D8		open	level:00:005017D8	func_L00_005017D8	open
2c3b41c6720bc096	420	level	2											level:39:004C8FC0		open	level:00:00504FC0	func_L00_00504FC0	open
e8248253145e99ba	420	level	2											level:39:004DF060		open	level:00:0051B060	func_L00_0051B060	open
c6812e7e1a57f24d	420	level	2											level:39:004E3548		open	level:00:0051F548	func_L00_0051F548	open
39dfd280fb76dda7	420	level	2											level:39:004E9868		open	level:00:00525868	func_L00_00525868	open
d4caa5471241906d	420	level	2											level:39:004F56D0		open	boot:003FDEF0		open
6354b653990d5580	420	level	2											level:39:004F5878		open	boot:003FE098		open
9d31be95934825d3	420	level	2											level:39:004FF9B0		open	level:00:0053B9C0	func_L00_0053B9C0	open
cf8c4c792041befe	420	level	2											level:39:005146F8		open	boot:00412478		open
dc2451f308183fdb	416	level	2											level:39:004CB530		open	level:00:00507530	func_L00_00507530	open
80a56ba9fb43e779	416	level	2											level:39:004E3DC0		open	level:00:0051FDC0	func_L00_0051FDC0	open
b562718b90054b7a	416	level	2											level:39:004EC670		open	level:00:00528670	func_L00_00528670	open
4eef5a27e90b7363	416	level	2											level:39:004FC928		open	level:00:00538938	func_L00_00538938	open
609237dc5d15b34f	416	level	2											level:39:00508FE8		open	boot:004091D0		open
95513c2a5d83971e	408	level	2											level:39:004C4798		open	level:00:00500798	func_L00_00500798	open
9fe358305f649187	408	level	2											level:39:004E297C		open	level:00:0051E97C	func_L00_0051E97C	open
7e7103aed039cf66	408	level	2											level:39:004EE9BC		open	level:00:0052A9BC	func_L00_0052A9BC	open
fa2732081ac1155b	408	level	2											level:39:004EEB58		open	level:00:0052AB58	func_L00_0052AB58	open
d91504df57cfa3f6	408	level	2											level:39:005113B8		open	boot:0040F138		open
af8edcdc40ed8dbc	404	level	2											level:39:004CA1D0		open	level:00:005061D0	func_L00_005061D0	open
1ab58faadecc2913	404	level	2											level:39:004EA030		open	level:00:00526030	func_L00_00526030	open
64bcebe8274c58e4	404	level	2											level:39:0050EFC0		open	boot:0040CD40		open
c91dd606f1a8a431	404	level	2											level:39:00510DF0		open	boot:0040EB70		open
0a4ce732a0f30eaf	400	level	2											level:39:004D0028		open	boot:003F5738	func_003F5738	open
7bbfe96d05807217	400	level	2											level:39:0050B6C8		open	level:00:005476D8	func_L00_005476D8	open
2551a71932c76e03	396	level	2											level:39:004D0ED8		open	boot:003F67E0		open
01a58632d9c5ea15	396	level	2											level:39:004D1068		open	boot:003F6F00		open
ab4ea6d048f8db72	396	level	2											level:39:004F1D50		open	level:00:0052DD50	func_L00_0052DD50	open
4f7a177fddf67c52	388	level	2											level:39:004FB510		open	level:00:00537520	func_L00_00537520	open
f1f541ebe398ab5f	388	level	2											level:39:004FFB58		open	level:00:0053BB68	func_L00_0053BB68	open
a487bb912af65f62	388	level	2											level:39:0050B988		open	level:00:00547998	func_L00_00547998	open
7f92efb2801bb23c	384	level	2								level:00:003FE310		open	level:01:0031CDB8		open			
b5fc17c16a322d9e	384	level	2											level:39:004BAFE8		open	level:00:004F6FE8	func_L00_004F6FE8	open
5c4d5015009561ae	384	level	2											level:39:0051A030		open	level:00:005682A0	func_L00_005682A0	open
833f502d754f6f70	380	level	2											level:39:004C9E00		open	level:00:00505E00	func_L00_00505E00	open
34c3318e71eec0f1	380	level	2											level:39:0050B548		open	level:00:00547558	func_L00_00547558	open
4aa6cd5e6a6c0820	376	level	2											level:01:00425170		open	level:00:005CF1D0	func_L00_005CF1D0	open
5d0b2d2b3c1d3f02	376	level	2											level:39:004BCCD8		open	level:00:004F8CD8	func_L00_004F8CD8	open
0864d8c7718a94f5	376	level	2											level:39:004D9E08		open	level:00:00515E08	func_L00_00515E08	open
efe1d4fc4bc2bd48	376	level	2											level:39:004DAAB0		open	level:00:00516AB0	func_L00_00516AB0	open
08dd1f04a863719d	376	level	2											level:39:004FD300		open	level:00:00539310	func_L00_00539310	open
2cd89e6028bf5e26	376	level	2											level:39:00508558		open	boot:00408740		open
732b56ca9238f78f	372	level	2											level:39:004B91F8		open	level:00:004F51F8	func_L00_004F51F8	open
3682f9fe5d9a53cd	372	level	2											level:39:00504A80		open	level:00:00540A90	func_L00_00540A90	open
0deed3cedf20354a	372	level	2											level:39:00514CB8		open	boot:00412A38		open
0294da099f9791c9	368	level	2											level:39:004DA5B0		open	level:00:005165B0	func_L00_005165B0	open
4ffb306b924e2ff9	368	level	2											level:39:004F1298		open	level:00:0052D298	func_L00_0052D298	open
e628b704b4a43f29	364	level	2								level:00:0041C160		open	level:01:00306DF8		open			
1f7320be791ae3a2	364	level	2											level:01:004665A0		open	level:00:0060FEB8	func_L00_0060FEB8	open
342f9ac3479f3b16	364	level	2											level:01:0046BA78		open	level:00:006153A8		open
586c96b9f292ae53	364	level	2											level:39:004CF690		open	level:00:0050B690	func_L00_0050B690	open
a8fc75b4c2ffb899	364	level	2											level:39:004FB878		open	level:00:00537888	func_L00_00537888	open
36c3da13b2e84211	360	level	2	RippleHeightsToSpr	level:01:00262BC0	func_L01_00262BC0	open	level:01:00261C10		open	level:04:0032F1D8		open						
1deb7e6cbf6994b8	360	level	2											level:01:0034B920		open	level:01:004045C8	func_L01_004045C8	open
278c6a861c80196e	360	level	2											level:39:004BB4D0		open	level:00:004F74D0	func_L00_004F74D0	open
403fcd817e204bdb	360	level	2											level:39:004C4070		open	level:00:00500070	func_L00_00500070	open
e5d6a6838a3345d7	360	level	2											level:39:004ED4A8		open	level:00:005294A8	func_L00_005294A8	open
0da2fa3b93b7f201	356	level	2											level:39:00512AB0		open	boot:00410830		open
dd7707eec35cf094	352	level	2								level:00:002D1C40		open	level:01:0050B518		open			
2827d6c0ed78527a	348	level	2								level:00:00329E90		open	level:01:00453FC0		open			
55a78a077cf6b229	348	level	2								level:01:002E1510		open	level:04:00418580		open			
74b2e5bb1d8515dd	348	level	2											level:01:004455F0		open	boot:00475D98	func_00475D98	open
4de9ac827170d07b	348	level	2											level:39:004C1118		open	level:00:004FD118	func_L00_004FD118	open
46791ab1b80d413f	348	level	2											level:39:004E1278		open	level:00:0051D278	func_L00_0051D278	open
878832a0b99c9683	348	level	2											level:39:004EC348		open	level:00:00528348	func_L00_00528348	open
50ca6f25e9dd069a	348	level	2											level:39:00515870		open	boot:004135F0		open
9cd276c8c3a4957c	348	level	2											level:39:00518470		open	level:00:00554480	func_L00_00554480	open
e39b0256f95e3a21	344	level	2											level:39:004BEDB8		open	level:00:004FADB8	func_L00_004FADB8	open
6a8f8c17fd0ccd62	344	level	2											level:39:004C2CA8		open	level:00:004FECA8	func_L00_004FECA8	open
78c3e0699811b725	344	level	2											level:39:004DE4D0		open	level:00:0051A4D0	func_L00_0051A4D0	open
6b6f21dd0fa8a311	344	level	2											level:39:004E1120		open	level:00:0051D120	func_L00_0051D120	open
b57e569ea3c81354	344	level	2											level:39:004EF6F8		open	level:00:0052B6F8	func_L00_0052B6F8	open
f295826d89a55d76	344	level	2											level:39:00512420		open	boot:004101A0		open
ffd8f4b12f2c5353	340	level	2								level:02:003C9D78		open	level:01:00340458		open			
d7802c751b3423f7	340	level	2											level:39:004CEC68		open	level:00:0050AC68	func_L00_0050AC68	open
064f9bec49af66b4	340	level	2											level:39:004D0908		open	level:00:0050C908	func_L00_0050C908	open
e9a21f80b18ecdb5	340	level	2											level:39:004EA548		open	level:00:00526548	func_L00_00526548	open
b8665aefdf6618ff	340	level	2											level:39:004EFC90		open	level:00:0052BC90	func_L00_0052BC90	open
c435ff559d81f36f	340	level	2											level:39:004F2040		open	level:00:0052E040	func_L00_0052E040	open
bdddebe21409f1fd	340	level	2											level:39:00511850		open	boot:0040F5D0		open
a7264bfb872bfe1d	336	level	2								level:00:003110E8		open	level:01:00437200		open			
130b061f61edcb01	336	level	2											level:01:003FA188		open	boot:00442D6C		open
fa9ff843b8b2a26d	336	level	2											level:07:003A62C8		open	level:01:00450348	func_L01_00450348	open
3a6224d428d98317	336	level	2											level:39:004D0BA8		open	boot:003F64B0		open
bb289a53501370f3	336	level	2											level:39:004D2E10		open	level:00:0050EE10	func_L00_0050EE10	open
b4d92681be797b89	336	level	2											level:39:004E3968		open	level:00:0051F968	func_L00_0051F968	open
4ec5bff738cce9ab	336	level	2											level:39:004FD1B0		open	level:00:005391C0	func_L00_005391C0	open
ede80261cd1581b7	332	level	2											level:39:005051BC		open	level:00:005411CC	func_L00_005411CC	open
5acf8587659b8498	332	level	2											level:39:00507F28		open	boot:00408110		open
f648990d774a1dcf	332	level	2											level:39:005091A8		open	boot:00409390		open
14042f0856f66f32	332	level	2											level:39:0050F1E0		open	boot:0040CF60		open
732cd22b767edce6	332	level	2											level:39:00516C78		open	level:00:00552C88	func_L00_00552C88	open
f4d4530e65a1449b	328	level	2											level:39:004C2B60		open	level:00:004FEB60		open
f88caa2360986427	328	level	2											level:39:004DD178		open	level:00:00519178	func_L00_00519178	open
1281708f45153db5	324	level	2								level:01:003993C8		open	level:19:003070B8		open			
d656d3a24e631343	324	level	2											level:39:004C9C08		open	level:00:00505C08	func_L00_00505C08	open
12e19497799b70e1	324	level	2											level:39:004CB6D0		open	level:00:005076D0	func_L00_005076D0	open
022d7d2e8d084627	324	level	2											level:39:004D4B18		open	level:00:00510B18	func_L00_00510B18	open
97c85a31fb9213a9	324	level	2											level:39:004DCB20		open	level:00:00518B20	func_L00_00518B20	open
8f73c78306ed898f	324	level	2											level:39:00501458		open	level:00:0053D468		open
eb4aa5e255e64ab2	320	level	2											level:01:00460EA8		open	level:00:0060A350	func_L00_0060A350	open
ca187a5ba63b2b28	320	level	2											level:39:004C3C28		open	level:00:004FFC28	func_L00_004FFC28	open
86065eb555659cf0	320	level	2											level:39:004CC9D8		open	level:00:005089D8	func_L00_005089D8	open
56f360d703772cb8	320	level	2											level:39:004CCB18		open	level:00:00508B18	func_L00_00508B18	open
9e260c19ba4d1b7a	320	level	2											level:39:004F14C0		open	level:00:0052D4C0	func_L00_0052D4C0	open
6434210ee77dc59e	320	level	2											level:39:004FC580		open	level:00:00538590	func_L00_00538590	open
eb6a2df1e3e95380	320	level	2											level:39:005148A0		open	boot:00412620		open
c42ffe051d77b0ae	316	level	2								level:00:00411F48		open	level:01:0034CC80		open			
1063dcd24aeb4657	316	level	2								level:01:00324410		open	level:03:0044A510		open			
23ebb96410e39b28	316	level	2											level:39:004DBB20		open	level:00:00517B20	func_L00_00517B20	open
c352e50f52c4adb1	316	level	2											level:39:004DEA08		open	level:00:0051AA08	func_L00_0051AA08	open
248407deb9f2f5ff	316	level	2											level:39:004F1158		open	level:00:0052D158	func_L00_0052D158	open
d8fb278725590756	316	level	2											level:39:00505638		open	level:00:00541648	func_L00_00541648	open
93e9fbf1155ccf83	316	level	2											level:39:00506D90		open	boot:00406F78	func_00406F78	open
f17ac3728ad2a4ac	316	level	2											level:39:0050DA88		open	boot:0040B808		open
c747dafe78ae107c	316	level	2											level:39:00594180		open	level:00:0073FBE8	func_L00_0073FBE8	open
23cccddc1352cb4d	316	level	2											level:39:006DB9E8		open	level:00:0077C818	func_L00_0077C818	open
52c1388bb20d25f3	312	level	2								level:00:002D1DA0		open	level:01:0050B678		open			
2137b05ad3e0fc48	312	level	2								level:00:003BBF48		open	level:01:0030A798		open			
09a45fcf9cdefd69	312	level	2											level:39:004CF558		open	level:00:0050B558	func_L00_0050B558	open
2d8e31a23a3ec84c	312	level	2											level:39:004D3820		open	level:00:0050F820	func_L00_0050F820	open
2d2dd4c87499789e	312	level	2											level:39:004E0D28		open	level:00:0051CD28	func_L00_0051CD28	open
e6e801ef2bcd9916	312	level	2											level:39:004EA410		open	level:00:00526410	func_L00_00526410	open
9d394eeaa6f30c0b	312	level	2											level:39:004FBBA0		open	level:00:00537BB0	func_L00_00537BB0	open
1df8dd72374d5e82	308	level	2								level:02:0032EDD8		open	level:19:00446FA0		open			
b1700ee2c8397103	308	level	2											level:39:004C34A8		open	level:00:004FF4A8	func_L00_004FF4A8	open
f764341b6461e2f2	308	level	2											level:39:00508EB4		open	boot:0040909C		open
913a54a53edc5b73	304	level	2								level:00:00308408		open	level:08:0040FEF0		open			
8e0e8525189b74d4	304	level	2											level:12:00446CA8		open	boot:00476320	func_00476320	open
333d526727af92fe	304	level	2											level:39:004C3298		open	level:00:004FF298	func_L00_004FF298	open
c6f36b0c08181704	304	level	2											level:39:004DDF50		open	level:00:00519F50	func_L00_00519F50	open
d1369f0012542ebc	304	level	2											level:39:004ED374		open	level:00:00529374	func_L00_00529374	open
593f9f61fe09fc03	304	level	2											level:39:004FCEF8		open	level:00:00538F08	func_L00_00538F08	open
e4332184632158c1	304	level	2											level:39:0050B858		open	level:00:00547868	func_L00_00547868	open
384ef2f1ea4d9b65	304	level	2											level:39:00517E1C		open	level:00:00553E2C	func_L00_00553E2C	open
1a97a8f104bf0ac5	300	level	2											level:39:004BE05C		open	boot:003FCD94		open
eedbab846440dece	300	level	2											level:39:004C2448		open	level:00:004FE448	func_L00_004FE448	open
d996de4f0eaaa44b	300	level	2											level:39:004F9C08		open	level:00:00535C18	func_L00_00535C18	open
05977143168bc989	300	level	2											level:39:0066C308		open	level:00:006F6FE0	func_L00_006F6FE0	open
62ac17ef8eb993f9	300	level	2											level:39:006D22E0		open	level:00:0076FC38	func_L00_0076FC38	open
50bac813ba72c4ae	296	level	2											level:01:003E38B8		open	level:00:0058A778	func_L00_0058A778	open
669b61de1705c7f2	296	level	2											level:39:004C1D40		open	level:00:004FDD40	func_L00_004FDD40	open
46c266177568f293	296	level	2											level:39:004EC050		open	level:00:00528050	func_L00_00528050	open
5edd928dcd75e919	296	level	2											level:39:004FAAB0		open	level:00:00536AC0	func_L00_00536AC0	open
7fab8dabff767fdf	296	level	2											level:39:005057C0		open	level:00:005417D0	func_L00_005417D0	open
e3bf25c8a8510394	296	level	2											level:39:00505FD8		open	level:00:00541FE8	func_L00_00541FE8	open
e903f1cc2a5c6f3d	296	level	2											level:39:0051675C		open	level:00:0055276C	func_L00_0055276C	open
a3b53824b9c7eaec	292	level	2											level:01:00438538		open	level:01:00588720	func_L01_00588720	open
b1eb29aed0f9569d	292	level	2											level:39:004BC888		open	level:00:004F8888	func_L00_004F8888	open
c7f64399b15f06c0	292	level	2											level:39:004BCE50		open	level:00:004F8E50	func_L00_004F8E50	open
6a17dd418bace158	292	level	2											level:39:004DB9F8		open	level:00:005179F8	func_L00_005179F8	open
25abbf2cb0c39a08	292	level	2											level:39:004F1030		open	level:00:0052D030	func_L00_0052D030	open
8b91adc9baa2e787	292	level	2											level:39:004FCDD0		open	level:00:00538DE0	func_L00_00538DE0	open
2cead6ea8fdea992	292	level	2											level:39:00506758		open	boot:00406940	func_00406940	open
bb3e496107e98166	292	level	2											level:39:00516638		open	level:00:00552648	func_L00_00552648	open
e34d9439250f7429	288	level	2								level:00:003A2138		open	level:01:00308180		open			
a387ec282b43457d	288	level	2								level:00:003F59F0		open	level:01:00347B88		open			
c95d48d695755a43	288	level	2								level:03:003C5DC8		open	level:19:00334838		open			
183796557f7da71b	288	level	2								level:06:0039A2F0		open	level:04:004AF8A0		open			
bab74c691f245916	288	level	2											level:39:004CDDE0		open	level:00:00509DE0	func_L00_00509DE0	open
5d0dcc8d277b6fb6	288	level	2											level:39:004F3AA8		open	level:00:0052FAA8	func_L00_0052FAA8	open
7fff131ea690ce86	288	level	2											level:39:00505DC8		open	level:00:00541DD8	func_L00_00541DD8	open
e4deac9563ef6073	288	level	2											level:39:005CC260		open	boot:004934F8	func_004934F8	open
ce08b0a47aa7873c	284	level	2											level:39:004C4B48		open	level:00:00500B48	func_L00_00500B48	open
45c82d631954f525	284	level	2											level:39:004CDCC0		open	level:00:00509CC0	func_L00_00509CC0	open
b2bca4c84ef24483	284	level	2											level:39:004DA990		open	level:00:00516990	func_L00_00516990	open
026bb2a6b9ab62fb	284	level	2											level:39:004E0290		open	level:00:0051C290	func_L00_0051C290	open
b8efdc95b72cd646	284	level	2											level:39:004F8F58		open	level:00:00534F68	func_L00_00534F68	open
adca2e98fddd5301	284	level	2											level:39:00513150		open	boot:00410ED0		open
e6af9cdbf7804bfb	280	level	2								level:00:00303418		open	level:01:004281A8		open			
9f32b8e422c493df	280	level	2								level:00:003CB538		open	level:01:0030CD20		open			
a8dc2cf713a255de	280	level	2											level:39:004C44A8		open	level:00:005004A8	func_L00_005004A8	open
6459cb62120de272	280	level	2											level:39:004CC0C8		open	level:00:005080C8	func_L00_005080C8	open
9c474ac139e568ef	280	level	2											level:39:004CD6E8		open	level:00:005096E8	func_L00_005096E8	open
125db6b3178f16eb	280	level	2											level:39:004CD800		open	level:00:00509800	func_L00_00509800	open
81930c4f1d217581	280	level	2											level:39:004CE768		open	level:00:0050A768	func_L00_0050A768	open
6c2aeee1e7b829ca	280	level	2											level:39:004D2510		open	level:00:0050E510	func_L00_0050E510	open
7e4a89d8de42d703	280	level	2											level:39:004E2E60		open	level:00:0051EE60	func_L00_0051EE60	open
a2874e912948b669	280	level	2											level:39:005040F8		open	level:00:00540108	func_L00_00540108	open
9da8bdf77ca459e3	280	level	2											level:39:005116D8		open	boot:0040F458		open
fdd0bdbd33f2d602	280	level	2											level:39:005149E0		open	boot:00412760		open
b14b9a60f52aa78e	276	level	2											level:39:004B3C10		open	level:00:004EFC10	func_L00_004EFC10	open
5963049a23c8e30d	276	level	2											level:39:004BD8F0		open	boot:003FC628	func_004052B0	open
5c91cd9580d04820	276	level	2											level:39:004C1BC8		open	level:00:004FDBC8	func_L00_004FDBC8	open
ed5144aafd070dec	276	level	2											level:39:004E40D8		open	level:00:005200D8	func_L00_005200D8	open
20b353147126990a	276	level	2											level:39:004EABC0		open	level:00:00526BC0	func_L00_00526BC0	open
484347bbece79c3e	276	level	2											level:39:004EC948		open	level:00:00528948	func_L00_00528948	open
54dd337cad110f3a	276	level	2											level:39:004EFB78		open	level:00:0052BB78	func_L00_0052BB78	open
03ae2258df034c77	276	level	2											level:39:004F5F98		open	boot:003FE9E8		open
dbdac73932c8eb5a	276	level	2											level:39:00505308		open	level:00:00541318	func_L00_00541318	open
66ce17009c996b64	276	level	2											level:39:0050AF40		open	level:00:00546F50	func_L00_00546F50	open
b2062d8a99149573	276	level	2											level:39:00510AA0		open	boot:0040E820		open
ceec2617a0fc314a	276	level	2											level:39:00514550		open	boot:004122D0		open
6fb1af3cccaf3139	276	level	2											level:39:00515C18		open	boot:00413998		open
26517bd8bc6d7d01	272	level	2											level:01:00463828		open	level:00:0060CC90		open
b297c4a0d2fe9438	272	level	2											level:39:004BDF4C		open	boot:003FCC84		open
af9999d528b5d33e	272	level	2											level:39:004C45F8		open	level:00:005005F8	func_L00_005005F8	open
b8f14f3fae37fef8	272	level	2											level:39:004CCC58		open	level:00:00508C58	func_L00_00508C58	open
3654f4048f122767	272	level	2											level:39:004CFC20		open	level:00:0050BC20	func_L00_0050BC20	open
e4ed4ff41744dc4f	272	level	2											level:39:004E1AB8		open	level:00:0051DAB8	func_L00_0051DAB8	open
c9c2161e7c09801b	272	level	2											level:39:004E4378		open	level:00:00520378	func_L00_00520378	open
83847c79fe954c8b	272	level	2											level:39:004F8878		open	level:00:00534888	func_L00_00534888	open
10ed5281b1881cf8	272	level	2											level:39:00508A28		open	boot:00408C10		open
c91cd938f081f99d	268	level	2											level:01:00442998		open	level:01:00592160	func_L01_00592160	open
895824762f6e3406	268	level	2											level:01:00467510		open	boot:004931B8	func_004931B8	open
6e6e2d45ffd3093e	268	level	2											level:39:004C25E0		open	level:00:004FE5E0	func_L00_004FE5E0	open
349f4fac71885f02	268	level	2											level:39:004C9368		open	level:00:00505368	func_L00_00505368	open
a1ac08e82b481946	268	level	2											level:39:004D3C90		open	level:00:0050FC90	func_L00_0050FC90	open
6142ddc0da2b96f9	268	level	2											level:39:004D8E58		open	level:00:00514E58	func_L00_00514E58	open
cac20a373441137e	268	level	2											level:39:004DE148		open	level:00:0051A148	func_L00_0051A148	open
bb513fced5da000e	268	level	2											level:39:004EBC78		open	level:00:00527C78	func_L00_00527C78	open
bb3b23ebaa4b723a	268	level	2											level:39:004EF040		open	level:00:0052B040	func_L00_0052B040	open
1082be08c9ad0e49	268	level	2											level:39:004FCC30		open	level:00:00538C40	func_L00_00538C40	open
26f2433dc39369d1	268	level	2											level:39:00507068		open	boot:00407250		open
25ef8d8786248efa	268	level	2											level:39:005073D0		open	boot:004075B8	func_0040A2E8	open
ac1b4e913220509a	268	level	2											level:39:00512310		open	boot:00410090		open
36f34449a726215b	268	level	2											level:39:005153E8		open	boot:00413168		open
1caa042d2ede23c9	268	level	2											level:39:005168A0		open	level:00:005528B0	func_L00_005528B0	open
f223212be3108db8	268	level	2											level:39:00516AB8		open	level:00:00552AC8	func_L00_00552AC8	open
528ef37f235dbe8b	264	level	2											level:39:004C2A10		open	level:00:004FEA10	func_L00_004FEA10	open
616ad91cfd8f7717	264	level	2											level:39:004D3DA0		open	level:00:0050FDA0	func_L00_0050FDA0	open
a6c0b5b69af48a20	264	level	2											level:39:004DEF58		open	level:00:0051AF58	func_L00_0051AF58	open
1e0f9f6ebf2d73a5	264	level	2											level:39:0066C438		open	level:00:006F7110	func_L00_006F7110	open
191ef79c1170f585	260	level	2	KillPart	level:00:002688A8	func_L00_002688A8	open	level:00:00267A08		open	boot:002B9180		open						
a0416a42b97ed8e8	260	level	2		level:02:0020BF88	func_L02_0020BF88	open	level:02:0020BC88	FUN_L02_0020bc88	open	boot:0027E920		open						
a1cd801a21309519	260	level	2											level:01:00465410		open	boot:00492D80	func_00492D80	open
6de3e6845b8f922d	260	level	2											level:39:004BCF78		open	level:00:004F8F78	func_L00_004F8F78	open
07b47b565af79509	260	level	2											level:39:004BD7EC		open	boot:003FC524	func_004051AC	open
6abd0871a85574fe	260	level	2											level:39:004C5980		open	level:00:00501980	func_L00_00501980	open
66a6a2cc406c86ce	260	level	2											level:39:004E25B4		open	level:00:0051E5B4	func_L00_0051E5B4	open
ff9b6b8289576493	260	level	2											level:39:004E3CB8		open	level:00:0051FCB8	func_L00_0051FCB8	open
4686b98996acacc4	260	level	2											level:39:004EADA8		open	level:00:00526DA8	func_L00_00526DA8	open
f6b8bc3efed4dc8e	260	level	2											level:39:004F9DF8		open	level:00:00535E08	func_L00_00535E08	open
d01009d6a535c84e	260	level	2											level:39:004FB698		open	level:00:005376A8	func_L00_005376A8	open
eba22607b0749f93	260	level	2											level:39:005129A8		open	boot:00410728		open
49f4a60abe5b8622	260	level	2											level:39:00517208		open	boot:00413F80		open
70819d6419a48295	256	level	2								level:06:0047AC68		open	level:02:003C38C8		open			
ddf9a25b03e8bd37	256	level	2								level:11:0045B5C8		open	level:22:0034C048		open			
207537c31960bc45	256	level	2											level:01:00460318		open	boot:00491B88	func_00491B88	open
4616f55d8e0ed0ed	256	level	2											level:39:004C16B8		open	level:00:004FD6B8	func_L00_004FD6B8	open
53d43826576f1a28	256	level	2											level:39:004C5F20		open	level:00:00501F20	func_L00_00501F20	open
ac8b335d84b7d4b4	256	level	2											level:39:004FF2A0		open	level:00:0053B2B0	func_L00_0053B2B0	open
7c1eff7737ee2936	252	level	2								level:00:002A9E30		open	level:01:004E1268		open			
980a5e4b218d1e99	252	level	2											level:39:004C30C8		open	level:00:004FF0C8	func_L00_004FF0C8	open
44a52c01d2c19e72	252	level	2											level:39:004DF520		open	level:00:0051B520		open
4b2199cf54d6f121	252	level	2											level:39:004ECA84		open	level:00:00528A84	func_L00_00528A84	open
84a4245863bdb4af	252	level	2											level:39:004EECF0		open	level:00:0052ACF0	func_L00_0052ACF0	open
2602ce770a0b3dab	252	level	2											level:39:004EFDE8		open	level:00:0052BDE8	func_L00_0052BDE8	open
8969347bfec6402a	252	level	2											level:39:0050BF10		open	level:00:00547F20	func_L00_00547F20	open
2c11adff46ebc27e	252	level	2											level:39:0050C6E8		open	boot:0040A468		open
cf3aba6d4b4136b4	252	level	2											level:39:00517108		open	boot:00413E80		open
f6ad2299fc8d4a6c	252	level	2											level:39:0066FDB0		open	level:00:006FEDE8	func_L00_006FEDE8	open
a0bdf6d8bf7dccfd	248	level	4		level:00:0025A344	func_L00_0025A344	open	level:00:0025930C		open	boot:002A873C		open	level:01:00442C4C		open	level:01:005923C4	func_L01_005923C4	open
6d87b72ffb072699	248	level	2											level:39:004CB938		open	level:00:00507938	func_L00_00507938	open
7a2df294fa161f3f	248	level	2											level:39:004E0548		open	level:00:0051C548	func_L00_0051C548	open
5ed182d7d8a8b40e	248	level	2											level:39:004EF150		open	level:00:0052B150	func_L00_0052B150	open
89f8d8c9ce1bebe7	248	level	2											level:39:004F32E8		open	level:00:0052F2E8	func_L00_0052F2E8	open
dc3667261618eb93	248	level	2											level:39:00504858		open	level:00:00540868	func_L00_00540868	open
4375c431c5c17830	248	level	2											level:39:00505420		open	level:00:00541430	func_L00_00541430	open
78a472b74f5db197	248	level	2											level:39:00506660		open	boot:00406848	func_00406848	open
0455795bca1dc113	248	level	2											level:39:00511550		open	boot:0040F2D0		open
3a1d02fd49900a55	248	level	2											level:39:00512748		open	boot:004104C8		open
37c1c7301f479a86	244	level	2								level:00:002AA478		open	level:01:004E1980		open			
e11571c47ae7e49e	244	level	2								level:03:0038AA38		open	level:19:00334DC8		open			
95f80dffad2023f0	244	level	2											level:39:004DAC48		open	level:00:00516C48	func_L00_00516C48	open
d2fc93e0f5c20e7f	244	level	2											level:39:004DE258		open	level:00:0051A258	func_L00_0051A258	open
53b59e0cce5a5bd5	244	level	2											level:39:00506A80		open	boot:00406C68	func_00406C68	open
090f7f57cb9987a2	244	level	2											level:39:00510BB8		open	boot:0040E938		open
455039732508856d	244	level	2											level:39:00514E88		open	boot:00412C08		open
57c061aec398c688	240	level	2								level:00:003154A8		open	level:01:0043BF38		open			
747a70ecc3dbd326	240	level	2											level:01:00462FD0		open	boot:00492150	func_00492150	open
e2036a95089c70cd	240	level	2											level:39:004BBD98		open	level:00:004F7D98	func_L00_004F7D98	open
7e5a94a7640e245d	240	level	2											level:39:004CFF38		open	boot:003F5648	func_003F5648	open
33a4607b8c253dbb	240	level	2											level:39:004D0DE8		open	boot:003F66F0		open
c37cf88e20d980ed	240	level	2											level:39:004D5750		open	level:00:00511750	func_L00_00511750	open
1aba936609395294	240	level	2											level:39:004D5840		open	level:00:00511840	func_L00_00511840	open
cdd6a8bd1364bfe1	240	level	2											level:39:004D7368		open	level:00:00513368	func_L00_00513368	open
ef09998aa76b0cc7	240	level	2											level:39:004DF848		open	level:00:0051B848	func_L00_0051B848	open
50acfd6e2620c43b	240	level	2											level:39:00500790		open	level:00:0053C7A0	func_L00_0053C7A0	open
fd731cac156d82b1	240	level	2											level:39:00504990		open	level:00:005409A0	func_L00_005409A0	open
964e3c6131da9e05	240	level	2											level:39:0050C138		open	level:00:00548148	func_L00_00548148	open
797b703364b942ad	240	level	2											level:39:00517C58		open	level:00:00553C68	func_L00_00553C68	open
325c1d3cfd495cfe	240	level	2											level:39:006DAC10		open	level:00:0077BD00	func_L00_0077BD00	open
32d823eb20403fa0	236	level	2											level:39:004BCA38		open	level:00:004F8A38	func_L00_004F8A38	open
9458282f0a287246	236	level	2											level:39:004C20B0		open	level:00:004FE0B0	func_L00_004FE0B0	open
21445b2022f3b1f0	236	level	2											level:39:004D0CF8		open	boot:003F6600		open
54af10ef7632cf59	236	level	2											level:39:004DEB48		open	level:00:0051AB48	func_L00_0051AB48	open
d82f32e03b16e5cc	236	level	2											level:39:00505070		open	level:00:00541080	func_L00_00541080	open
1eb029f473d2a4aa	236	level	2											level:39:00506500		open	boot:004066E8	func_004066E8	open
fd2517632bf2db0a	236	level	2											level:39:0050AD60		open	level:00:00546D70	func_L00_00546D70	open
13404e2f119e7245	236	level	2											level:39:005169B4		open	level:00:005529C4	func_L00_005529C4	open
56251f3cd9451363	236	level	2											level:39:00518268		open	level:00:00554278	func_L00_00554278	open
78a6b9e6b284b618	236	level	2											level:39:006DE9F8		open	level:00:0077D000	func_L00_0077D000	open
890d60b6de2b69a7	232	level	2											level:39:004CD918		open	level:00:00509918	func_L00_00509918	open
f598ced6c2d943b9	232	level	2											level:39:004CDAF0		open	level:00:00509AF0	func_L00_00509AF0	open
47d7c7c85849ae80	232	level	2											level:39:004CDBD8		open	level:00:00509BD8	func_L00_00509BD8	open
5b5999112428f326	232	level	2											level:39:004DD490		open	level:00:00519490	func_L00_00519490	open
7b42a65e1a05705e	232	level	2											level:39:004E2894		open	level:00:0051E894	func_L00_0051E894	open
7c8fbb444bb6be45	232	level	2											level:39:004F18D0		open	level:00:0052D8D0		open
c2c0ccc0f0908e30	232	level	2											level:39:004F19B8		open	level:00:0052D9B8	func_L00_0052D9B8	open
00100f00b9fb104d	232	level	2											level:39:005087B0		open	boot:00408998		open
c8e5d38118f82e3f	232	level	2											level:39:0050D1D8		open	boot:0040AF58		open
ea2cfe7f4470bc9d	232	level	2											level:39:00519628		open	level:00:00567128	func_L00_00567128	open
d8793b7e46e16e83	228	level	2								level:00:003E6628		open	level:01:00312998		open			
d86d6d65a3f53712	228	level	2											level:39:004B8E78		open	level:00:004F4E78	func_L00_004F4E78	open
e5f267be1ea44f27	228	level	2											level:39:004CDA00		open	level:00:00509A00	func_L00_00509A00	open
174daf447961016b	228	level	2											level:39:004D5088		open	boot:003F9120	func_003F9120	open
0c48e731e60b0d48	228	level	2											level:39:004DBFEC		open	level:00:00517FEC	func_L00_00517FEC	open
acd3ca6e64adb5bf	228	level	2											level:39:004DE868		open	level:00:0051A868	func_L00_0051A868	open
7167eb1615ed0238	228	level	2											level:39:006CAE68		open	level:00:00766430	func_L00_00766430	open
efb364cd85c90ace	228	level	2											level:39:006D3E40		open	level:00:00771AF0		open
6ce8c998d790d87d	228	level	2											level:39:006D46E8		open	level:00:00772AA0	func_L00_00772AA0	open
77a7f56c3516f7b9	228	level	2											level:39:006D7668		open	level:00:007772E8		open
9a9ef51f87d342c5	228	level	2											level:39:006DA970		open	level:00:0077BA28		open
591926bca671f94d	224	level	2								level:04:00423178		open	level:11:003AC488		open			
c1deb25af1f7ad43	224	level	2											level:01:00460CB8		open	level:01:005C12F8	func_L01_005C12F8	open
8876f49382d31e29	224	level	2											level:39:004BFA60		open	level:00:004FBA60	func_L00_004FBA60	open
a66388ba637dca9a	224	level	2											level:39:004BFB40		open	level:00:004FBB40		open
afce078edc30e472	224	level	2											level:39:004C2E00		open	level:00:004FEE00	func_L00_004FEE00	open
7ebb189f36e35ca6	224	level	2											level:39:004DA8B0		open	level:00:005168B0	func_L00_005168B0	open
8f6d8ab63ef0093b	224	level	2											level:39:004DC110		open	level:00:00518110	func_L00_00518110	open
eb5fce11748561fe	224	level	2											level:39:004E4770		open	level:00:00520770	func_L00_00520770	open
38ae5b795b883818	224	level	2											level:39:004F4260		open	level:00:00530260		open
7d0783a41095a3b4	224	level	2											level:39:004FD0D0		open	level:00:005390E0	func_L00_005390E0	open
7d39829aadcf6811	224	level	2											level:39:00509E98		open	level:00:00545EA8	func_L00_00545EA8	open
c39517f53dd95b25	224	level	2											level:39:0050D2C0		open	boot:0040B040		open
3491c8761a70e057	224	level	2											level:39:0050DDA0		open	boot:0040BB20		open
8ddf8e23e3f46e1a	224	level	2											level:39:00510F88		open	boot:0040ED08		open
856f1eebf06293e9	224	level	2											level:39:00512840		open	boot:004105C0		open
5f180ea1f634d234	220	level	2											level:39:004E0640		open	level:00:0051C640	func_L00_0051C640	open
ca1febd106ada20b	220	level	2											level:39:004F6910		open	boot:003FF360		open
af033dfdf8c25fca	220	level	2											level:39:004FA180		open	level:00:00536190	func_L00_00536190	open
642e7a153b657d40	220	level	2											level:39:00504694		open	level:00:005406A4	func_L00_005406A4	open
585f7e1219b3b760	220	level	2											level:39:00508948		open	boot:00408B30		open
74545c2549c04281	220	level	2											level:39:00510878		open	boot:0040E5F8		open
5cabbc06b31fecb4	220	level	2											level:39:005109A8		open	boot:0040E728		open
bdb06a548046a5da	220	level	2											level:39:005174A0		open	level:00:005534B0	func_L00_005534B0	open
3c8c3c5c9a8f5c83	220	level	2											level:39:006D7D20		open	level:00:007779B0	func_L00_007779B0	open
7ee8ffcdb8accdc8	216	level	4	PartType22Update	level:00:002689B0	func_L00_002689B0	open	level:00:00267B10		open	boot:002B9288		open	level:01:0045E680		open	level:00:00607A60	func_L00_00607A60	open
cdcae9dbf643e96a	216	level	2											level:39:004BD150		open	boot:003F9208	func_00404B10	open
6a9a6b0be97d4968	216	level	2											level:39:004BD2E0		open	boot:003F9398	func_00404CA0	open
6c7b7487bd68fd26	216	level	2											level:39:004BD654		open	boot:003F965C	func_00405014	open
9d5e09b127627a86	216	level	2											level:39:004BDD9C		open	boot:003FCAD4		open
e729afa4835f6ab7	216	level	2											level:39:004BDE74		open	boot:003FCBAC		open
1de2e2fbd6e9221d	216	level	2											level:39:004DB130		open	level:00:00517130	func_L00_00517130	open
c3431a94af842e0c	216	level	2											level:39:004E01B8		open	level:00:0051C1B8	func_L00_0051C1B8	open
ed601bf60bbe95c5	216	level	2											level:39:004FA0A8		open	level:00:005360B8	func_L00_005360B8	open
5c07d6ca81845200	212	level	2								level:00:002B1230		open	level:01:004E8698		open			
5eca53a796c98a82	212	level	2								level:16:003E70E8		open	level:39:0053E268		open			
277c989e94465cc0	212	level	2											level:39:004DEC70		open	level:00:0051AC70	func_L00_0051AC70	open
134461f4fffd7136	212	level	2											level:39:004E0B60		open	level:00:0051CB60	func_L00_0051CB60	open
6a71c9d22de4cd42	212	level	2											level:39:004FB7A0		open	level:00:005377B0	func_L00_005377B0	open
73f54b3cd83918b0	212	level	2											level:39:004FCB58		open	level:00:00538B68	func_L00_00538B68	open
b2b1fae8cadd80e4	212	level	2											level:39:00507C28		open	boot:00407E10		open
5e16ee19848a459e	212	level	2											level:39:00507D68		open	boot:00407F50		open
71b0eb30a550716b	212	level	2											level:39:00508484		open	boot:0040866C		open
e4d16f075292171b	212	level	2											level:39:005086D0		open	boot:004088B8		open
079e0de1143e6b47	212	level	2											level:39:0050C060		open	level:00:00548070	func_L00_00548070	open
16019b834bfa28ee	212	level	2											level:39:005125B8		open	boot:00410338		open
5a9596b2ec09c178	208	level	2								level:00:002AB108		open	level:01:004E2628		open			
79d88811deed1228	208	level	2											level:39:004BD080		open	level:00:004F9080	func_L00_004F9080	open
4234af1ea475e0f3	208	level	2											level:39:004CBAF0		open	level:00:00507AF0	func_L00_00507AF0	open
520a2e8705c68e4a	208	level	2											level:39:004D8D00		open	level:00:00514D00	func_L00_00514D00	open
7a7ee03f31074c77	208	level	2											level:39:004EACD8		open	level:00:00526CD8	func_L00_00526CD8	open
34498be9d7628c96	208	level	2											level:39:00506100		open	level:00:00542110	func_L00_00542110	open
790e31e435c982d2	208	level	2											level:39:0050D838		open	boot:0040B5B8		open
3dc92a30923ac8fd	204	level	2		level:00:00236610	func_L00_00236610	open	level:00:00235C80		open	boot:0028B950		open						
3b7a1d540bec2a9e	204	level	4		level:00:0025A778	func_L00_0025A778	matched	level:00:00259740	FUN_L00_00259740	matched	boot:002A8AF0	FUN_002A8AF0	matched	level:01:004432C0		open	boot:004740C8	func_004740C8	open
1618af86d8d943eb	204	level	2											level:01:003153D8		open	boot:0042B700		open
1a3e5e0031598f7c	204	level	2											level:39:004C1FE0		open	level:00:004FDFE0	func_L00_004FDFE0	open
97d770ae2b94f694	204	level	2											level:39:004DEE10		open	level:00:0051AE10	func_L00_0051AE10	open
5d27ddb556b7a2e8	204	level	2											level:39:004E4908		open	level:00:00520908	func_L00_00520908	open
784cf404397fc673	204	level	2											level:39:004EA868		open	level:00:00526868	func_L00_00526868	open
5930da8330a56026	204	level	2											level:39:004F5BA0		open	boot:003FE5F0		open
d1a2239b2271740d	204	level	2											level:39:004F7120		open	boot:003FFB80		open
9013874d67ee4d0d	204	level	2											level:39:004FDE30		open	level:00:00539E40	func_L00_00539E40	open
4e7b16e6d531ff1c	204	level	2											level:39:004FE050		open	level:00:0053A060	func_L00_0053A060	open
e31fadee334b2d24	204	level	2											level:39:005058E8		open	level:00:005418F8	func_L00_005418F8	open
fa5e644b65a45df0	204	level	2											level:39:006D7068		open	level:00:00776C38	func_L00_00776C38	open
57642a349ca492d6	200	level	2								level:11:0046C118		open	level:17:003B6F58		open			
f0716bb2548286fd	200	level	2											level:39:004B2F60		open	level:00:004EEF60	func_L00_004EEF60	open
7a4d75145c33e39c	200	level	2											level:39:004C1F18		open	level:00:004FDF18	func_L00_004FDF18	open
c53e0e86d4ba0750	200	level	2											level:39:004CBEB0		open	level:00:00507EB0	func_L00_00507EB0	open
a1edae41c14512aa	200	level	2											level:39:004DE080		open	level:00:0051A080	func_L00_0051A080	open
ccd114c13650e870	200	level	2											level:39:004F3190		open	level:00:0052F190	func_L00_0052F190	open
fdfb78ecb450422c	200	level	2											level:39:004FC2B8		open	level:00:005382C8	func_L00_005382C8	open
39e86f59b8b055f0	200	level	2											level:39:00507B00		open	boot:00407CE8		open
3eeee3c5c16b7b5f	200	level	2											level:39:005991D8		open	boot:0045C990		open
2730f651eb6bc9a0	196	level	2											level:39:004DA7E8		open	level:00:005167E8	func_L00_005167E8	open
1b91bc6eb4ec5c65	196	level	2											level:39:004DAFC0		open	level:00:00516FC0	func_L00_00516FC0	open
361541a674926c58	196	level	2											level:39:004DDBF8		open	level:00:00519BF8		open
b3aeb84fba240888	196	level	2											level:39:004DED48		open	level:00:0051AD48	func_L00_0051AD48	open
e3105ac8508f53dc	196	level	2											level:39:004EFFD8		open	level:00:0052BFD8	func_L00_0052BFD8	open
4ffb5ef3b3727779	196	level	2											level:39:004F3728		open	level:00:0052F728	func_L00_0052F728	open
72f37c4e14132f24	196	level	2											level:39:004F9078		open	level:00:00535088	func_L00_00535088	open
7e933c1b3bc303a7	196	level	2											level:39:0050A448		open	level:00:00546458	func_L00_00546458	open
67bd1729bcfac157	196	level	2											level:39:0050AE60		open	level:00:00546E70	func_L00_00546E70	open
dc67c127d65cfdaa	196	level	2											level:39:005164FC		open	level:00:0055250C	func_L00_0055250C	open
fb0ee77aec399818	196	level	2											level:39:005173B0		open	level:00:005533C0	func_L00_005533C0	open
c10fb994968a65e6	196	level	2											level:39:0067E810		open	level:00:007122D0	func_L00_007122D0	open
752bb0bd84bf56f6	192	level	3		level:00:001FFED8	func_L00_001FFED8	open	level:00:001FFF28		open	boot:00283898		open	boot:0038DA78	func_00389018	open			
26367e05a09a3e54	192	level	2		level:00:00250060	func_L00_00250060	matched	level:00:0024F028	FUN_L00_0024f028	matched	level:00:00310BC8		open						
6394a579a78d205b	192	level	3								level:00:0031AD40		open	level:01:004423D8		open	level:01:00591F88	func_L01_00591F88	open
3fb896f67102a249	192	level	3								level:00:0037E000		open	level:01:004C4928		open	boot:004EA6D0	func_004EA6D0	open
ec625a68316c8176	192	level	2								level:01:003245E0		open	level:04:0046C8D0		open			
fd10f9dec46da361	192	level	2											level:02:00310030		open	level:02:003C5FD0	func_L02_003C5FD0	open
646f69e08d68139c	192	level	2											level:39:004BD72C		open	boot:003FC464	func_004050EC	open
472e31a1cc96fb47	192	level	2											level:39:004BDCDC		open	boot:003FCA14		open
08a7aa34d8c24837	192	level	2											level:39:004C22C8		open	level:00:004FE2C8	func_L00_004FE2C8	open
79960cb38dcb2fcc	192	level	2											level:39:004DD320		open	level:00:00519320	func_L00_00519320	open
cab22b80da39bb8f	192	level	2											level:39:004E42A4		open	level:00:005202A4	func_L00_005202A4	open
0f953ad2e53dcad1	192	level	2											level:39:004E4488		open	level:00:00520488	func_L00_00520488	open
950288ef5c00898b	192	level	2											level:39:004E9A0C		open	level:00:00525A0C	func_L00_00525A0C	open
cfa0ac5b576c02bf	192	level	2											level:39:004F1600		open	level:00:0052D600	func_L00_0052D600	open
323dc399e7801bb9	192	level	2											level:39:00500890		open	level:00:0053C8A0	func_L00_0053C8A0	open
c7c9e9f2fbeac4e9	192	level	2											level:39:00500F40		open	level:00:0053CF50	func_L00_0053CF50	open
08736c5fc0c6b883	192	level	2											level:39:00507310		open	boot:004074F8		open
c2c4553560f15c4f	192	level	2											level:39:005074F8		open	boot:004076E0		open
c0d73e5d1871742c	192	level	2											level:39:005075B8		open	boot:004077A0		open
480277964f304cdf	188	level	2								level:00:00413298		open	level:01:0034DF10		open			
80e99f5f715d611c	188	level	2											level:02:0030FF70		open	level:02:003C5F10	func_L02_003C5F10	open
daf5240e646ef677	188	level	2											level:39:004BDC20		open	boot:003FC958		open
7e60e3f0093f00f2	188	level	2											level:39:004C2388		open	level:00:004FE388	func_L00_004FE388	open
d6665c1417faa1ee	188	level	2											level:39:004E09C8		open	level:00:0051C9C8	func_L00_0051C9C8	open
c9bb42bf55499514	188	level	2											level:39:004EAA08		open	level:00:00526A08	func_L00_00526A08	open
6743cb8d423859b7	188	level	2											level:39:004FF8F0		open	level:00:0053B900	func_L00_0053B900	open
d6941f38a26d5eee	188	level	2											level:39:00508D08		open	boot:00408EF0		open
eba604f81979f5fa	184	level	2											level:01:0046C3B0		open	level:00:00615D58		open
e3fa3f02100e7564	184	level	2											level:39:004BCB28		open	level:00:004F8B28	func_L00_004F8B28	open
b479f178a8680880	184	level	2											level:39:004BEAF0		open	level:00:004FAAF0	func_L00_004FAAF0	open
8261ce31b46b3159	184	level	2											level:39:004C4D48		open	level:00:00500D48	func_L00_00500D48	open
43704bfdb79faf09	184	level	2											level:39:004C4E00		open	level:00:00500E00		open
9e9874c6bb30c591	184	level	2											level:39:004CBA38		open	level:00:00507A38		open
bdbea7b4dc167231	184	level	2											level:39:004E0910		open	level:00:0051C910	func_L00_0051C910	open
aea788a97af2005d	184	level	2											level:39:004E4014		open	level:00:00520014	func_L00_00520014	open
64a0dc45e1687145	184	level	2											level:39:004E4B10		open	level:00:00520B10	func_L00_00520B10	open
8ae5f37059159ff9	184	level	2											level:39:004EA938		open	level:00:00526938	func_L00_00526938	open
733e0071b87cc987	184	level	2											level:39:004F8C00		open	level:00:00534C10	func_L00_00534C10	open
c1d9e03d2e1aad12	184	level	2											level:39:00507678		open	boot:00407860		open
2e0b8dd0cb3b6d6e	184	level	2											level:39:00507730		open	boot:00407918		open
e486775fee3262f9	184	level	2											level:39:0050D580		open	boot:0040B300		open
f43be86614731a40	184	level	2											level:39:00512CC0		open	boot:00410A40		open
4d26dd2918085aa3	184	level	2											level:39:005138D8		open	boot:00411658		open
2677f04d6bc15614	184	level	2											level:39:00517050		open	boot:00413DC8		open
e6e3deb078a289eb	180	level	2								level:00:002B3E40		open	level:01:004EAF40		open			
e01eeb8d978f68ad	180	level	2								level:00:00358D98		open	level:01:004A0270		open			
8e9f9524d4b45321	180	level	2								level:00:003F6A58		open	level:01:00348B90		open			
88027bff491c6a3f	180	level	2											level:39:004B8F60		open	level:00:004F4F60	func_L00_004F4F60	open
2040285bd8c049a0	180	level	2											level:39:004C2EE0		open	level:00:004FEEE0	func_L00_004FEEE0	open
49d112e6001df334	180	level	2											level:39:004DDA00		open	level:00:00519A00	func_L00_00519A00	open
24b8973b526e8ece	180	level	2											level:39:004E03B0		open	level:00:0051C3B0	func_L00_0051C3B0	open
f69958957a5ea19d	180	level	2											level:39:004E0858		open	level:00:0051C858	func_L00_0051C858	open
f86a2ded5f762cf9	180	level	2											level:39:004E3F60		open	level:00:0051FF60	func_L00_0051FF60	open
dfcb930b6baad32e	180	level	2											level:39:004F4B20		open	boot:003FD340		open
6a13bdf700d0e913	180	level	2											level:39:004F60B0		open	boot:003FEB00		open
f9cefe86d6292abd	180	level	2											level:39:004F69F0		open	boot:003FF440		open
fc6d95088410f4d3	180	level	2											level:39:00504E68		open	level:00:00540E78	func_L00_00540E78	open
efacd1bb073448bb	180	level	2											level:39:00507948		open	boot:00407B30		open
091aa31038d38391	180	level	2											level:39:00515A70		open	boot:004137F0		open
c1235b86ad7e7a7b	180	level	2											level:39:005942C0		open	level:00:005C1428	func_L00_005C1428	open
3b216b4c8d87c6ca	180	level	2											level:39:006D8D38		open	level:00:00778B30	func_L00_00778B30	open
73e2b9f39af1073b	176	level	2								level:00:002D23C0		open	level:01:0050BE30		open			
7395cd6bc13bdfae	176	level	2								level:00:00300378		open	level:01:004250B0		open			
351d54c1f22e77b6	176	level	2								level:03:0038B238		open	level:19:00335580		open			
2eda6dd119054eec	176	level	2											level:01:00438788		open	boot:0046D4C0	func_0046D4C0	open
3a764d92860279a6	176	level	2											level:01:004454A8		open	boot:00475C68	func_00475C68	open
3ddf59068ee751d6	176	level	2											level:39:004BD5A4		open	boot:003F95AC	func_00404F64	open
a86438cf2811548c	176	level	2											level:39:004C33D8		open	level:00:004FF3D8	func_L00_004FF3D8	open
4e1bc79ce1aa2a39	176	level	2											level:39:004C9D50		open	level:00:00505D50	func_L00_00505D50	open
f21158094b08159e	176	level	2											level:39:004D5170		open	level:00:00511170	func_L00_00511170	open
beea1bacb9f6bb48	176	level	2											level:39:004E0498		open	level:00:0051C498	func_L00_0051C498	open
3980b539fc5b46ec	176	level	2											level:39:004F4E50		open	boot:003FD670		open
54cfb186f4f16c9f	176	level	2											level:39:004F9D38		open	level:00:00535D48	func_L00_00535D48	open
43be5fa7ce57d056	176	level	2											level:39:005009C8		open	level:00:0053C9D8	func_L00_0053C9D8	open
e5670ece16ce88e0	176	level	2											level:39:0066AF80		open	boot:00540650	func_00540650	open
4d0bccd995549103	176	level	2											level:39:0066C540		open	level:00:006F7218	func_L00_006F7218	open
de7b42094edbc812	172	level	2								level:00:002C8C00		open	level:01:00500F98		open			
6a51cf776c06d9fb	172	level	2								level:03:00419A60		open	level:19:00354F48		open			
ab7e59aeeffecae4	172	level	2											level:03:0034AF30		open	level:01:004BE3B0	func_L01_004BE3B0	open
1328cd571a226bdc	172	level	2											level:39:004B7DF0		open	boot:003FBDD8	func_003FBDD8	open
7edcca557667c272	172	level	2											level:39:004BD4F8		open	boot:003FC230	func_00404EB8	open
044a901aae991719	172	level	2											level:39:004C1E68		open	level:00:004FDE68	func_L00_004FDE68	open
940eed6e8d451800	172	level	2											level:39:004C5D70		open	level:00:00501D70	func_L00_00501D70	open
b610f7e7af97e86f	172	level	2											level:39:004E41F0		open	level:00:005201F0	func_L00_005201F0	open
7961d10a9b1d9025	172	level	2											level:39:004E45F8		open	level:00:005205F8	func_L00_005205F8	open
71818f154a5cb7e3	172	level	2											level:39:004E4BC8		open	level:00:00520BC8	func_L00_00520BC8	open
f43373a965079aca	172	level	2											level:39:004FDF10		open	level:00:00539F20	func_L00_00539F20	open
42943f4c513627c4	172	level	2											level:39:005045E8		open	level:00:005405F8	func_L00_005405F8	open
15f55c3796cd6754	172	level	2											level:39:005100E8		open	boot:0040DE68		open
c9de1520bd01f10a	172	level	2											level:39:006257B0		open	level:00:006BD738	func_L00_006BD738	open
f403d13544bd29fd	168	level	2											level:10:00435FE8		open	level:01:005A14A8	func_L01_005A14A8	open
665c58ab9466734e	168	level	2											level:39:004CBBC0		open	level:00:00507BC0	func_L00_00507BC0	open
6b5a9d7f52040b1b	168	level	2											level:39:004DB814		open	level:00:00517814	func_L00_00517814	open
2d74fbae04922065	168	level	2											level:39:004EB598		open	level:00:00527598	func_L00_00527598	open
adc61b39c46b81cd	168	level	2											level:39:004F17E8		open	level:00:0052D7E8	func_L00_0052D7E8	open
2f70d728604bab01	168	level	2											level:39:004F95C0		open	level:00:005355D0	func_L00_005355D0	open
b46aef4343ee75d5	168	level	2											level:39:004F9888		open	level:00:00535898	func_L00_00535898	open
c5d7e2625c381c24	168	level	2											level:39:004FB468		open	level:00:00537478	func_L00_00537478	open
a262fca5757d4101	168	level	2											level:39:004FC3C0		open	level:00:005383D0	func_L00_005383D0	open
68e12c0157d2638e	168	level	2											level:39:005183C8		open	level:00:005543D8	func_L00_005543D8	open
0545bb4bb98bea98	168	level	2											level:39:00594378		open	level:00:005C14E0	func_L00_005C14E0	open
35896b4c83abed15	168	level	2											level:39:0066B500		open	level:00:006F6848	func_L00_006F6848	open
41af9af0ed01d9e0	164	level	2								level:00:002D3A58		open	level:01:0050D430		open			
661aa4b31ddce491	164	level	2								level:00:00413870		open	level:01:0034E5E0		open			
b2b8e6f6f79cbdba	164	level	2								level:02:00332668		open	level:05:00450FA8		open			
b600c446337b8585	164	level	2								level:03:003C5D20		open	level:19:00334790		open			
7c43941d388a9f34	164	level	2											level:39:004B9150		open	level:00:004F5150	func_L00_004F5150	open
b886918321e51a15	164	level	2											level:39:004BD228		open	boot:003F92E0	func_00404BE8	open
62d126f16366d8a7	164	level	2											level:39:004BFC20		open	level:00:004FBC20	func_L00_004FBC20	open
2e4c499d00b0fb12	164	level	2											level:39:004C39B8		open	level:00:004FF9B8	func_L00_004FF9B8	open
5c817d9f7842cc39	164	level	2											level:39:004CA128		open	level:00:00506128	func_L00_00506128	open
1f81f18513ebb907	164	level	2											level:39:004D9CE8		open	level:00:00515CE8	func_L00_00515CE8	open
ff9b9b657560b0f6	164	level	2											level:39:004DB950		open	level:00:00517950	func_L00_00517950	open
02e9977c65df3e29	164	level	2											level:39:004DD738		open	level:00:00519738	func_L00_00519738	open
77dcb8d16292884d	164	level	2											level:39:004DD7E0		open	level:00:005197E0		open
7da248bb9703486d	164	level	2											level:39:004EAB18		open	level:00:00526B18	func_L00_00526B18	open
397f9451c551d4db	164	level	2											level:39:004EC810		open	level:00:00528810	func_L00_00528810	open
1099a3c51dde7820	164	level	2											level:39:004F9958		open	level:00:00535968	func_L00_00535968	open
c4e36e14db93ba48	164	level	2											level:39:004FD028		open	level:00:00539038	func_L00_00539038	open
9badb1a8666c66dc	164	level	2											level:39:00512C18		open	boot:00410998		open
4df9ba18848fab49	164	level	2											level:39:00577E40		open	boot:0043A470		open
509c95f9106b3a6a	160	level	2								level:00:002D3CF8		open	level:01:0050D6D0		open			
676412dd8265328f	160	level	2								level:00:00403CB8		open	level:39:005572A0		open			
9fd29529e8ee67d3	160	level	2											level:01:003D56D4		open	boot:00423174		open
241ba7d40275bff3	160	level	2											level:01:0045FE28		open	level:00:006091A8	func_L00_006091A8	open
a51818127f09a07a	160	level	2											level:39:004B9018		open	level:00:004F5018	func_L00_004F5018	open
28bd3e1e2aa9f800	160	level	2											level:39:004BD3B8		open	boot:003FC0F0	func_00404D78	open
079e946f9f82eb41	160	level	2											level:39:004BD458		open	boot:003FC190	func_00404E18	open
344e4b4f702f2db6	160	level	2											level:39:004C4930		open	level:00:00500930	func_L00_00500930	open
9efbe6da24220398	160	level	2											level:39:004C4AA8		open	level:00:00500AA8	func_L00_00500AA8	open
35d5ce0e5d0ddb8e	160	level	2											level:39:004FC6C0		open	level:00:005386D0	func_L00_005386D0	open
8db5b794029530fa	160	level	2											level:39:00505CE8		open	level:00:00541CF8	func_L00_00541CF8	open
e8fe339219d930ab	160	level	2											level:39:00508C58		open	boot:00408E40		open
1e41b383134b5fcb	160	level	2											level:39:00508DD0		open	boot:00408FB8		open
b91ae02d6d00c093	160	level	2											level:39:00513B50		open	boot:004118D0		open
d4d02a3548a9b0f7	160	level	2											level:39:0051645C		open	level:00:0055246C	func_L00_0055246C	open
cc9c204ecd958999	160	level	2											level:39:0066B320		open	boot:005409F0	func_005409F0	open
6dfd0394031f085a	156	level	2											level:01:00445168		open	boot:004758E8	func_004758E8	open
159416015d1aeaf0	156	level	2											level:01:00471ED8		open	level:00:0061B840	func_L00_0061B840	open
c461115b3845fbc8	156	level	2											level:39:004BB3A8		open	level:00:004F73A8	func_L00_004F73A8	open
99eab9918c197d3c	156	level	2											level:39:004C2FD8		open	level:00:004FEFD8	func_L00_004FEFD8	open
69778bb8719a5e67	156	level	2											level:39:004C3FD0		open	level:00:004FFFD0	func_L00_004FFFD0	open
73e2f6c2376c61c4	156	level	2											level:39:004CC028		open	level:00:00508028	func_L00_00508028	open
ee72fbdaff2a37e7	156	level	2											level:39:0050C2B0		open	boot:0040A030	func_0040A030	open
745436bd414d924a	156	level	2											level:39:005112A0		open	boot:0040F020		open
d9ecbc9281bd73fb	156	level	2											level:39:00517310		open	boot:00414088		open
9b8b5205a14a17ea	152	level	2								level:00:002A4DB0		open	level:01:004DBFE8		open			
3d1c081ec2115563	152	level	2								level:00:002D1FD8		open	level:01:0050B8B0		open			
7af8a0b03f8aaf67	152	level	2								level:00:002D20D0		open	level:01:0050B9A8		open			
90a5d7795dc3c536	152	level	2								level:00:0031D670		open	boot:003C4318	func_003BEB58	matched			
fe138ac780bd11a7	152	level	3								level:00:0036EFC8		open	level:01:004B44E0		open	level:01:0062F708	func_L01_0062F708	open
21175b8624c6376b	152	level	2								level:13:00389848		open	level:04:004D70E8		open			
8866e630c178ae37	152	level	2											level:39:004B3D88		open	level:00:004EFD88	func_L00_004EFD88	open
7c2cc9db39d01bee	152	level	2											level:39:004BCC40		open	level:00:004F8C40	func_L00_004F8C40	open
38099a92534c238e	152	level	2											level:39:004BFCC8		open	level:00:004FBCC8	func_L00_004FBCC8	open
55105d9574afaf18	152	level	2											level:39:004D4FF0		open	boot:003F9088	func_003F9088	open
88849c0eb15698f6	152	level	2											level:39:004DC590		open	level:00:00518590	func_L00_00518590	open
a4ad2157bb1c895a	152	level	2											level:39:004DC638		open	level:00:00518638	func_L00_00518638	open
ab4b208ee6a8c2d6	152	level	2											level:39:004E4850		open	level:00:00520850	func_L00_00520850	open
0a47474f8b750afc	152	level	2											level:39:004E9ACC		open	level:00:00525ACC	func_L00_00525ACC	open
83a801b2fc79e5e3	152	level	2											level:39:004EA210		open	level:00:00526210	func_L00_00526210	open
b16829d108e26a86	152	level	2											level:39:004F4560		open	level:00:00530560	func_L00_00530560	open
3b447c2fed7b40e8	152	level	2											level:39:004F5DC8		open	boot:003FE818		open
36ac0f2c89660e12	152	level	2											level:39:004FD478		open	level:00:00539488	func_L00_00539488	open
66c5902617586c8b	152	level	2											level:39:005077E8		open	boot:004079D0		open
292ece9c303f2283	152	level	2											level:39:00507880		open	boot:00407A68		open
ead7ee6b7f6319f2	152	level	2											level:39:005082A8		open	boot:00408490		open
f70c900ad0ea3a4b	152	level	2											level:39:00508898		open	boot:00408A80		open
a476ccdca111b0e1	152	level	2											level:39:00608DC8		open	boot:004F3800	func_004F3800	open
49b5941dde5e6c6c	152	level	2											level:39:0065F0B0		open	level:00:006EAA88	func_L00_006EAA88	open
0bdee9e0920cb2cd	148	level	2		level:00:00235FF8	func_L00_00235FF8	open	level:00:00235668	FUN_L00_00235668	open	boot:0028B338		open						
9f60d3c59a1d4491	148	level	2								level:00:002A5480		open	level:01:004DC870		open			
b6fde005f8411705	148	level	2								level:00:003A8060		open	level:01:00346CF8		open			
1134c13cbe758981	148	level	2											level:01:00460C20		open	level:00:0060A1B8	func_L00_0060A1B8	open
ad110b9701c1892b	148	level	2											level:39:004B3E20		open	level:00:004EFE20	func_L00_004EFE20	open
952cd2673c16effc	148	level	2											level:39:004B90B8		open	level:00:004F50B8	func_L00_004F50B8	open
59f9ba8dc5659c13	148	level	2											level:39:004CB498		open	level:00:00507498	func_L00_00507498	open
02e850b12ebd06e2	148	level	2											level:39:004CBF90		open	level:00:00507F90	func_L00_00507F90	open
44b5089b763636f3	148	level	2											level:39:004E34B0		open	level:00:0051F4B0	func_L00_0051F4B0	open
76e4a5104087b677	148	level	2											level:39:004EA6A0		open	level:00:005266A0	func_L00_005266A0	open
214f60127a820405	148	level	2											level:39:004EBFB8		open	level:00:00527FB8	func_L00_00527FB8	open
15436e9e146ee43c	148	level	2											level:39:004F1FAC		open	level:00:0052DFAC	func_L00_0052DFAC	open
c4f2b5aaa29771f1	148	level	2											level:39:004F5CA0		open	boot:003FE6F0		open
071d813ec59d844a	148	level	2											level:39:004F9F00		open	level:00:00535F10	func_L00_00535F10	open
3b3516a841cad7c1	148	level	2											level:39:004FA8B0		open	level:00:005368C0	func_L00_005368C0	open
daed72cb22d0396a	148	level	2											level:39:004FE408		open	level:00:0053A418	func_L00_0053A418	open
52c6017555ae12f9	148	level	2											level:39:00500368		open	level:00:0053C378	func_L00_0053C378	open
b356ca55a4908d57	148	level	2											level:39:00508BC0		open	boot:00408DA8		open
2dc1b26d4d6d7a76	148	level	2											level:39:00511E18		open	boot:0040FB98		open
7793200fe37e2ebd	148	level	2											level:39:006D3F28		open	level:00:00771BD8	func_L00_00771BD8	open
9b2233c7759ac09c	148	level	2											level:39:006D47F0		open	level:00:00772BC8	func_L00_00772BC8	open
55441608676fb274	144	level	2								level:00:002AF7D0		open	level:01:004E6CB0		open			
7fade27559c1ab59	144	level	2								level:00:002D3C68		open	level:01:0050D640		open			
13ee405456afd930	144	level	3								level:00:00303388		open	level:01:00428118		open	level:00:005CF4F0	func_L00_005CF4F0	open
8b1ccc8864870ef3	144	level	2								level:00:003A25D8		open	level:01:003085E0		open			
dc700691e0006728	144	level	2								level:00:003A2B28		open	level:01:00308AE8		open			
55ba08ea2b08cad7	144	level	2								level:00:003F5660		open	level:01:003477F8		open			
5a38147a48815d11	144	level	2											level:39:004CB818		open	level:00:00507818	func_L00_00507818	open
2542a0c744f01609	144	level	2											level:39:004CC280		open	level:00:00508280	func_L00_00508280	open
b33e74b9f9808ba3	144	level	2											level:39:004DB3D0		open	level:00:005173D0	func_L00_005173D0	open
27a7f03c194f78a3	144	level	2											level:39:004E0A88		open	level:00:0051CA88	func_L00_0051CA88	open
db67bbbf63eecc3f	144	level	2											level:39:004F3258		open	level:00:0052F258	func_L00_0052F258	open
ef3a762a9b8567cc	144	level	2											level:39:004F3630		open	level:00:0052F630	func_L00_0052F630	open
d4e2bd88e6bc655a	144	level	2											level:39:004FC898		open	level:00:005388A8	func_L00_005388A8	open
34819bc90821df65	144	level	2											level:39:00505AC0		open	level:00:00541AD0	func_L00_00541AD0	open
eb3b61900ad064e5	144	level	2											level:39:00505EF8		open	level:00:00541F08	func_L00_00541F08	open
b6b8acf84d4331cd	144	level	2											level:39:00514668		open	boot:004123E8		open
5caf55e4c2a94d95	144	level	2											level:39:00516BDC		open	level:00:00552BEC	func_L00_00552BEC	open
12b1de5ee43e069f	144	level	2											level:39:00516DD8		open	boot:00413B50		open
501029509c64dee5	144	level	2											level:39:005944B0		open	level:00:005C1618	func_L00_005C1618	open
faea97c9f1b1013e	144	level	2											level:39:0067A3C8		open	level:00:00733BE0	func_L00_00733BE0	open
60d573d54faf54e7	140	level	2	PadPressedWithin	level:00:00267BA8	func_L00_00267BA8	open	level:00:00266D60		open	level:00:0032EF10		open						
c4f0472728c35e3e	140	level	2		level:04:0024D4A8	func_L04_0024D4A8	open	level:04:0024C4F0		open	boot:002A8A50		open						
8dad2cf01319124d	140	level	2								level:00:002D3BD8		open	level:01:0050D5B0		open			
2b5e79afe15320a5	140	level	3								level:00:00310048		open	level:01:00435DE0		open	level:00:005DCF70	func_L00_005DCF70	open
e423e8c671d46d5f	140	level	2											level:01:003EF248		open	level:00:00595640	func_L00_00595640	open
f43946a8f7d0119a	140	level	2											level:39:004B9440		open	level:00:004F5440	func_L00_004F5440	open
22650ee577ae7d20	140	level	2											level:39:004C4708		open	level:00:00500708	func_L00_00500708	open
d0316c4141a4e57d	140	level	2											level:39:004CB8A8		open	level:00:005078A8	func_L00_005078A8	open
fd921ab083d17c69	140	level	2											level:39:004D1BC8		open	boot:003F7330		open
18d3369ffe19e9d8	140	level	2											level:39:004DDD20		open	level:00:00519D20	func_L00_00519D20	open
cd24439e73822c4f	140	level	2											level:39:004DF210		open	level:00:0051B210	func_L00_0051B210	open
7439b2f2012b9b73	140	level	2											level:39:004EA2E0		open	level:00:005262E0	func_L00_005262E0	open
fd09f6dbafa8baad	140	level	2											level:39:004F53A0		open	boot:003FDBC0		open
2ce6a50865d73e01	140	level	2											level:39:004F6880		open	boot:003FF2D0		open
b054c81acbaeef9d	140	level	2											level:39:004FC088		open	level:00:00538098	func_L00_00538098	open
6c3f9c8c1204d74f	140	level	2											level:39:004FC468		open	level:00:00538478	func_L00_00538478	open
3e01014e465c5980	140	level	2											level:39:00507178		open	boot:00407360		open
b7a5c96dfbc0be3c	140	level	2											level:39:0050CA00		open	boot:0040A780		open
3d586d1e48fe1481	140	level	2											level:39:0050CC50		open	boot:0040A9D0		open
a4bfa1d6eea48061	140	level	2											level:39:00511648		open	boot:0040F3C8		open
90c63ecd74994fdd	140	level	2											level:39:00594420		open	level:00:005C1588	func_L00_005C1588	open
fd3b4f15ac679e0c	140	level	2											level:39:0066A190		open	level:01:006B3FE8	func_L01_006B3FE8	open
5ab29307b5863510	140	level	2											level:39:006DB790		open	level:00:0077C720	func_L00_0077C720	open
8fc4d29cf6ee2862	136	level	2								level:00:002D1AE8		open	level:01:0050B3C0		open			
5a5ade49a0606c0c	136	level	2								level:00:002E54E0		open	level:10:003E38B8		open			
3a5e7cee5ce53614	136	level	2											level:39:004BB448		open	level:00:004F7448	func_L00_004F7448	open
b757fe78fdad4e5e	136	level	2											level:39:004BC9B0		open	level:00:004F89B0	func_L00_004F89B0	open
249c50dc1694974a	136	level	2											level:39:004C7E88		open	level:00:00503E88	func_L00_00503E88	open
39c660afd44b71c8	136	level	2											level:39:004DC4C8		open	level:00:005184C8	func_L00_005184C8	open
6337cdbe728b255e	136	level	2											level:39:004DD3E0		open	level:00:005193E0	func_L00_005193E0	open
b273d089373a2d79	136	level	2											level:39:004DDAB8		open	level:00:00519AB8	func_L00_00519AB8	open
2887e97fd22a05fa	136	level	2											level:39:004DDDC8		open	level:00:00519DC8	func_L00_00519DC8	open
caf55ab922840d33	136	level	2											level:39:004E0F60		open	level:00:0051CF60	func_L00_0051CF60	open
ab84dbaaa26378dd	136	level	2											level:39:004E46E8		open	level:00:005206E8	func_L00_005206E8	open
d0d9b7f9e6eafcf5	136	level	2											level:39:004E49E0		open	level:00:005209E0	func_L00_005209E0	open
de086930710d0e15	136	level	2											level:39:004F4618		open	level:00:00530618	func_L00_00530618	open
98cde21ab93b569a	136	level	2											level:39:004F7260		open	boot:00403280		open
534aa43e043af7ca	136	level	2											level:39:004FA3B0		open	level:00:005363C0	func_L00_005363C0	open
c3e35015d51276ac	136	level	2											level:39:00506F28		open	boot:00407110		open
c8745d505aedb47a	136	level	2											level:39:0050F158		open	boot:0040CED8		open
e4c77d3a666dec96	136	level	2											level:39:00512920		open	boot:004106A0		open
9080965cb68103ba	136	level	2											level:39:005162E8		open	level:00:005522F8	func_L00_005522F8	open
99a5cbb4185aada3	136	level	2											level:39:00517F50		open	level:00:00553F60	func_L00_00553F60	open
6b3318a05f23b9a7	136	level	2											level:39:00577DB8		open	level:01:00535298	func_L01_00535298	open
c34a08c6382390c8	136	level	2											level:39:006CAF58		open	level:00:00770FA0	func_L00_00770FA0	open
dc396ec7b0221086	136	level	2											level:39:006D3328		open	level:00:00770BE8	func_L00_00770BE8	open
9752a3593a60ae74	136	level	2											level:40:0041AF38		open	level:01:004D0978	func_L01_004D0978	open
5379ff97bd9aa8ff	132	level	2								level:00:002D1ED8		open	level:01:0050B7B0		open			
14c4258a52cc159d	132	level	2											level:39:004BEBE8		open	level:00:004FABE8	func_L00_004FABE8	open
4f96e884083e6a61	132	level	2											level:39:004C26F0		open	level:00:004FE6F0	func_L00_004FE6F0	open
ff501cebba967d80	132	level	2											level:39:004D0AE0		open	boot:003F61F0		open
646de13d85772688	132	level	2											level:39:004D1A18		open	boot:003F7180		open
063038537d2dd434	132	level	2											level:39:004D1B28		open	boot:003F7208		open
c7b3d257c480574a	132	level	2											level:39:004D8DD0		open	level:00:00514DD0	func_L00_00514DD0	open
1e62b2b47fa83f39	132	level	2											level:39:004DD050		open	level:00:00519050	func_L00_00519050	open
4131b42cb5392434	132	level	2											level:39:004DD6B0		open	level:00:005196B0	func_L00_005196B0	open
bda1b18110c603fe	132	level	2											level:39:004F8B78		open	level:00:00534B88	func_L00_00534B88	open
ac080dee57b9c868	132	level	2											level:39:004F9FA0		open	level:00:00535FB0	func_L00_00535FB0	open
2eb57fe35a369731	132	level	2											level:39:004FBFA0		open	level:00:00537FB0	func_L00_00537FB0	open
7bc7e0d8e7540fa3	132	level	2											level:39:004FC4F8		open	level:00:00538508	func_L00_00538508	open
c36f793e4b2c8a29	132	level	2											level:39:0050D928		open	boot:0040B6A8		open
5ce58a4192573e44	132	level	2											level:39:00512288		open	boot:00410008		open
a6b680f79c44b676	132	level	2											level:39:00624138		open	boot:00517B28	func_00517B28	matched
a089746a2da8a975	128	level	2		level:00:002367A8	func_L00_002367A8	open	level:00:00235E18		open	level:00:002F7298		open						
0e41c6770119cced	128	level	2	RippleLerpBuffers	level:01:00262D28	func_L01_00262D28	open	level:01:00261D78		open	level:04:0032F340		open						
e1a50c33dd35a694	128	level	2								level:00:002D3B58		open	level:01:0050D530		open			
f84a4729f154cd6d	128	level	3								level:00:002FD400		open	level:01:004223F0		open	level:00:005CC4C0	func_L00_005CC4C0	open
4d90c88019d280c9	128	level	3								level:00:00322EC8		open	level:01:0044B4B8		open	boot:004794F0	func_004794F0	open
35334e0f510f6cbe	128	level	2								level:00:003DC2D0		open	level:01:003101C8		open			
60b1cf51c1c43243	128	level	2								level:00:003F71E8		open	level:01:0031ED70		open			
135be72f05d1354c	128	level	2								level:00:003F89F8		open	level:01:0031AB60		open			
67bec6caf53216f4	128	level	2								level:00:004110D8		open	level:01:0034BEB8		open			
b0b8d507504ff4b9	128	level	2								level:02:003AA650		open	level:01:00303440		open			
3ff18607b2ad61b3	128	level	2											level:01:003EF6C0		open	level:00:00595D38	func_L00_00595D38	open
51ec66514a80af04	128	level	2											level:39:004CBCE0		open	level:00:00507CE0	func_L00_00507CE0	open
eeafde44286ebd5b	128	level	2											level:39:004DAD40		open	level:00:00516D40	func_L00_00516D40	open
bfbf5c67ed94b890	128	level	2											level:39:004DE350		open	level:00:0051A350	func_L00_0051A350	open
d7a3fc7f0d3d26a1	128	level	2											level:39:004F3E48		open	level:00:0052FE48	func_L00_0052FE48	open
f6bfe4c137f79f7d	128	level	2											level:39:004F4190		open	level:00:00530190	func_L00_00530190	open
ad71b0bb40dc15e5	128	level	2											level:39:004F49E8		open	boot:003FD208		open
c57b6f9e0822bd41	128	level	2											level:39:004F4A98		open	boot:003FD2B8		open
4ebf619716ac78c8	128	level	2											level:39:004FA028		open	level:00:00536038	func_L00_00536038	open
82c470b965c46e96	128	level	2											level:39:004FDFC8		open	level:00:00539FD8	func_L00_00539FD8	open
ca40a36cc78a25dc	128	level	2											level:39:004FF1C0		open	level:00:0053B1D0	func_L00_0053B1D0	open
ba71e76f6b29ef72	128	level	2											level:39:00500400		open	level:00:0053C410	func_L00_0053C410	open
af76ea8eebf89633	128	level	2											level:39:005195A8		open	level:00:005670A8	func_L00_005670A8	open
c29150510472862c	128	level	2											level:39:006CC518		open	level:00:00767C60	func_L00_00767C60	open
d02410c8b524f902	124	level	2		level:00:002607F8	func_L00_002607F8	matched	level:00:0025F780	FUN_L00_0025f780	matched	boot:002ACA50		open						
5eea6a22d91cd80f	124	level	2								level:00:002A7070		open	level:01:004DE980		open			
15927cd18d25acaf	124	level	2								level:00:002B3DC0		open	level:01:004EAEC0		open			
e8f10adc4edda64b	124	level	2								level:00:00322A18		open	level:01:0044B010		open			
248ab57ee2884b08	124	level	3								level:00:00325FC8		open	level:01:0044EAB8		open	level:01:005A01A8	func_L01_005A01A8	matched
af50fe675ba5f253	124	level	2								level:00:003E6F48		open	level:01:00313290		open			
3af1a0b28960219a	124	level	2											level:01:00442280		open	level:01:00591E60	func_L01_00591E60	open
a6a9f9d889fe7e2f	124	level	2											level:01:0045D358		open	boot:0048F878	func_0048F878	open
67000e5accb4b4df	124	level	2											level:39:004BB168		open	level:00:004F7168	func_L00_004F7168	open
586991ea641f0c00	124	level	2											level:39:004C1B38		open	level:00:004FDB38	func_L00_004FDB38	open
1eef4238b74bcaf7	124	level	2											level:39:004DA768		open	level:00:00516768	func_L00_00516768	open
f6ce1b641e40aaa5	124	level	2											level:39:004DB2D8		open	level:00:005172D8	func_L00_005172D8	open
df91d6c6a220e517	124	level	2											level:39:004DE3D0		open	level:00:0051A3D0	func_L00_0051A3D0	open
013d96dcd5918adc	124	level	2											level:39:004DE450		open	level:00:0051A450	func_L00_0051A450	open
59ac1f0e47ec75b5	124	level	2											level:39:004F1C08		open	level:00:0052DC08		open
ea628f3113e35b1b	124	level	2											level:39:004F39C0		open	level:00:0052F9C0	func_L00_0052F9C0	open
8d5727e3fb5834fe	124	level	2											level:39:00504FF0		open	level:00:00541000	func_L00_00541000	open
50b215e4df6f4611	124	level	2											level:39:00505B50		open	level:00:00541B60	func_L00_00541B60	open
51289a6f2a91f771	124	level	2											level:39:00508B40		open	boot:00408D28		open
895c4bf5644473ec	124	level	2											level:39:00515B28		open	boot:004138A8		open
b56f3aaf2a2eb205	124	level	2											level:39:0066B108		open	boot:005407D8	func_005407D8	open
9c656afdedd59a32	124	level	2											level:39:006D4CE0		open	level:00:007730B0	func_L00_007730B0	open
54f8f96c3494471e	120	level	2	SeedJumpPattern	level:01:0026E8E0	func_L01_0026E8E0	matched	level:01:0026D930	FUN_L01_0026d930	matched	level:04:0033CB88		open						
54504493c489870c	120	level	2											level:01:0034B8A8		open	level:01:00404550	func_L01_00404550	open
45a8093c5f4ea285	120	level	2											level:01:00448BD8		open	boot:00477A98	func_00477A98	open
bdd93fcaf200e07d	120	level	2											level:01:00453930		open	level:00:005F1620	func_L00_005F1620	open
1ff0f29020baf5a9	120	level	2											level:01:004C7180		open	level:01:0063B140	func_L01_0063B140	open
de972246ae09b056	120	level	2											level:39:004B5760		open	boot:003F9748		open
d6fe046933e0a008	120	level	2											level:39:004D9D90		open	level:00:00515D90	func_L00_00515D90	open
700465a2d3d46fca	120	level	2											level:39:004DC734		open	level:00:00518734	func_L00_00518734	open
a1172ac2531b2ca8	120	level	2											level:39:004DDE50		open	level:00:00519E50	func_L00_00519E50	open
dbaf6bf1e0602151	120	level	2											level:39:004E4E90		open	level:00:00520E90	func_L00_00520E90	open
aa2faf9efa6347e3	120	level	2											level:39:004E9B70		open	level:00:00525B70	func_L00_00525B70	open
147f60ec5f05ba5d	120	level	2											level:39:004F4BE0		open	boot:003FD400		open
b5bd85fe261c6906	120	level	2											level:39:004F5E60		open	boot:003FE8B0		open
8abe0a2eacdfb624	120	level	2											level:39:0050DCC0		open	boot:0040BA40		open
fb800050f1445b9f	120	level	2											level:39:00510020		open	boot:0040DDA0		open
8dfe4529cc8d74ce	120	level	2											level:39:006601C8		open	boot:0053CAA8	func_0053CAA8	open
8047bcb75654f4a6	116	level	2		level:00:0024FFE8	func_L00_0024FFE8	matched	level:00:0024EFB0	FUN_L00_0024efb0	matched	level:00:00310838		open						
d34db425602abb57	116	level	3		level:01:002A2C90	func_L01_002A2C90	matched	level:01:002A1A90	FUN_L01_002a1a90	matched	level:00:0035F8D0		open	level:01:004A7798		open			
cbd30e69a3c4b49e	116	level	2								level:00:003A85A0		open	level:39:00550C98		open			
8a35f816833bfe08	116	level	2								level:03:0038B390		open	level:19:003356B0		open			
3791f8dd7e40bca5	116	level	2								level:08:0037E6D8		open	level:04:004C61D8		open			
c73fd0f2a579dd70	116	level	2											level:01:004430C8		open	boot:00473F70	func_00473F70	open
8e2aee9f746cbc64	116	level	2											level:01:00443840		open	boot:00474488	func_00474488	open
3ab8bf9f2c3b4508	116	level	2											level:01:004B5C00		open	boot:004E55C0	func_004E55C0	open
aca4b1cd8964e1ee	116	level	2											level:39:004B7ED8		open	level:00:004F3ED8	func_L00_004F3ED8	open
0c6e91ed44820428	116	level	2											level:39:004B7F90		open	level:00:004F3F90	func_L00_004F3F90	open
c46d0530b7ad35ee	116	level	2											level:39:004C0C50		open	level:00:004FCC50	func_L00_004FCC50	open
dba2839532b44d0c	116	level	2											level:39:004C2778		open	level:00:004FE778	func_L00_004FE778	open
fa00410cd5413812	116	level	2											level:39:004C5E20		open	level:00:00501E20	func_L00_00501E20	open
59927b5d0e4805dd	116	level	2											level:39:004C9F80		open	level:00:00505F80	func_L00_00505F80	open
a0254cf42b282c05	116	level	2											level:39:004CBC68		open	level:00:00507C68	func_L00_00507C68	open
2ca993fc00e35255	116	level	2											level:39:004DADC0		open	level:00:00516DC0	func_L00_00516DC0	open
d483cb688a1a6179	116	level	2											level:39:004DB088		open	level:00:00517088	func_L00_00517088	open
8f9919f14f4afb70	116	level	2											level:39:004DE740		open	level:00:0051A740	func_L00_0051A740	open
13652568b4c2afdd	116	level	2											level:39:004E00C8		open	level:00:0051C0C8	func_L00_0051C0C8	open
cb717a0f49f6eea2	116	level	2											level:39:004E0140		open	level:00:0051C140	func_L00_0051C140	open
e50bbed1fe3b37fe	116	level	2											level:39:004FA338		open	level:00:00536348	func_L00_00536348	open
09dbaa7fe35a8779	116	level	2											level:39:004FA988		open	level:00:00536998	func_L00_00536998	open
1973066c36329ee4	116	level	2											level:39:004FE4B0		open	level:00:0053A4C0	func_L00_0053A4C0	open
7f459727657211d4	116	level	2											level:39:00500950		open	level:00:0053C960	func_L00_0053C960	open
3cf507809da3a125	116	level	2											level:39:00507A80		open	boot:00407C68		open
fd814f702f2a5af3	116	level	2											level:39:00519368		open	level:00:00566E60	func_L00_00566E60	open
c9f5237080f7083a	116	level	2											level:39:0051A1B8		open	level:00:00568428	func_L00_00568428	open
7617305bb46fa617	116	level	2											level:39:00593D70		open	level:00:005C0E28	func_L00_005C0E28	open
21b3e71e9dae0d26	116	level	2											level:39:006DEB40		open	level:00:0077D148	func_L00_0077D148	open
c3ade2abbb7cc18d	112	level	2	SoundInstanceUpdate	level:00:0028F230	func_L00_0028F230	matched	level:00:0028DF58	FUN_L00_0028df58	matched	level:00:0035F7E8		open						
f463c6e1ed045d55	112	level	2								level:00:003B4E88		open	level:01:0033FA68		open			
69cefb5f9e68914b	112	level	2								level:00:0041AF60		open	level:01:00305A58		open			
667bab1cf1e5bf1e	112	level	2								level:01:003909E0		open	level:04:003C6F78		open			
e5403c68e5f117f0	112	level	2								level:02:0031F858		open	level:03:0042FC00		open			
ad94fd2fda671c57	112	level	2								level:03:004199F0		open	level:19:00354ED8		open			
b86f5b0c949b432a	112	level	2								level:06:003660F0		open	level:07:0044F0E8		open			
1e184bbc3a373a96	112	level	2											level:06:00358F20		open	level:05:004D6798	func_L05_004D6798	matched
d71560fd0c995ade	112	level	2											level:39:004C1AC8		open	level:00:004FDAC8	func_L00_004FDAC8	open
395542d24b3883a3	112	level	2											level:39:004C3228		open	level:00:004FF228	func_L00_004FF228	open
e56697944aed363c	112	level	2											level:39:004DD974		open	level:00:00519974	func_L00_00519974	open
70259931ea2e1528	112	level	2											level:39:004DEEE0		open	level:00:0051AEE0	func_L00_0051AEE0	open
52e66ad0e901ecc4	112	level	2											level:39:004EC8D8		open	level:00:005288D8	func_L00_005288D8	open
c9f6220520773147	112	level	2											level:39:004ECBC8		open	level:00:00528BC8	func_L00_00528BC8	open
02147a641cd97c3f	112	level	2											level:39:004F73B0		open	boot:004033D0		open
2d73bb2c0b61a479	112	level	2											level:39:004FC248		open	level:00:00538258	func_L00_00538258	open
be5cb554ea941192	112	level	2											level:39:005083B0		open	boot:00408598		open
d01b0e0badd80442	112	level	2											level:39:0050F338		open	boot:0040D0B8		open
0b1b6e75b29b154f	112	level	2											level:39:00510CF0		open	boot:0040EA70		open
6537e3a5cbd9f086	112	level	2											level:39:00515508		open	boot:00413288		open
2b2973eaa63f00b7	112	level	2											level:39:00518E58		open	level:00:00566950	func_L00_00566950	open
776bf5f1f051f9cf	112	level	2											level:39:006461A8		open	boot:00526FD8	func_00526FD8	open
548b6e2361df1f7e	112	level	2											level:40:0042F678		open	level:41:004177F0	func_L41_004177F0	open
14e5e3745a3c0220	108	level	2		level:15:002F8D30	func_L15_002F8D30	open	level:15:002F78E0		open	level:00:00429048		open						
ab5bc6cc97987b92	108	level	2								level:00:002B2C58		open	level:01:004E9A68		open			
7ef9e721a434afc3	108	level	2								level:00:002FE268		open	level:01:00422F28		open			
bd27b4087b627703	108	level	2											level:01:00456C00		open	boot:0047EF38	func_0047EF38	open
eb32dcdde7abbd30	108	level	2											level:01:004A7680		open	level:00:0066D6E8	func_L00_0066D6E8	open
ab465089942edc6b	108	level	2											level:39:004F1408		open	level:00:0052D408	func_L00_0052D408	open
db24811605d43f3a	108	level	2											level:39:004F4968		open	boot:003FD188		open
21c7d92b7615b82a	108	level	2											level:39:004F4D68		open	boot:003FD588		open
542ce6ac808a8ba6	108	level	2											level:39:004F6DA0		open	boot:003FF7F0		open
8602fc6999886f52	108	level	2											level:39:00507EB8		open	boot:004080A0		open
1ad48d454a1e420c	108	level	2											level:39:00508340		open	boot:00408528		open
1e793a62013cf58a	108	level	2											level:39:0050C678		open	boot:0040A3F8		open
402fd730076a36a6	108	level	2											level:39:00510D60		open	boot:0040EAE0		open
54a3e09988ca16b8	108	level	2											level:39:00516FE0		open	boot:00413D58		open
40c7d1270c3c429a	108	level	2											level:39:005C1BE0		open	level:00:00607228	func_L00_00607228	open
ea659753c7b6a777	108	level	2											level:39:0066B030		open	boot:00540700	func_00540700	open
fc12490ae24a2d8a	104	level	2		level:00:00236400	func_L00_00236400	matched	level:00:00235A70	FUN_L00_00235a70	matched	boot:0028B740	FUN_0028B740	matched						
ad95809cb22ba3ee	104	level	2		level:02:001FC308	func_L02_001FC308	open	level:02:001FC008	FUN_L02_001fc008	open	level:03:002D84F0		open						
69eca20f9935025c	104	level	2								level:00:002CA478		open	level:01:005028C8		open			
8c694f04e5fac22f	104	level	3								level:00:0037DD80		open	level:01:004C46A8		open	boot:004EA658	func_004EA658	open
c036e11740b92171	104	level	2								level:00:003E6710		open	level:01:00312A80		open			
e0974bd4a2d8b728	104	level	2								level:00:003EA860		open	level:01:003059F0		open			
d8c9f3b6ac375e3d	104	level	2								level:03:00393228		open	level:19:0032E840		open			
3249d13707426532	104	level	2								level:08:003289D0		open	level:28:0040CE88		open			
18da03a3313e4bbf	104	level	2											level:01:00438670		open	level:01:00588858	func_L01_00588858	open
9233a60ea35910d8	104	level	2											level:39:004BB2C0		open	level:00:004F72C0	func_L00_004F72C0	open
93828b4ecda447b8	104	level	2											level:39:004BED50		open	level:00:004FAD50	func_L00_004FAD50	open
e3614f9c6c867d06	104	level	2											level:39:004C1A60		open	level:00:004FDA60	func_L00_004FDA60	open
aee22856ab904d66	104	level	2											level:39:004C2578		open	level:00:004FE578	func_L00_004FE578	open
32723e72c2556412	104	level	2											level:39:004CA368		open	level:00:00506368	func_L00_00506368	open
bcdf9c7ae8e522dc	104	level	2											level:39:004D5220		open	level:00:00511220	func_L00_00511220	open
df667b8244016eb7	104	level	2											level:39:004DE800		open	level:00:0051A800	func_L00_0051A800	open
ce31dc4f9ba5a0b0	104	level	2											level:39:004E07E0		open	level:00:0051C7E0	func_L00_0051C7E0	open
bf6c9da0e4a613f7	104	level	2											level:39:004E21D8		open	boot:00405D38	func_00406680	open
b2c09828eb9d58f0	104	level	2											level:39:004E2250		open	level:00:0051E250	func_L00_0051E250	open
90e1abc6a15f5559	104	level	2											level:39:004E2B68		open	level:00:0051EB68	func_L00_0051EB68	open
6827db050c462c67	104	level	2											level:39:004EA3A8		open	level:00:005263A8	func_L00_005263A8	open
606eb287479d98d8	104	level	2											level:39:004F1CC0		open	level:00:0052DCC0	func_L00_0052DCC0	open
e081145be77250b5	104	level	2											level:39:004F36C0		open	level:00:0052F6C0	func_L00_0052F6C0	open
e02dd3c935b3b07b	104	level	2											level:39:004F48E8		open	boot:003FD108		open
92f19a0308774198	104	level	2											level:39:004F5F30		open	boot:003FE980		open
4208e4c728f99e65	104	level	2											level:39:004F61B8		open	boot:003FEC08		open
435a47d3345d243b	104	level	2											level:39:004F6CD0		open	boot:003FF720		open
2799e81676b361d3	104	level	2											level:39:004F7008		open	boot:003FFA58		open
f604736f91a33f45	104	level	2											level:39:00504770		open	level:00:00540780	func_L00_00540780	open
b742c44e354ae083	104	level	2											level:39:005055D0		open	level:00:005415E0	func_L00_005415E0	open
8222336798f0cb80	104	level	2											level:39:005063C8		open	level:00:005423D8	func_L00_005423D8	open
fa70ec8f714b0c36	104	level	2											level:39:0050C880		open	boot:0040A600		open
cace352fa05c47fc	104	level	2											level:39:005175C0		open	level:00:005535D0	func_L00_005535D0	open
acd55b7d5947ecd1	104	level	2											level:39:005C0F88		open	level:00:00606718	func_L00_00606718	open
3987527696955694	104	level	2											level:39:0066B0A0		open	boot:00540770	func_00540770	open
5aa59c783e2ba47b	104	level	2											level:39:006CAE00		open	level:00:007663C8	func_L00_007663C8	open
b5c0d328ef6c762d	104	level	2											level:39:006CB878		open	level:00:00767038		open
7a9ffce91439a23d	104	level	2											level:39:006CB9C8		open	level:00:00767188		open
10987da5b78c61bf	104	level	2											level:39:006CBB18		open	level:00:007672D8		open
e475b67dd082c97e	104	level	2											level:39:006CBC68		open	level:00:00767428		open
3b0f63a7409eca83	104	level	2											level:39:006CBDB8		open	level:00:00767578		open
e02b066359cb473d	104	level	2											level:39:006CBF08		open	level:00:007676C8		open
363bac185fd16ee3	104	level	2											level:39:006CC058		open	level:00:00767818		open
e0c2b8f28d1ec29a	104	level	2											level:39:006CC598		open	level:00:00767CE0	func_L00_00767CE0	open
b32f15d9612f3a02	104	level	2											level:39:006D3DD8		open	level:00:00771A88		open
9e8bc6b7dfea51dc	104	level	2											level:39:006DA908		open	level:00:0077B9C0		open
339b41e900768bd2	104	level	2											level:39:006DB980		open	level:00:0077C7B0	func_L00_0077C7B0	open
b88b5575ec2f2675	100	level	2								level:00:002D6880		open	level:01:005104B8		open			
7bb2e4960299a69e	100	level	2								level:00:00311080		open	level:01:00437108		open			
b0c18ee4d192bf88	100	level	2								level:00:003BCDC0		open	level:01:0030B578		open			
21e7af625646e270	100	level	2								level:00:003C5B18		open	level:01:00342FB0		open			
fefc0585df2caf63	100	level	2								level:00:00415A38		open	level:04:00354CE0		open			
92c6d435644b1d85	100	level	2								level:08:0036EFC8		open	level:01:004A8E50		open			
8370610e20192060	100	level	2											level:01:00445B88		open	boot:00476450	func_00476450	open
2218912871b7a74a	100	level	2											level:01:00470BA8		open	level:00:0061A5B0		open
7230226ee8e5af4b	100	level	2											level:02:0030F820		open	level:02:003C57C8	func_L02_003C57C8	open
e549c05c7fec14ec	100	level	2											level:39:004BB340		open	level:00:004F7340	func_L00_004F7340	open
fab36df865827560	100	level	2											level:39:004BF9C0		open	level:00:004FB9C0	func_L00_004FB9C0	open
098094d0e9d644bf	100	level	2											level:39:004C3BC0		open	level:00:004FFBC0	func_L00_004FFBC0	open
203bd64ae8ebf913	100	level	2											level:39:004D0A78		open	boot:003F6188		open
9b45bf776826ba18	100	level	2											level:39:004DB208		open	level:00:00517208	func_L00_00517208	open
1bbd01bffb02c4ef	100	level	2											level:39:004DB358		open	level:00:00517358	func_L00_00517358	open
4fd9a6270444331b	100	level	2											level:39:004DD0D8		open	level:00:005190D8	func_L00_005190D8	open
ba7d39f0b8714a4a	100	level	2											level:39:004E1000		open	level:00:0051D000	func_L00_0051D000	open
7adc7e1f263c32ed	100	level	2											level:39:004E4D28		open	level:00:00520D28	func_L00_00520D28	open
fb9661077e4d7b62	100	level	2											level:39:004ED620		open	level:00:00529620	func_L00_00529620	open
68ea1df63c1e224a	100	level	2											level:39:004F6D38		open	boot:003FF788		open
3ea9402ca37b4c4a	100	level	2											level:39:004F9820		open	level:00:00535830	func_L00_00535830	open
252644b0cdde35ab	100	level	2											level:39:004FA280		open	level:00:00536290	func_L00_00536290	open
073cca72a6a7d1e8	100	level	2											level:39:004FCAC8		open	level:00:00538AD8	func_L00_00538AD8	open
36614367c1ad1f26	100	level	2											level:39:00504F20		open	level:00:00540F30	func_L00_00540F30	open
152539cc7a4d2791	100	level	2											level:39:00505518		open	level:00:00541528	func_L00_00541528	open
5db9d1a3c594f137	100	level	2											level:39:00508420		open	boot:00408608		open
45fc59319de1447e	100	level	2											level:39:00514F80		open	boot:00412D00		open
ce5591b59146d6f5	100	level	2											level:39:00517D48		open	level:00:00553D58	func_L00_00553D58	open
74776516fccdbbff	100	level	2											level:39:00517DB8		open	level:00:00553DC8	func_L00_00553DC8	open
8b6748680439858d	96	level	3		level:00:001FF610	func_L00_001FF610	open	level:00:001FF660		open	boot:00283028		open	level:01:0040C260		open			
39d506e7d606663a	96	level	3		level:00:0026763C	func_L00_0026763C	open	level:00:002667F4		open	level:01:0032471C		open	level:04:0046CA0C		open			
07b038571dac0a51	96	level	2								level:00:002EE4D8		open	level:01:0040C1F8		open			
ff3c1975d8af777d	96	level	3								level:00:0036EF68		open	level:01:004B4480		open	level:01:0062F6A8	func_L01_0062F6A8	open
7c9a20277e6c7ab1	96	level	2								level:00:003F56F0		open	level:01:00347888		open			
915dd5cc0603aaf6	96	level	2								level:01:00322288		open	level:01:00458A08		open			
63ddd2929911e837	96	level	2											level:01:003FE190		open	boot:00446988		open
3668a911fbf02faf	96	level	2											level:01:00440918		open	boot:00472630	func_00472630	matched
9ea87479c943793b	96	level	2											level:01:004711E8		open	level:00:0061AAA0	func_L00_0061AAA0	open
ed98cf445d5cb41c	96	level	2											level:39:004C21F8		open	level:00:004FE1F8	func_L00_004FE1F8	open
566dc93fb74c06b5	96	level	2											level:39:004C31C8		open	level:00:004FF1C8	func_L00_004FF1C8	open
8d2b3840816fadbb	96	level	2											level:39:004C3A5C		open	level:00:004FFA5C	func_L00_004FFA5C	open
aa1f666926bd463a	96	level	2											level:39:004DBCF8		open	level:00:00517CF8	func_L00_00517CF8	open
7628a84e1c7c3a09	96	level	2											level:39:004DD5A8		open	level:00:005195A8	func_L00_005195A8	open
efc831f0b020d7c8	96	level	2											level:39:004E0EB0		open	level:00:0051CEB0	func_L00_0051CEB0	open
71a5b3b73c5a3ad0	96	level	2											level:39:004E4548		open	level:00:00520548	func_L00_00520548	open
d423f418924f46ab	96	level	2											level:39:004F4C58		open	boot:003FD478		open
b460cf465313999b	96	level	2											level:39:004FC028		open	level:00:00538038	func_L00_00538038	open
8ee5fece7214e7f4	96	level	2											level:39:004FFEF8		open	level:00:0053BF08	func_L00_0053BF08	open
f7842fcc9476b914	96	level	2											level:39:00500250		open	level:00:0053C260	func_L00_0053C260	open
5c52da1794ed6349	96	level	2											level:39:00504328		open	level:00:00540338	func_L00_00540338	open
427958311cacbbd4	96	level	2											level:39:005065F0		open	boot:004067D8	func_004067D8	open
edb654c14333147d	96	level	2											level:39:00507CFC		open	boot:00407EE4		open
c684e26f2c3bb29e	96	level	2											level:39:005092F8		open	boot:004094E0		open
91ffba467e5ca38d	96	level	2											level:39:00516370		open	level:00:00552380	func_L00_00552380	open
647487166e06ad5f	96	level	2											level:39:00516F20		open	boot:00413C98		open
aab3aa5f20a2baaf	96	level	2											level:39:00516F80		open	boot:00413CF8		open
843b078a25077f70	96	level	2											level:39:0055D1B8		open	level:41:003D9D10	func_L41_003D9D10	open
00457852540a3762	96	level	2											level:39:00593F34		open	level:00:005C0FEC	func_L00_005C0FEC	open
2897d1bb6338e184	96	level	2											level:39:0066B4A0		open	level:00:006F67E8	func_L00_006F67E8	open
c1370548300e58d7	96	level	2											level:39:006D4078		open	level:00:00771D20	func_L00_00771D20	open
09373a5aabd534ae	96	level	2											level:39:006D7480		open	level:00:007770F0	func_L00_007770F0	open
c902727a152fd5ac	92	level	4		level:00:0025D0E0	func_L00_0025D0E0	matched	level:00:0025C088	FUN_L00_0025c088	matched	boot:002AAF40	FUN_002AAF40	matched	level:01:00445BF0		open	boot:004764B8	func_004764B8	matched
f72e9a3a41a23ead	92	level	2								level:00:002D2070		open	level:01:0050B948		open			
09406241859ef880	92	level	2								level:00:003E39B8		open	level:01:003858E8		open			
dc7858cd0fbe74fb	92	level	3								level:01:00323310		open	level:01:0045BE58		open	level:00:005FF120	func_L00_005FF120	open
330d9560b3c6cb19	92	level	2								level:18:0033B628		open	level:24:0042F908		open			
f3f262ad2912afc6	92	level	2								level:30:00413528		open	level:03:003480D8		open			
e59b99915028b450	92	level	2											level:01:0038D5E0		open	level:01:003E9CA0	func_L01_003E9CA0	open
314cfb1b38e39ba3	92	level	2											level:01:003E87B0		open	level:00:005903A0	func_L00_005903A0	open
c86b9ba1c24d2ab6	92	level	2											level:01:003F0980		open	level:00:0059AAD0	func_L00_0059AAD0	open
3437402134ef44b5	92	level	2											level:39:004B2F00		open	level:00:004EEF00	func_L00_004EEF00	open
d36510266168c276	92	level	2											level:39:004B3D28		open	level:00:004EFD28	func_L00_004EFD28	open
224561f1a7d6ebaa	92	level	2											level:39:004C3AC0		open	level:00:004FFAC0	func_L00_004FFAC0	open
d83d69c72fc30ed9	92	level	2											level:39:004C3B60		open	level:00:004FFB60	func_L00_004FFB60	open
3aa2865a212ad700	92	level	2											level:39:004D11F8		open	boot:003F6978		open
979e2fccb69af1a2	92	level	2											level:39:004D7308		open	level:00:00513308	func_L00_00513308	open
939953aae341a13b	92	level	2											level:39:004DC46C		open	level:00:0051846C	func_L00_0051846C	open
f7c226d9cc7dcd13	92	level	2											level:39:004DD2C0		open	level:00:005192C0	func_L00_005192C0	open
b5f267e3968c7f82	92	level	2											level:39:004DD8E8		open	level:00:005198E8	func_L00_005198E8	open
d2bcf50c70f47f16	92	level	2											level:39:004E4AB4		open	level:00:00520AB4	func_L00_00520AB4	open
4888b01599a0d23f	92	level	2											level:39:004E4C78		open	level:00:00520C78	func_L00_00520C78	open
abcb63f5eaef8105	92	level	2											level:39:004E4F08		open	level:00:00520F08	func_L00_00520F08	open
b9fecb3c7606c0f2	92	level	2											level:39:004EEE18		open	level:00:0052AE18	func_L00_0052AE18	open
9093ea55183d616e	92	level	2											level:39:004F3A40		open	level:00:0052FA40	func_L00_0052FA40	open
4b848948a2ea4f18	92	level	2											level:39:004F6E68		open	boot:003FF8B8		open
687651b03ec21ec1	92	level	2											level:39:004F6EC8		open	boot:003FF918		open
030f04c5431013b4	92	level	2											level:39:004F6F30		open	boot:003FF980		open
be8ef25b8ac6ee09	92	level	2											level:39:004F6F90		open	boot:003FF9E0		open
bbf2094944acd42f	92	level	2											level:39:004F75F0		open	boot:00403610		open
06110280b0624935	92	level	2											level:39:004FF240		open	level:00:0053B250	func_L00_0053B250	open
a7805c0160b846da	92	level	2											level:39:00505A60		open	level:00:00541A70	func_L00_00541A70	open
4d5451e19b55e0ba	92	level	2											level:39:00507A20		open	boot:00407C08		open
0b89bb2724977315	92	level	2											level:39:0050A3E8		open	level:00:005463F8	func_L00_005463F8	open
6e3f2935fe60168e	92	level	2											level:39:0050BEB4		open	level:00:00547EC4	func_L00_00547EC4	open
09971ea31093417a	92	level	2											level:39:005117F0		open	boot:0040F570		open
3315518bd6320a59	92	level	2											level:39:0053B6B8		open	boot:0041AC68		open
f194ee6f1a67c247	92	level	2											level:39:0065FE10		open	level:41:00611478	func_L41_00611478	open
186614341e8a5449	92	level	2											level:39:0066B3C0		open	level:01:006B4FC0	func_L01_006B4FC0	open
bf1084d98760c322	88	level	3		level:00:0020DCF0	func_L00_0020DCF0	matched	level:00:0020D658	FUN_L00_0020d658	matched	level:00:002AE070		open	level:01:004E5630		open			
7527f611f6d5b096	88	level	4		level:00:00260878	func_L00_00260878	open	level:00:0025F800		open	boot:002ACAD0		open	level:01:00448C50		open	boot:00477B10	func_00477B10	open
7257f9feba8cbc89	88	level	2		level:01:0026F090	func_L01_0026F090	matched	level:01:0026E0E0	FUN_L01_0026e0e0	matched	level:01:003115E8		open						
4f89b4ecc6374bfa	88	level	2								level:00:002D3B00		open	level:01:0050D4D8		open			
dd5d8b232448a8a2	88	level	2								level:00:002F46C8		open	level:01:00418260		open			
e2a0db5dca5e8056	88	level	2								level:01:00321178		open	level:01:00457440		open			
224c97344b6b0fb8	88	level	3								level:02:0031E918		open	level:01:004409C0		open	level:01:00590080	func_L01_00590080	open
08ab856d5cc00e6e	88	level	2											level:01:003F00C0		open	level:00:005999D0	func_L00_005999D0	open
fe835da6112c7106	88	level	2											level:01:00422470		open	level:00:005CC580	func_L00_005CC580	open
cee158fb529be4d7	88	level	2											level:01:0047A608		open	boot:004D3148	func_004D3148	open
a4ff04082a558b20	88	level	2											level:39:004BC30C		open	level:00:004F830C	func_L00_004F830C	open
93c9cec5dcffb8aa	88	level	2											level:39:004BCBE0		open	level:00:004F8BE0	func_L00_004F8BE0	open
c559a1d07912a6df	88	level	2											level:39:004C21A0		open	level:00:004FE1A0	func_L00_004FE1A0	open
ed86f41253e9be7a	88	level	2											level:39:004CBD70		open	level:00:00507D70	func_L00_00507D70	open
3a7403115edd5bc1	88	level	2											level:39:004D7F10		open	level:00:00513F10	func_L00_00513F10	open
f85a02128fb6841b	88	level	2											level:39:004DAF68		open	level:00:00516F68	func_L00_00516F68	open
a02820fe97bdc75f	88	level	2											level:39:004DC6DC		open	level:00:005186DC	func_L00_005186DC	open
824537ae1dda1a7e	88	level	2											level:39:004DD888		open	level:00:00519888	func_L00_00519888	open
41742e4ca741a3cc	88	level	2											level:39:004EBD88		open	level:00:00527D88	func_L00_00527D88	open
3a56924e06a68b6c	88	level	2											level:39:004F5ED8		open	boot:003FE928		open
f670c29114981fdc	88	level	2											level:39:004FB3C8		open	level:00:005373D8	func_L00_005373D8	open
e7718447dab5ce72	88	level	2											level:39:005047D8		open	level:00:005407E8	func_L00_005407E8	open
3db4c08fa4c0e02d	88	level	2											level:39:00505BD0		open	level:00:00541BE0	func_L00_00541BE0	open
689802667fed39b5	88	level	2											level:39:00508188		open	boot:00408370		open
5088cc021da179ca	88	level	2											level:39:00511340		open	boot:0040F0C0		open
a3dc1c21f907d2e6	88	level	2											level:39:00512690		open	boot:00410410		open
679137436e815eaf	88	level	2											level:39:00514E30		open	boot:00412BB0		open
8dbbd5ff38db3480	88	level	2											level:39:00514FE8		open	boot:00412D68		open
a7f722f609012807	88	level	2											level:39:00515BA8		open	boot:00413928		open
f2203226d9c52a46	88	level	2											level:39:00593EDC		open	level:00:005C0F94	func_L00_005C0F94	open
200c74bd7f91c5df	88	level	2											level:39:005945F0		open	level:00:005C1758	func_L00_005C1758	open
6da56987101fdc92	88	level	2											level:39:006C97F8		open	level:00:0070C4D0	func_L00_0070C4D0	open
0427093a0b420ca7	88	level	2											level:39:006D40D8		open	level:00:00771D80	func_L00_00771D80	open
38d5fc73c5695eaa	88	level	2											level:39:006D72B8		open	level:00:00776E88	func_L00_00776E88	open
4c0ebfcea0a760f1	88	level	2											level:39:006D7AD0		open	level:00:00777750	func_L00_00777750	open
fb1420e48cd47938	88	level	2											level:39:006DEAE8		open	level:00:0077D0F0	func_L00_0077D0F0	matched
1852427a7014cc0f	84	level	4		level:00:0025A2F0	func_L00_0025A2F0	open	level:00:002592B8		open	boot:002A86E8		open	level:01:00442BF8		open	level:01:00592370	func_L01_00592370	open
f6ee68716beb9c27	84	level	2		level:02:002FBBA8	func_L02_002FBBA8	matched	level:02:002FA770	FUN_L02_002fa770	matched	level:03:0043ACD8		open						
efb788f87064a33e	84	level	2								level:00:002EA668		open	level:01:00405438		open			
1cbbe36719f74e95	84	level	2								level:00:0040DF00		open	level:01:0034F510		open			
febd757080781dbc	84	level	2								level:03:00419C00		open	level:19:00355038		open			
cf446f01bf5c8acc	84	level	2								level:23:003BFE38		open	level:40:003ECE68		open			
f61ab1eceeafc1d4	84	level	2											level:01:004747FC		open	level:01:005D653C	func_L01_005D653C	open
17edec8695d4c8b5	84	level	2											level:39:004C4C68		open	level:00:00500C68	func_L00_00500C68	open
e9e558166fedba63	84	level	2											level:39:004CC5A8		open	level:00:005085A8	func_L00_005085A8	open
78b6a3993028fe74	84	level	2											level:39:004D7458		open	level:00:00513458	func_L00_00513458	open
ed8cf0abba528ace	84	level	2											level:39:004DAF10		open	level:00:00516F10	func_L00_00516F10	open
8922a92bf12419c1	84	level	2											level:39:004DBF98		open	level:00:00517F98	func_L00_00517F98	open
75d833caad5fbf5c	84	level	2											level:39:004DD658		open	level:00:00519658	func_L00_00519658	open
73458bee863a3d3e	84	level	2											level:39:004E0CD0		open	level:00:0051CCD0	func_L00_0051CCD0	open
8c5034008a1f1310	84	level	2											level:39:004EFB20		open	level:00:0052BB20	func_L00_0052BB20	open
4c30e2bff4c3e03a	84	level	2											level:39:004F1ADC		open	level:00:0052DADC	func_L00_0052DADC	open
1ada400afd968f03	84	level	2											level:39:004FC118		open	level:00:00538128	func_L00_00538128	open
1e23f33f9c7c9d60	84	level	2											level:39:00500310		open	level:00:0053C320	func_L00_0053C320	open
2542ffcab5c430ff	84	level	2											level:39:00506ED0		open	boot:004070B8	func_004070B8	open
11ced19edd07707f	84	level	2											level:39:0050B4F0		open	level:00:00547500	func_L00_00547500	open
85d24fecae2930e6	84	level	2											level:39:0050DBC8		open	boot:0040B948		open
97dd892291c43027	84	level	2											level:39:00594128		open	level:00:005C1290	func_L00_005C1290	open
6364ab1eb42af6ec	84	level	2											level:39:00619C88		open	level:00:006A98C0	func_L00_006A98C0	open
970e8518f0067177	84	level	2											level:39:00660170		open	level:00:006EC2C0	func_L00_006EC2C0	open
4dc21e02e0aa9279	84	level	2											level:39:00669F20		open	level:01:006B3D48	func_L01_006B3D48	open
afad6a7cfda25234	80	level	3		level:00:00251468	func_L00_00251468	open	level:00:00250430		open	boot:002A0558		open	level:18:0044AA78		open			
c8ea5c6212e69962	80	level	3		level:01:0026F040	func_L01_0026F040	matched	level:01:0026E090	FUN_L01_0026e090	matched	boot:002A8598		open	level:01:00442AA8		open			
2bb518e4c9d0fe50	80	level	2								level:00:002B41B8		open	level:01:004EB350		open			
6bfa684f178ab834	80	level	2								level:00:002B9B38		open	level:01:004F1018		open			
8c2d0ed6d99a10d4	80	level	2								level:00:002F6B90		open	level:01:0041A120		open			
23eee7289b7e411f	80	level	2								level:00:003588A8		open	level:01:0049FD60		open			
918ca39d10170e16	80	level	3								level:00:0038B7F8		open	level:01:00337850		open	level:01:0045FEE8	func_L01_0045FEE8	open
b8ba1a3a652b033e	80	level	3								level:09:0033E7A0		open	level:01:00474678		open	level:01:005D63B0	func_L01_005D63B0	open
a45947b34cfad546	80	level	2								level:11:00434AA8		open	level:05:00361BA8		open			
8f94f9946b676b21	80	level	2								level:18:0035D5A8		open				level:01:005D4BF0	func_L01_005D4BF0	open
a7be43ced71ac8b9	80	level	2											level:01:004384E8		open	level:00:005DEC30	func_L00_005DEC30	open
0a1b0eda3df82056	80	level	2											level:01:00438710		open	level:01:005888F8	func_L01_005888F8	open
95c5c64fb20f782c	80	level	2											level:05:0044D948		open	level:07:0053F8C0	func_L07_0053F8C0	open
349a5dbfdfc1f06f	80	level	2											level:39:004C3078		open	level:00:004FF078	func_L00_004FF078	open
881248a40842a053	80	level	2											level:39:004C5060		open	level:00:00501060	func_L00_00501060	open
f445c15510cde548	80	level	2											level:39:004CBDC8		open	level:00:00507DC8	func_L00_00507DC8	open
01dfb875541e8fec	80	level	2											level:39:004D74B0		open	level:00:005134B0	func_L00_005134B0	open
20250bc4f26ed7dd	80	level	2											level:39:004DB900		open	level:00:00517900	func_L00_00517900	open
72979aa59a1dd572	80	level	2											level:39:004DF4D0		open	level:00:0051B4D0		open
0976b0a167eac76c	80	level	2											level:39:004DF938		open	level:00:0051B938	func_L00_0051B938	open
eddef79a44e94697	80	level	2											level:39:004E45A8		open	level:00:005205A8	func_L00_005205A8	open
aa256c9b2bbf1e8e	80	level	2											level:39:004E4E08		open	level:00:00520E08	func_L00_00520E08	open
58e6b87cc0e93ed0	80	level	2											level:39:004EAEB0		open	level:00:00526EB0	func_L00_00526EB0	open
50b2d771ad913c7b	80	level	2											level:39:004F4D18		open	boot:003FD538		open
57561604836b2960	80	level	2											level:39:004F5550		open	boot:003FDD70		open
ebe22b6d1d21a4ab	80	level	2											level:39:004F6830		open	boot:003FF280		open
50c4d77cb4aa6bdc	80	level	2											level:39:004F70C8		open	boot:003FFB28		open
a038232566aedd23	80	level	2											level:39:004FFF98		open	level:00:0053BFA8	func_L00_0053BFA8	open
afa57423c271716b	80	level	2											level:39:00504210		open	level:00:00540220	func_L00_00540220	open
bb1f0d8832aae4c3	80	level	2											level:39:00507BD0		open	boot:00407DB8		open
ad506923a0d4f70b	80	level	2											level:39:0050C3A8		open	boot:0040A128	func_0040A128	open
abcb81cb7271ba09	80	level	2											level:39:0050C3F8		open	boot:0040A178	func_0040A178	open
7a0f520d1b2fe4fd	80	level	2											level:39:0050C948		open	boot:0040A6C8		open
6db04abd3b425ffb	80	level	2											level:39:005126F8		open	boot:00410478		open
6e208ef66b4fca66	80	level	2											level:39:00516298		open	level:00:005522A8	func_L00_005522A8	open
a996acc4bb2cab69	80	level	2											level:39:005163D0		open	level:00:005523E0	func_L00_005523E0	open
03a13b7aa2674a4d	80	level	2											level:39:00518378		open	level:00:00554388	func_L00_00554388	open
606f2b392a0d7594	80	level	2											level:39:00593E8C		open	level:00:005C0F44	func_L00_005C0F44	open
367aaaaf28b1aef3	80	level	2											level:39:0059C560		open	boot:0045F410		open
e721dbad4dd35362	80	level	2											level:39:0062F240		open	boot:00515790	func_00515790	open
db96ec39680ad3da	80	level	2											level:39:0067C220		open	level:00:00708378	func_L00_00708378	open
25f1678bce870623	76	level	2		level:00:001ED5B0	func_L00_001ED5B0	matched	level:00:001ED230	FUN_L00_001ed230	matched	level:00:002D9D48		open						
7f06549a4ec87447	76	level	3		level:00:0024B1B0	func_L00_0024B1B0	matched	level:00:0024A798	FUN_L00_0024a798	matched	level:00:00309140		open	level:01:0042E448		open			
4a7c0aaa2ff06cd4	76	level	2								level:00:002EA6BC		open	level:01:0040548C		open			
532e5e9eb1d20511	76	level	2								level:00:0031F220		open	level:01:00447C40		open			
c6c029e52047e29d	76	level	2								level:00:003FD6B0		open	level:01:0031BEF0		open			
fa04c4233fdce4c4	76	level	3								level:01:0031BC68		open	level:03:0043BF68		open	level:01:005A0158	func_L01_005A0158	matched
875467a32bd4011b	76	level	2								level:01:00371228		open	level:01:004BD380		open			
a147d09cd49f71c0	76	level	2								level:09:00329028		open	level:01:00458AE0		open			
41c9b32fbea6bf75	76	level	2											level:01:0038BA40		open	level:01:00420F68	func_L01_00420F68	open
4f0e123ddc74649e	76	level	2											level:01:003F0888		open	level:00:0059AA78	func_L00_0059AA78	open
17bef0551d1644ad	76	level	2											level:01:004295C8		open	boot:00463C68		open
169d4b1a0ee582b9	76	level	2											level:01:004533B8		open	level:01:005A1320	func_L01_005A1320	open
082a6c8e2f7f06f0	76	level	2											level:01:0045D488		open	boot:0048F910	func_0048F910	open
e521a16406eaf71e	76	level	2											level:01:0047A660		open	boot:004D31A0	func_004D31A0	open
02a79f9f8a6de508	76	level	2											level:02:0030F884		open	level:02:003C582C	func_L02_003C582C	open
42d0201c067c2852	76	level	2											level:39:004B9370		open	level:00:004F5370	func_L00_004F5370	open
8402a738790c4b09	76	level	2											level:39:004B94D0		open	level:00:004F54D0	func_L00_004F54D0	open
73190c5a35bfb4d9	76	level	2											level:39:004BEC70		open	level:00:004FAC70	func_L00_004FAC70	open
aa4030e28735eb42	76	level	2											level:39:004BF970		open	level:00:004FB970	func_L00_004FB970	open
d7dfd719c5a125f9	76	level	2											level:39:004CC338		open	level:00:00508338	func_L00_00508338	open
385435bf6236c989	76	level	2											level:39:004D5998		open	level:00:00511998		open
8a0269d09cce8fb3	76	level	2											level:39:004DAE40		open	level:00:00516E40	func_L00_00516E40	open
43f6a75f8e513a56	76	level	2											level:39:004DD608		open	level:00:00519608	func_L00_00519608	open
2c7f14ddf9c31e7d	76	level	2											level:39:004E2C00		open	level:00:0051EC00	func_L00_0051EC00	open
e119076cee0816d2	76	level	2											level:39:004E2C50		open	level:00:0051EC50		open
1bf9e9d2689ccd25	76	level	2											level:39:004E2CA0		open	level:00:0051ECA0		open
e7691521c6a0804b	76	level	2											level:39:004E2CF0		open	level:00:0051ECF0		open
9c2d2a39d2029fc0	76	level	2											level:39:004E2D70		open	level:00:0051ED70		open
2c2c6cb77bf997a4	76	level	2											level:39:004E4CD8		open	level:00:00520CD8	func_L00_00520CD8	open
4d997b6a058cc458	76	level	2											level:39:004EC568		open	level:00:00528568	func_L00_00528568	open
b724b1f562add465	76	level	2											level:39:004F1BB8		open	level:00:0052DBB8	func_L00_0052DBB8	open
f6fcd5bf287d4a43	76	level	2											level:39:004F55E8		open	boot:003FDE08		open
3d920d8ead358610	76	level	2											level:39:004F5680		open	boot:003FDEA0		open
8c35c2c480a11de9	76	level	2											level:39:004F5A58		open	boot:003FE278		open
3c0eddf92311d707	76	level	2											level:39:004F5AE8		open	boot:003FE538		open
67c9de284aea375b	76	level	2											level:39:004F7070		open	boot:003FFAC0		open
1e34f0f4be9a1d87	76	level	2											level:39:004F7210		open	boot:00403230		open
3e8b20fc8fb2ad73	76	level	2											level:39:004FA2E8		open	level:00:005362F8		open
d1feb0c34a5d9c1a	76	level	2											level:39:004FC84C		open	level:00:0053885C	func_L00_0053885C	open
ff676148b136c85d	76	level	2											level:39:00505160		open	level:00:00541170		open
a7b6ed360990ebed	76	level	2											level:39:005081F8		open	boot:004083E0		open
947c38e65a228cc5	76	level	2											level:39:0050DC20		open	boot:0040B9A0		open
e593a2d57665465e	76	level	2											level:39:00510098		open	boot:0040DE18		open
73bcd4496d6f7b71	76	level	2											level:39:00510958		open	boot:0040E6D8		open
25e750881fd01dae	76	level	2											level:39:005159D8		open	boot:00413758		open
71dceb4fefefd16e	76	level	2											level:39:005190A8		open	level:00:00566BA0	func_L00_00566BA0	open
fa81d60bde5a77bd	76	level	2											level:39:0065FDA0		open	boot:0053C9F0	func_0053C9F0	open
e7e0fca3d5ce3cfd	76	level	2											level:39:00660240		open	boot:0053CB20	func_0053CB20	open
fcb6cbae51a54748	76	level	2											level:39:0066A220		open	level:00:006F5840	func_L00_006F5840	open
cee630a6b893151d	76	level	2											level:39:0066B428		open	level:01:006B5028	func_L01_006B5028	open
6b6d636bd4ea6d62	76	level	2											level:39:006A6610		open	level:00:0073FB98	func_L00_0073FB98	open
3a2e64e63e455e3b	76	level	2											level:40:0041A808		open	level:41:00411728	func_L41_00411728	open
ae7d927fa7520af1	72	level	3		level:00:001FF718	func_L00_001FF718	open	level:00:001FF768		open	level:00:002EE660		open	level:01:0040C380		open			
4963a7c2de950335	72	level	2		level:00:001FFDD0	func_L00_001FFDD0	open	level:00:001FFE20		open	level:04:0030FA30		open						
e4f9492a8c258a0c	72	level	2	SoundIsAlive	level:00:0028EB98	func_L00_0028EB98	matched	level:00:0028D8C0	FUN_L00_0028d8c0	matched	boot:002E59B0	FUN_002E59B0	matched						
6b8116fb9abb08d4	72	level	2		level:00:002E9A40	func_L00_002E9A40	matched	level:00:002E8590	FUN_L00_002e8590	matched	level:00:00424B70		open						
3f6c91d9d85875bd	72	level	2	LVL_0_ARANOS_TUTORIAL_FUN_002F3DD0							level:00:002F3DD0	LVL_0_ARANOS_TUTORIAL_FUN_002F3DD0	matched	level:01:004176B0		open			
92cd079ca0f996fb	72	level	2	LVL_24_SHIP_SHACK_FUN_002D1570							level:00:002D2470	LVL_24_SHIP_SHACK_FUN_002D1570	matched	level:01:0050BEE0		open			
8297ccffc075851f	72	level	2								level:00:002EE340		open	level:01:0040C060		open			
0f12f3a72b99d35f	72	level	2								level:00:0039D378		open	level:01:00300608		open			
f2f5cd5046d09ca6	72	level	2								level:00:003F37A0		open	level:01:0031A380		open			
fe8db06dcf681626	72	level	2								level:01:00390C60		open	level:41:003F48A8		open			
7c094e36cf49ac52	72	level	3								level:02:003272D8		open	level:01:0044B550		open	level:00:005EE760	func_L00_005EE760	open
491f849a4425c9d5	72	level	2								level:03:00419C58		open	level:19:00355090		open			
c77ae961ef1c2bf6	72	level	2								level:09:0033E690		open				level:08:00587EB0	func_L08_00587EB0	open
c745bc4864827bec	72	level	2											level:01:003F38D0		open	level:00:0059E998	func_L00_0059E998	open
db9d2e4a14887f7e	72	level	2											level:01:00443080		open	boot:00473F28	func_00473F28	open
6051c737e932e50d	72	level	2											level:01:00474978		open	level:00:0061DAA8	func_L00_0061DAA8	open
a7c92d1f3468aefd	72	level	2											level:39:004BB9A0		open	level:00:004F79A0	func_L00_004F79A0	open
57ab4365e2cd4d45	72	level	2											level:39:004BB9E8		open	level:00:004F79E8	func_L00_004F79E8	open
93753bb3ea0bc956	72	level	2											level:39:004BBA30		open	level:00:004F7A30		open
70f52a99a8663cbe	72	level	2											level:39:004BBA78		open	level:00:004F7A78		open
fe69dc169b01de61	72	level	2											level:39:004BBAC0		open	level:00:004F7AC0		open
be8cf9729c3dbe5b	72	level	2											level:39:004BBB08		open	level:00:004F7B08		open
2b7a110b67f751b6	72	level	2											level:39:004BBB50		open	level:00:004F7B50		open
ee5925920b99259b	72	level	2											level:39:004BBB98		open	level:00:004F7B98		open
57d5aef1bb22112d	72	level	2											level:39:004BBBE0		open	level:00:004F7BE0		open
1573381859a510c2	72	level	2											level:39:004BBC28		open	level:00:004F7C28		open
0ba586e7e0cc5cfa	72	level	2											level:39:004BBC70		open	level:00:004F7C70		open
dd28c632beeb8bff	72	level	2											level:39:004BBCB8		open	level:00:004F7CB8		open
28e15b0126de7afa	72	level	2											level:39:004BBD08		open	level:00:004F7D08		open
de8992c24c7d1e81	72	level	2											level:39:004BBD50		open	level:00:004F7D50		open
e7269f047757e582	72	level	2											level:39:004BBE90		open	level:00:004F7E90		open
6d2d3e4804837ff6	72	level	2											level:39:004BBED8		open	level:00:004F7ED8		open
7b0c38eeb53709ad	72	level	2											level:39:004BBF50		open	level:00:004F7F50		open
639e0e3bf0e5b3d2	72	level	2											level:39:004BBF98		open	level:00:004F7F98		open
bc605e0fa68a1904	72	level	2											level:39:004BBFE0		open	level:00:004F7FE0		open
d8b67f161672ba1a	72	level	2											level:39:004BC028		open	level:00:004F8028		open
54c6999880f3fe2e	72	level	2											level:39:004BC070		open	level:00:004F8070		open
815148ccd202c3f6	72	level	2											level:39:004BC0B8		open	level:00:004F80B8	func_L00_004F80B8	open
4dfe50944035a348	72	level	2											level:39:004BC100		open	level:00:004F8100		open
f70d985ebd9e7624	72	level	2											level:39:004BC148		open	level:00:004F8148		open
f933d685a3c79306	72	level	2											level:39:004BC190		open	level:00:004F8190		open
161e317b502c0b31	72	level	2											level:39:004BC1D8		open	level:00:004F81D8		open
bcb8d431219b1113	72	level	2											level:39:004BC220		open	level:00:004F8220		open
9ebeccb23ec704f4	72	level	2											level:39:004BC268		open	level:00:004F8268		open
b9fd6fd782f2e4cf	72	level	2											level:39:004C5E98		open	level:00:00501E98	func_L00_00501E98	open
92a9358ebebe8d4c	72	level	2											level:39:004CA068		open	level:00:00506068	func_L00_00506068	open
82c5a311b610df49	72	level	2											level:39:004D1280		open	boot:003F69F0		open
31b107d35ced7df0	72	level	2											level:39:004DBC68		open	level:00:00517C68	func_L00_00517C68	open
a86369423a351345	72	level	2											level:39:004DBCB0		open	level:00:00517CB0	func_L00_00517CB0	open
4cff1cf6f5f36f23	72	level	2											level:39:004DBE30		open	level:00:00517E30	func_L00_00517E30	open
29e2004ce039a503	72	level	2											level:39:004DC7B0		open	level:00:005187B0	func_L00_005187B0	open
e775ced705653f83	72	level	2											level:39:004DE7B8		open	level:00:0051A7B8	func_L00_0051A7B8	open
35633d012f1f4c39	72	level	2											level:39:004E0080		open	level:00:0051C080	func_L00_0051C080	open
76338b017db50222	72	level	2											level:39:004E2B20		open	level:00:0051EB20	func_L00_0051EB20	open
a06a14fd35164be7	72	level	2											level:39:004EA1C8		open	level:00:005261C8	func_L00_005261C8	open
9867ef53175230ee	72	level	2											level:39:004F17A0		open	level:00:0052D7A0	func_L00_0052D7A0	open
8866f400a08e000b	72	level	2											level:39:004F1B30		open	level:00:0052DB30	func_L00_0052DB30	open
f0a688e4125882b0	72	level	2											level:39:004F3EC8		open	level:00:0052FEC8	func_L00_0052FEC8	open
e0dee4f4247b29c4	72	level	2											level:39:004F9574		open	level:00:00535584	func_L00_00535584	open
4dca9172a066179f	72	level	2											level:39:004FAA00		open	level:00:00536A10		open
e8a07a9cb02fb475	72	level	2											level:39:004FBF58		open	level:00:00537F68	func_L00_00537F68	open
e890b653535c3a5d	72	level	2											level:39:00508140		open	boot:00408328		open
2207093d552dbba3	72	level	2											level:39:0050C818		open	boot:0040A598		open
0364fe8670b567f8	72	level	2											level:39:0050DA38		open	boot:0040B7B8		open
a8835600d0789d37	72	level	2											level:39:00515A28		open	boot:004137A8		open
e68e06be5869f971	72	level	2											level:39:00516ED8		open	boot:00413C50		open
639d2569ea2783b6	72	level	2											level:39:0067C270		open	level:00:00708418	func_L00_00708418	open
1c1d4019053b6dcb	72	level	2											level:39:006DAA58		open	level:00:0077BB10	func_L00_0077BB10	open
c7598aaf19361eb6	68	level	3		level:00:00233B08	func_L00_00233B08	matched	level:00:00233288	FUN_L00_00233288	matched	level:00:002D3248		open	level:01:0050CCC8		open			
cb22410771143b64	68	level	2		level:00:00267CC8		open	level:00:00266E80	FUN_L00_00266e80	matched	level:00:0032F038		open						
5538f50d23818944	68	level	2								level:00:002D49F0		open	level:01:0050E4B8		open			
9f5dc4fa23fe93eb	68	level	2								level:07:00338D20		open	level:03:00461B90		open			
f4933e8baccd7b96	68	level	3								level:08:0033CD18		open	level:03:0044A4C8		open	boot:0011C750	func_0011C750	open
da65282fa809b582	68	level	2											level:01:0031A0C0		open	level:01:003C8CE0	func_L01_003C8CE0	open
00d9d35350747ae4	68	level	2											level:01:003D5658		open	boot:004230F8		open
1c238db57571e02a	68	level	2											level:39:004B74F8		open	boot:003FB4E0	func_003FB4E0	open
ffb313ed37bcdf84	68	level	2											level:39:004BB638		open	level:00:004F7638	func_L00_004F7638	open
0a9383fb697a7dbd	68	level	2											level:39:004CC528		open	level:00:00508528	func_L00_00508528	open
9a7965e52d5896c5	68	level	2											level:39:004D5950		open	level:00:00511950	func_L00_00511950	open
dbebaef3421ec563	68	level	2											level:39:004EC62C		open	level:00:0052862C	func_L00_0052862C	open
2bc967a1830cf132	68	level	2											level:39:004F7478		open	boot:00403498		open
17515b393d4e130b	68	level	2											level:39:004FAA68		open	level:00:00536A78	func_L00_00536A78	open
fb401142d43f384a	68	level	2											level:39:004FC180		open	level:00:00538190	func_L00_00538190	open
a40adc4da99058ed	68	level	2											level:39:004FC1C8		open	level:00:005381D8	func_L00_005381D8	open
e887e8a36463507f	68	level	2											level:39:004FCD40		open	level:00:00538D50		open
a9bc44516965c7ee	68	level	2											level:39:004FCD88		open	level:00:00538D98	func_L00_00538D98	open
7975d489b86ab7a5	68	level	2											level:39:00506478		open	level:00:00542488		open
b5e0ab92e18c4615	68	level	2											level:39:0050C448		open	boot:0040A1C8	func_0040A1C8	open
d7f8c96fe623cd9e	68	level	2											level:39:0050C4D8		open	boot:0040A258	func_0040A258	open
f7f4a71f796931f3	68	level	2											level:39:0050D690		open	boot:0040B410		open
8157625e14c3b607	68	level	2											level:39:0050DC78		open	boot:0040B9F8		open
cfdddc20023884f3	68	level	2											level:39:0050DE80		open	boot:0040BC00		open
b6baa4e6320b4144	68	level	2											level:39:00516E90		open	boot:00413C08		open
305962b1b5a76faa	68	level	2											level:39:005190F8		open	level:00:00566BF0	func_L00_00566BF0	open
562fa6dfbc8bf1ea	68	level	2											level:39:005191C0		open	level:00:00566CB8	func_L00_00566CB8	open
09d6d306f6d3cefc	68	level	2											level:39:0055D170		open	level:01:00426DB0	func_L01_00426DB0	open
e563656508c38847	68	level	2											level:39:005B6280		open	boot:00476C38	func_00476C38	open
694d390f90854e38	68	level	2											level:39:00619D10		open	boot:00510DE0	func_00510DE0	open
f4fab04f4742bae3	68	level	2											level:39:0061B038		open	boot:005112C8	func_005112C8	open
c1cdb83e41e1f4b6	68	level	2											level:39:006600D8		open	level:00:006EC228	func_L00_006EC228	open
05c5859e5bd51c03	68	level	2											level:40:004221D0		open	level:41:00411960	func_L41_00411960	open
773c64b0300ec997	64	level	3		level:00:001FFCF8	func_L00_001FFCF8	open	level:00:001FFD48		open	level:03:002EFB60		open	level:14:003F73B0		open			
da800b7373f78289	64	level	3		level:00:00211F28	func_L00_00211F28	matched	level:00:00211870	FUN_L00_00211870	matched	level:00:002B3998		open	level:01:004EAA20		open			
d119122cb6928411	64	level	4		level:00:002666C8	func_L00_002666C8	matched	level:00:00265880	FUN_L00_00265880	matched	boot:002B7340		open	level:01:0045BFF0		open	boot:00489498	func_00489498	open
43c5c0bde6f468ae	64	level	2								level:00:002A7A10		open	level:01:004DF4A0		open			
56402d07ee695949	64	level	2								level:00:0038B848		open	level:01:003378A0		open			
b25cffeb1a91e6aa	64	level	2								level:00:003FE2D0		open	level:01:0031CD78		open			
a4d4f2f2c797f637	64	level	2											level:01:004018D8		open	level:00:005AF6F8	func_L00_005AF6F8	open
936dfde7e1228cc5	64	level	2											level:01:00447C00		open	boot:00477680	func_00477680	open
a0b9358651992db7	64	level	2											level:39:004B7F50		open	level:00:004F3F50	func_L00_004F3F50	open
216183ede50e739a	64	level	2											level:39:004C3B20		open	level:00:004FFB20	func_L00_004FFB20	open
a3efa7550bce487d	64	level	2											level:39:004CBE18		open	level:00:00507E18	func_L00_00507E18	open
a1eeaccab952b0ef	64	level	2											level:39:004CC240		open	level:00:00508240	func_L00_00508240	open
12a4dcd37fdf08f8	64	level	2											level:39:004D1E50		open	boot:003F7478		open
ba0e27af8498992b	64	level	2											level:39:004D9410		open	level:00:00515410	func_L00_00515410	open
a9868addb61ab166	64	level	2											level:39:004DAE90		open	level:00:00516E90	func_L00_00516E90	open
268d78fb323fe8a5	64	level	2											level:39:004DB8C0		open	level:00:005178C0	func_L00_005178C0	open
5eeec9d4424bf6dd	64	level	2											level:39:004DC7F8		open	level:00:005187F8	func_L00_005187F8	open
f42738c52a5838fa	64	level	2											level:39:004DC838		open	level:00:00518838	func_L00_00518838	open
b48350485b470194	64	level	2											level:39:004DDB78		open	level:00:00519B78	func_L00_00519B78	open
d1e8f3e8bcfe3b83	64	level	2											level:39:004DE628		open	level:00:0051A628	func_L00_0051A628	open
9f57d5874cd00bc9	64	level	2											level:39:004E07A0		open	level:00:0051C7A0	func_L00_0051C7A0	open
876d36636a85af79	64	level	2											level:39:004E0E60		open	level:00:0051CE60	func_L00_0051CE60	open
1cccf4bfd367e75a	64	level	2											level:39:004E2198		open	boot:00405CF8	func_00406640	open
9d63260645ca8e5d	64	level	2											level:39:004E46A8		open	level:00:005206A8	func_L00_005206A8	open
0b0061270e8cb5f6	64	level	2											level:39:004F7650		open	boot:00403670		open
a0a38b519fa6bed1	64	level	2											level:39:004FA948		open	level:00:00536958	func_L00_00536958	open
a76a19cb98a6a64d	64	level	2											level:39:004FB420		open	level:00:00537430	func_L00_00537430	open
c2ae6345ef1793bb	64	level	2											level:39:004FFF58		open	level:00:0053BF68	func_L00_0053BF68	open
7d4c33ab8ee5aa23	64	level	2											level:39:00505C28		open	level:00:00541C38	func_L00_00541C38	open
3b12ac9d21b2b6b7	64	level	2											level:39:00505C68		open	level:00:00541C78	func_L00_00541C78	open
65e32fac60a670d3	64	level	2											level:39:00505CA8		open	level:00:00541CB8	func_L00_00541CB8	open
cff616c533dc53a6	64	level	2											level:39:00507E3C		open	boot:00408024		open
6ecc37b7a6eaeaf1	64	level	2											level:39:00510CB0		open	boot:0040EA30		open
26faef44010f184d	64	level	2											level:39:00593E4C		open	level:00:005C0F04	func_L00_005C0F04	open
5fb8ee66baeb8c67	64	level	2											level:39:006D6400		open	level:00:00774BD8		open
b2e25fef116d654e	64	level	2											level:39:006D6538		open	level:00:00774D10		open
5e4bc863b43c6481	64	level	2											level:39:006D6670		open	level:00:00774E48		open
634c5f6c5f6cfc86	60	level	2		level:00:0020AB78	func_L00_0020AB78	matched	level:00:0020A500	FUN_L00_0020a500	matched	level:00:002AB3E0		open						
819d35665f9b9d32	60	level	2		level:00:0020DCB4	func_L00_0020DCB4	open	level:00:0020D61C		open				level:01:004E55F4		open			
4d1b4b48453bb57e	60	level	3		level:00:00232A3C	func_L00_00232A3C	open	level:00:002321E4		open	level:00:002D1F9C		open	level:01:0050B874		open			
2fd3d92e7917bd08	60	level	2		level:00:002E9900	func_L00_002E9900	matched	level:00:002E8450	FUN_L00_002e8450	matched	level:00:00424A08		open						
10ba203901553db6	60	level	3								level:00:002D6900		open	level:01:003EFFE0		open	boot:00438C90		open
c3d2ab3ad45558ba	60	level	3								level:00:0037DD40		open	level:02:0049A740		open	boot:004EA618	func_004EA618	open
05a66e8d31ced1c7	60	level	2								level:00:0037E6A8		open	level:01:004C5910		open			
2e2f38b0ec322042	60	level	2											level:39:004B3EC8		open	level:00:004EFEC8	func_L00_004EFEC8	open
6d1af1d1e3e9f878	60	level	2											level:39:004CA028		open	level:00:00506028	func_L00_00506028	open
7ae1ec912ff7a8f4	60	level	2											level:39:004D0B68		open	boot:003F6470		open
0dbcd4ea82e86c40	60	level	2											level:39:004DC0D0		open	level:00:005180D0	func_L00_005180D0	open
39d2653b77a6918e	60	level	2											level:39:004DC550		open	level:00:00518550	func_L00_00518550	open
efa738c7d672103a	60	level	2											level:39:004DC8E0		open	level:00:005188E0	func_L00_005188E0	open
6dcd48f0c7a8679e	60	level	2											level:39:004DC960		open	level:00:00518960	func_L00_00518960	open
69ee4df65f9fd6e9	60	level	2											level:39:004E0B20		open	level:00:0051CB20		open
2b782573295d044d	60	level	2											level:39:004E2DC0		open	level:00:0051EDC0	func_L00_0051EDC0	open
6b64da201321a9cf	60	level	2											level:39:004F1760		open	level:00:0052D760	func_L00_0052D760	open
fd54f231716aaba2	60	level	2											level:39:004F1890		open	level:00:0052D890		open
9f536892148b4a5a	60	level	2											level:39:004F1AA0		open	level:00:0052DAA0	func_L00_0052DAA0	open
868855b85a8ddd16	60	level	2											level:39:004F5430		open	boot:003FDC50		open
10d773da66ce9f8f	60	level	2											level:39:004F5B60		open	boot:003FE5B0		open
cebbf6f74fb1289d	60	level	2											level:39:004F74F8		open	boot:00403518		open
675ef271378eaff9	60	level	2											level:39:004F7538		open	boot:00403558		open
9e61b28413109970	60	level	2											level:39:004FC380		open	level:00:00538390	func_L00_00538390	open
6498de2c704e4106	60	level	2											level:39:004FC790		open	level:00:005387A0	func_L00_005387A0	open
2e2c1f62628647b5	60	level	2											level:39:00504950		open	level:00:00540960	func_L00_00540960	open
c72f1797c195c9c7	60	level	2											level:39:00506FC8		open	boot:004071B0		open
c3fabdb8e0063d2a	60	level	2											level:39:00507220		open	boot:00407408		open
546b626361f48dda	60	level	2											level:39:005072C0		open	boot:004074A8		open
18e76566d76e8b19	60	level	2											level:39:00508E78		open	boot:00409060		open
1cc197c8f6fbfcf2	60	level	2											level:39:0050B058		open	level:00:00547068	func_L00_00547068	open
e6e6adaf294f1e7d	60	level	2											level:39:0050C368		open	boot:0040A0E8	func_0040A0E8	open
d819f575e2a2ac18	60	level	2											level:39:00512578		open	boot:004102F8		open
2c84b2269a330bf7	60	level	2											level:39:00517628		open	level:00:00553638	func_L00_00553638	open
1b4eade80f0da042	60	level	2											level:39:00519268		open	level:00:00566D60	func_L00_00566D60	open
55043a8c70d20540	60	level	2											level:39:0067E950		open	level:00:00712418	func_L00_00712418	open
e179027a26b4bf35	60	level	2											level:39:006A4CA8		open	level:00:007457B0	func_L00_007457B0	matched
e532e69902fb5ef2	60	level	2											level:39:006C96D0		open	level:00:0070C418	func_L00_0070C418	open
e5a8dc642db9382c	60	level	2											level:39:006C9778		open	level:00:0070C490	func_L00_0070C490	open
1c57cee0c4fcddd4	56	level	3		level:00:00200210	func_L00_00200210	open	level:00:00200260		open	boot:00283D00		open	level:01:0040CFE8		open			
cd13d8db9cf3e94c	56	level	3		level:00:00217648	func_L00_00217648	open	level:00:00216EC0		open	level:00:002B9C58		open	level:01:004F11B8		open			
34d5e0489fa7bfdd	56	level	3	LVL_0_ARANOS_TUTORIAL_FUN_002D31D0	level:00:00233A90	func_L00_00233A90	matched	level:00:00233210	FUN_L00_00233210	matched	level:00:002D31D0	LVL_0_ARANOS_TUTORIAL_FUN_002D31D0	matched	level:01:0050CC50		open			
a4b670f718737482	56	level	3	LVL_0_ARANOS_TUTORIAL_FUN_002D3208	level:00:00233AC8	func_L00_00233AC8	matched	level:00:00233248	FUN_L00_00233248	matched	level:00:002D3208	LVL_0_ARANOS_TUTORIAL_FUN_002D3208	matched	level:01:0050CC88		open			
5c9a0cd3fc8d4103	56	level	4		level:00:00258E58	func_L00_00258E58	matched	level:00:00257E20	FUN_L00_00257e20	matched	boot:002A7AA8	FUN_002A7AA8	matched	level:01:00442098		open	boot:00473B10	func_00473B10	matched
2228f0f690669393	56	level	4		level:00:0025A468	func_L00_0025A468	matched	level:00:00259430	FUN_L00_00259430	matched	boot:002A8860	FUN_002A8860	matched	level:01:00442D70		open	level:00:005E7AC0	func_L00_005E7AC0	matched
921c4907ab3fb292	56	level	2		level:13:003184A0	func_L13_003184A0	open	level:13:00316F48	FUN_L13_00316f48	open				level:09:00403338		open			
ba15087a3f4c211c	56	level	2		level:13:002994D0	func_L13_002994D0	matched	level:13:002982E8	FUN_L13_002982e8	matched	boot:002E5F00		open						
9cbaa108503ace65	56	level	2	LVL_0_ARANOS_TUTORIAL_FUN_002ADCF8							level:00:002ADCF8	LVL_0_ARANOS_TUTORIAL_FUN_002ADCF8	matched	level:01:004E52C8		open			
ae82ae4ee784a5b0	56	level	3								level:00:002C3A40		open	level:01:004FB720		open	boot:00521078	func_00521078	open
29b20b7b8ffb55fc	56	level	2								level:00:00324120		open	level:05:003286E8		open			
b68e14861975e9a0	56	level	2											level:01:003D569C		open	boot:0042313C		open
dda56e055eca9a1c	56	level	2											level:01:004367A0		open	boot:0046C1D8	func_0046C1D8	open
324d79b3e6254e58	56	level	2											level:01:004386D8		open	level:01:005888C0	func_L01_005888C0	open
f53a9f50a6dc64b9	56	level	2											level:07:003EFF08		open	level:02:004DEF88	func_L02_004DEF88	open
7804b541445769a9	56	level	2											level:39:004B7E9C		open	level:00:004F3E9C	func_L00_004F3E9C	open
08952e5caf24e856	56	level	2											level:39:004BEBB0		open	level:00:004FABB0	func_L00_004FABB0	open
9bd66d05f57f5bfe	56	level	2											level:39:004BF8D0		open	level:00:004FB8D0	func_L00_004FB8D0	open
5e1374ca83a675f9	56	level	2											level:39:004C3F98		open	level:00:004FFF98	func_L00_004FFF98	open
340b8e1b3dbcfbfd	56	level	2											level:39:004DBD58		open	level:00:00517D58	func_L00_00517D58	open
2b85c9a73b8dfeaf	56	level	2											level:39:004DBF60		open	level:00:00517F60	func_L00_00517F60	open
43f7d0124d130908	56	level	2											level:39:004DC9A0		open	level:00:005189A0	func_L00_005189A0	open
cf9eaecb074cc5e3	56	level	2											level:39:004E1068		open	level:00:0051D068	func_L00_0051D068	open
a283e6c894f66410	56	level	2											level:39:004E13D8		open	level:00:0051D3D8	func_L00_0051D3D8	open
bdb679a9dba5c8b3	56	level	2											level:39:004E4E58		open	level:00:00520E58	func_L00_00520E58	open
bfcf4dfddd0db322	56	level	2											level:39:004EA370		open	level:00:00526370	func_L00_00526370	open
6d841f3e4595dcbb	56	level	2											level:39:004EB640		open	level:00:00527640	func_L00_00527640	open
3f472bc78a4067dd	56	level	2											level:39:004F1C88		open	level:00:0052DC88		open
02ef4a939a271201	56	level	2											level:39:004F1F74		open	level:00:0052DF74	func_L00_0052DF74	open
29a15132c8722f53	56	level	2											level:39:004F5AB0		open	boot:003FE500		open
76d6937b237f7742	56	level	2											level:39:004F6E18		open	boot:003FF868		open
2fae448c44bf79fd	56	level	2											level:39:00505780		open	level:00:00541790	func_L00_00541790	matched
7e70414317e544d1	56	level	2											level:39:00508270		open	boot:00408458		open
ba02a8491638c492	56	level	2											level:39:0050DD38		open	boot:0040BAB8		open
1da0524b9eadace6	56	level	2											level:39:00518DE0		open	level:00:005668D8	func_L00_005668D8	open
293f927b3f5abe10	56	level	2											level:39:005C0F08		open	boot:0048F808	func_0048F808	open
04ccb16ace0b153e	56	level	2											level:39:006633A8		open	level:00:006EE770	func_L00_006EE770	open
7f5d2b8a8ef1f24d	56	level	2											level:40:0053EE28		open	level:41:0061D570	func_L41_0061D570	open
2ff44fc25ca9715c	52	level	2		level:00:0025E828	func_L00_0025E828	open	level:00:0025D7D0		open	level:00:003417E8		open						
be8f1714efe607d7	52	level	2		level:00:002E9968	func_L00_002E9968	matched	level:00:002E84B8	FUN_L00_002e84b8	matched	level:00:00424A50		open						
dbb9d2cfbdf30226	52	level	2		level:00:002EDC60	func_L00_002EDC60	matched	level:00:002EC7B0	FUN_L00_002ec7b0	matched	level:00:00428FE8		open						
293bdf914d97c3bb	52	level	2		level:02:002FBB10	func_L02_002FBB10	matched	level:02:002FA6D8	FUN_L02_002fa6d8	matched	level:03:0043AC40		open						
ccfd54f904d01967	52	level	2								level:00:00326048		open	level:01:0044EB38		open			
d437632c12514882	52	level	3								level:20:0039F230		open	level:35:003A3AA8		open	level:00:006B8FD8	func_L00_006B8FD8	matched
30f58135fc9e9d71	52	level	2											level:01:00472C08		open	boot:004954E0	func_004954E0	open
4cebc02e2c46d8d1	52	level	2											level:02:0030F8D0		open	level:02:003C5878	func_L02_003C5878	open
1f848e36ed0b0d43	52	level	2											level:04:004B70D0		open	level:01:00627610	func_L01_00627610	open
c4aad8f7a216b083	52	level	2											level:39:004B3710		open	level:00:004EF710	func_L00_004EF710	open
b55cac0281e9704e	52	level	2											level:39:004BEA6C		open	level:00:004FAA6C	func_L00_004FAA6C	open
596a18a643bfefc6	52	level	2											level:39:004BFA28		open	level:00:004FBA28	func_L00_004FBA28	open
8f36634ef150f92f	52	level	2											level:39:004CC208		open	level:00:00508208	func_L00_00508208	open
bb8f5291b4086f6c	52	level	2											level:39:004CC384		open	level:00:00508384	func_L00_00508384	open
c4f4480095f9be7e	52	level	2											level:39:004CF520		open	boot:004034E0		open
94e673ec0f8278f0	52	level	2											level:39:004D1CF8		open	level:00:0050DCF8	func_L00_0050DCF8	open
c042040424831fbc	52	level	2											level:39:004DAED8		open	level:00:00516ED8	func_L00_00516ED8	matched
cc2522683492f63d	52	level	2											level:39:004DC878		open	level:00:00518878	func_L00_00518878	open
7d7b84405ca356f1	52	level	2											level:39:004DD140		open	level:00:00519140	func_L00_00519140	open
baa5e574b39efc04	52	level	2											level:39:004E0C98		open	level:00:0051CC98	func_L00_0051CC98	open
fe387c7ac126805c	52	level	2											level:39:004E10EC		open	level:00:0051D0EC	func_L00_0051D0EC	open
a77c923e86f60e52	52	level	2											level:39:004E4A68		open	level:00:00520A68	func_L00_00520A68	open
1d21ba62fb9dce12	52	level	2											level:39:004E4D90		open	level:00:00520D90	func_L00_00520D90	open
8c52385a220bc4cf	52	level	2											level:39:004E4DC8		open	level:00:00520DC8		open
39783b0c5a98235e	52	level	2											level:39:004ECB80		open	level:00:00528B80	func_L00_00528B80	open
37ea6ddffc31737a	52	level	2											level:39:004F16C0		open	level:00:0052D6C0	func_L00_0052D6C0	open
70a09caf3a8683fb	52	level	2											level:39:004F1EE0		open	level:00:0052DEE0	func_L00_0052DEE0	open
1f462ff66b8f31f1	52	level	2											level:39:004F4DD8		open	boot:003FD5F8		open
19c5ac1f58c796a3	52	level	2											level:39:004F6180		open	boot:003FEBD0		open
1584a5a56753bcde	52	level	2											level:39:004F7578		open	boot:00403598		open
01cb40945d3b310f	52	level	2											level:39:004FBCD8		open	level:00:00537CE8	func_L00_00537CE8	open
8e9874d03ac5e57e	52	level	2											level:39:004FC210		open	level:00:00538220	func_L00_00538220	open
98b372176c8ea5fa	52	level	2											level:39:004FC808		open	level:00:00538818	func_L00_00538818	open
9270ce6a088ef5c4	52	level	2											level:39:0050C8E8		open	boot:0040A668		open
53ea4e8892829d7b	52	level	2											level:39:0050C998		open	boot:0040A718		open
f043de361ee92de5	52	level	2											level:39:005165D8		open	level:00:005525E8	func_L00_005525E8	open
97cad9d41148fa45	52	level	2											level:39:00518E18		open	level:00:00566910	func_L00_00566910	open
59280579aa031ce3	52	level	2											level:39:00593DE8		open	level:00:005C0EA0	func_L00_005C0EA0	open
d1672aab5a6e53b3	52	level	2											level:39:0059C5B0		open	boot:0045F460		open
39b935cee312897c	52	level	2											level:39:00619968		open	level:00:006A9550	func_L00_006A9550	open
2b57fcdc5edcba6f	52	level	2											level:39:0061A800		open	boot:00511000	func_00511000	open
ef6c984e016b3962	52	level	2											level:39:00675508		open	boot:0054B280	func_0054B280	matched
0af9f9304a6b0639	52	level	2											level:39:0067A390		open	level:00:00733C70	func_L00_00733C70	open
321f55fdba830a0c	52	level	2											level:39:006D06F8		open	level:00:0076BE58	func_L00_0076BE58	open
8910e462572fc77b	52	level	2											level:39:006D4DA0		open	level:00:007731F8	func_L00_007731F8	open
7f4a4e5bea197ae4	48	level	4		level:00:001FEF78	func_L00_001FEF78	open	level:00:001FEFC8		open	boot:002829A8		open	level:01:0040BAF0		open	boot:00453568	func_L00_005BCA18	open
ea56be88f420aece	48	level	2		level:00:002366DC	func_L00_002366DC	open	level:00:00235D4C		open	boot:0028BA1C		open						
c0307fe4717e75ae	48	level	3		level:00:00251328	func_L00_00251328	open	level:00:002502F0	FUN_L00_002502f0	open	boot:002A0488		open	level:01:00438908		open			
42a9fcbdf27556fe	48	level	3		level:00:00251358	func_L00_00251358	open	level:00:00250320	FUN_L00_00250320	open	boot:002A04B8		open	boot:003C7220	func_003C1A60	open			
6acdacc092af6e81	48	level	2		level:00:0025E7F8	func_L00_0025E7F8	open	level:00:0025D7A0		open	level:00:003417B8		open						
15d99f378f09261c	48	level	2		level:00:00286498	func_L00_00286498	open	level:00:002851C0		open	level:00:00358D50		open						
85ed92db53b90848	48	level	4		level:08:00211A38	func_L08_00211A38	open	level:08:00211B08		open	boot:002829D8		open	level:01:0040BB20		open	boot:004535A0		open
07136ceb877671e9	48	level	2								level:00:0037DDE8		open	level:01:004C4710		open			
9791e1deb18eb4b3	48	level	2								level:00:0037E60C		open	level:01:004C57CC		open			
77c46e31f5f0b226	48	level	2											level:01:0030D3E0		open	level:00:005F16E8	func_L00_005F16E8	open
38eda2460da99165	48	level	2											level:01:003D9828		open	level:41:0044C630		open
34bce4382cc6a13a	48	level	2											level:01:003EFF28		open	level:00:00596808	func_L00_00596808	open
40ff4f409e9bf6f3	48	level	2											level:01:0040BD80		open	boot:00453808		open
e36b3722eac46eb0	48	level	2											level:01:004A0230		open	level:00:00665120	func_L00_00665120	open
52308938c0ca5d91	48	level	2											level:01:004C49E8		open	boot:004EA790	func_004EA790	open
e8f29b6b23647a18	48	level	2											level:07:00351D58		open	boot:004D3338	func_004D3338	open
a60a338f3b2e4323	48	level	2											level:19:003E3890		open	level:04:004E0E50	func_L04_004E0E50	open
154fdf99549f0824	48	level	2											level:39:004B93C0		open	level:00:004F53C0	func_L00_004F53C0	open
2e9fcbb3bc5c68f0	48	level	2											level:39:004BB698		open	level:00:004F7698	func_L00_004F7698	open
29d692a9121b0036	48	level	2											level:39:004BBF20		open	level:00:004F7F20	func_L00_004F7F20	open
66d514c11d03734e	48	level	2											level:39:004BF940		open	level:00:004FB940	func_L00_004FB940	open
157e3a4f1208f1ad	48	level	2											level:39:004BFD60		open	level:00:004FBD60	func_L00_004FBD60	open
187df728468edf7f	48	level	2											level:39:004C49F8		open	level:00:005009F8	func_L00_005009F8	open
f0d1ef1eb837b744	48	level	2											level:39:004C4A28		open	level:00:00500A28		open
58395d11b6fc0e1d	48	level	2											level:39:004C6020		open	level:00:00502020		open
f3c4d1183b3b9306	48	level	2											level:39:004C9FF8		open	level:00:00505FF8		open
fba8fe6505eff0bb	48	level	2											level:39:004CA0E8		open	level:00:005060E8	func_L00_005060E8	open
b348bf17ab3a199b	48	level	2											level:39:004D4248		open	level:00:00510248	func_L00_00510248	open
efb5d6167cc80eab	48	level	2											level:39:004D4500		open	level:00:00510500	func_L00_00510500	open
d8631a90b9e9eab1	48	level	2											level:39:004DD944		open	level:00:00519944	func_L00_00519944	open
327ee09c5217f174	48	level	2											level:39:004E0468		open	level:00:0051C468	func_L00_0051C468	open
78dd35d944cce798	48	level	2											level:39:004E2BD0		open	level:00:0051EBD0	func_L00_0051EBD0	open
e1e6725d0cc08927	48	level	2											level:39:004EC5FC		open	level:00:005285FC	func_L00_005285FC	open
323a42b30d3366de	48	level	2											level:39:004F1F18		open	level:00:0052DF18	func_L00_0052DF18	open
865796d469a07d82	48	level	2											level:39:004F4E10		open	boot:003FD630		open
ab4607c59e4ef84e	48	level	2											level:39:004F5C70		open	boot:003FE6C0		open
ec915e4ac7ad6744	48	level	2											level:39:00507008		open	boot:004071F0		open
405927320176caca	48	level	2											level:39:00507038		open	boot:00407220		open
5e6f3b2170db382d	48	level	2											level:39:00507E80		open	boot:00408068		open
986a58186b741fa3	48	level	2											level:39:00508078		open	boot:00408260		open
c4e258b38dce881a	48	level	2											level:39:0050A3B0		open	level:00:005463C0	func_L00_005463C0	open
d7e4614579192030	48	level	2											level:39:0050C030		open	level:00:00548040	func_L00_00548040	open
468e953e365eaf9f	48	level	2											level:39:0050D638		open	boot:0040B3B8		open
c0d069204e9f17cb	48	level	2											level:39:0050DA08		open	boot:0040B788		open
0038d708b3e5489a	48	level	2											level:39:0050DD70		open	boot:0040BAF0		open
41a12702d97e1878	48	level	2											level:39:00515D90		open	boot:00413B10		open
20429f85522a5cc2	48	level	2											level:39:00515FF8		open	level:00:00552008	func_L00_00552008	open
3cd0416d6a090b4a	48	level	2											level:39:00518630		open	level:00:00566290	func_L00_00566290	matched
ac51478d28e0be3e	48	level	2											level:39:005544C0		open	boot:004369F0		open
a9331df60a71f935	48	level	2											level:39:00593E1C		open	level:00:005C0ED4	func_L00_005C0ED4	open
b3285047c7ce0836	48	level	2											level:39:006197F0		open	level:41:005CD438	func_L41_005CD438	open
a48c57cabf6d3325	48	level	2											level:39:00619A38		open	level:00:006A9690	func_L00_006A9690	open
98bdeb5e845aa31d	48	level	2											level:39:00619B00		open	level:00:006A9778	func_L00_006A9778	open
af287ffbbfde4411	48	level	2											level:39:0061F590		open	boot:00514A58	func_00514A58	open
bba099249ffba2ba	48	level	2											level:39:006379A0		open	boot:0051FD70	func_0051FD70	open
df849dc4989ccb17	48	level	2											level:39:00660140		open	level:00:006EC290	func_L00_006EC290	open
b4e0a8dbfa6b5c30	48	level	2											level:39:006633E8		open	level:00:006EE7B0	func_L00_006EE7B0	open
f08516b5066603cd	48	level	2											level:39:0067C0E0		open	level:00:00708228	func_L00_00708228	open
5b19289b5ba3b8f0	48	level	2											level:39:00688E10		open	level:00:00755A20	func_L00_00755A20	open
30b943431bda6a7a	48	level	2											level:39:006D6338		open	level:00:00774AE0	func_L00_00774AE0	open
32ac9ba0aeaaf40d	44	level	3	GetClankModule	level:00:0020DB30	func_L00_0020DB30	open	level:00:0020D498		open	level:00:002ADEA0		open	level:01:004E5470		open			
ad6266093b373515	44	level	3		level:00:0020DAF8		open	level:00:0020D460		open	level:00:002ADE68		open	level:01:004E5438		open			
3cbf014235743ec3	44	level	2								level:00:002B42D8		open	level:01:004EB460		open			
bebf4075a8d4ae7d	44	level	2								level:00:002E36F8		open	level:01:003FE150		open			
5956905030ffea0e	44	level	2								level:00:003CA658		open	level:01:003443C0		open			
99c588de80b0a293	44	level	2								level:00:003E8150		open	level:01:003154A8		open			
91691f84ddb1494a	44	level	2								level:00:004204A0		open	level:01:003E2378		open			
605acff6d2ba4df3	44	level	2								level:01:003246A0		open	level:04:0046C990		open			
ddb8610ef871a394	44	level	2								level:08:00300100		open	level:24:00400048		open			
78b6088fb403a345	44	level	2											level:01:003F1368		open	boot:0043A518		open
9d5255d4e28119f4	44	level	2											level:39:004BEAC0		open	level:00:004FAAC0	func_L00_004FAAC0	open
1c7b84e238416f3d	44	level	2											level:39:004C1A18		open	level:00:004FDA18	func_L00_004FDA18	open
414c93f1e98698b0	44	level	2											level:39:004C2270		open	level:00:004FE270		open
0e54b45c095b2da2	44	level	2											level:39:004C3F28		open	level:00:004FFF28	func_L00_004FFF28	open
e255c3c3fb2fb01b	44	level	2											level:39:004C3F68		open	level:00:004FFF68	func_L00_004FFF68	open
d106cd28ea25df5c	44	level	2											level:39:004CA0BC		open	level:00:005060BC	func_L00_005060BC	open
d00e8e1ee67cd158	44	level	2											level:39:004CC578		open	level:00:00508578		open
e4e1d4b21c03b176	44	level	2											level:39:004D7540		open	level:00:00513540	func_L00_00513540	open
ee37c6fd3b287999	44	level	2											level:39:004DB100		open	level:00:00517100	func_L00_00517100	open
fc38710eb10ba2cc	44	level	2											level:39:004DC8B0		open	level:00:005188B0	func_L00_005188B0	open
4d794c72fcd4aa57	44	level	2											level:39:004DD010		open	level:00:00519010	func_L00_00519010	open
2eaf722f2a1745ed	44	level	2											level:39:004DD578		open	level:00:00519578	func_L00_00519578	open
f75e46cd4816c0b6	44	level	2											level:39:004DDEF0		open	level:00:00519EF0	func_L00_00519EF0	open
7ebce3f98bbd3d84	44	level	2											level:39:004DDF20		open	level:00:00519F20	func_L00_00519F20	open
fd725c155ad1ea00	44	level	2											level:39:004E2D40		open	level:00:0051ED40	func_L00_0051ED40	open
506afc4385fbeef8	44	level	2											level:39:004EC4A8		open	level:00:005284A8	func_L00_005284A8	open
fbdee448a7a37836	44	level	2											level:39:004EFEE8		open	level:00:0052BEE8	func_L00_0052BEE8	open
2dda7fa9853c9b2c	44	level	2											level:39:004F1F48		open	level:00:0052DF48	func_L00_0052DF48	open
04340fe3e92d6e9d	44	level	2											level:39:004F28E8		open	level:00:0052E8E8	func_L00_0052E8E8	open
d79c3003667e2bd2	44	level	2											level:39:004F4CB8		open	boot:003FD4D8		open
b5c43fdf37edb074	44	level	2											level:39:004F4CE8		open	boot:003FD508		open
216c3a34b96841ec	44	level	2											level:39:004F5340		open	boot:003FDB60		open
bd0b811aacb08eb3	44	level	2											level:39:004F5D38		open	boot:003FE788		open
3879af0bc9055a16	44	level	2											level:39:004F7360		open	boot:00403380		open
2bc2b8969839f299	44	level	2											level:39:004F9528		open	level:00:00535538	func_L00_00535538	open
5cb46345eb179ce2	44	level	2											level:39:00507260		open	boot:00407448		open
1fbab28740485c9d	44	level	2											level:39:00507290		open	boot:00407478		open
a76f4772101db031	44	level	2											level:39:0050C7E8		open	boot:0040A568		open
f415f16a3ee28294	44	level	2											level:39:0050D9C8		open	boot:0040B748		open
629175f8fa21a384	44	level	2											level:39:00519208		open	level:00:00566D00	func_L00_00566D00	open
c347296e35f8406a	44	level	2											level:39:005192E4		open	level:00:00566DDC	func_L00_00566DDC	open
c4279e327a8a4321	44	level	2											level:39:00554440		open	boot:00436970		open
a1ed8d4daba4c561	44	level	2											level:39:00554480		open	boot:004369B0		open
c36364f5cae0e1c1	44	level	2											level:39:005C1000		open	level:00:00606790	func_L00_00606790	open
b3a845388f2b9a4c	44	level	2											level:39:0061B008		open	boot:00511298	func_00511298	open
f8b32327dcd97405	44	level	2											level:39:006646B0		open	boot:0053CC58	func_0053CC58	open
ac9a7b62f0487631	44	level	2											level:39:00665D00		open	boot:0053E0D8	func_0053E0D8	open
aae1c7f6885a3b46	44	level	2											level:39:006D5570		open	level:00:00773AE8	func_L00_00773AE8	open
f035d75e6c07f201	44	level	2											level:39:006D9680		open	level:00:00778C00	func_L00_00778C00	open
a783a097dcfe6f63	40	level	3	RfuDispatchEntry	boot:0011DDA0	func_0011DDA0	matched	boot:0011DAA0	RfuDispatchEntry	matched				level:39:004CC310		open	level:00:00508310	func_0012DA20	open
7356ad9a1d6dcea4	40	level	2		level:14:002B0288	func_L14_002B0288	open	level:14:002AF048		open	level:09:003FE620		open						
28c3d6b61314442c	40	level	2								level:00:002D3F80		open	level:01:0050D948		open			
76bec704011b584f	40	level	3								level:00:00322A98		open	level:01:0044B090		open	boot:004790C0	func_004790C0	open
749b799680560594	40	level	2								level:00:0032A088		open	level:01:00454190		open			
071f44fe92f09d32	40	level	3								level:00:0032B500		open	level:01:00457418		open	level:00:005F53A0	func_L00_005F53A0	open
b4b4ad936729516b	40	level	3								level:00:0037DD18		open	level:01:004C4640		open	boot:004EA5F0	func_004EA5F0	open
35a7fb716e68ae5f	40	level	2								level:03:00419BD8		open	level:19:00355010		open			
a4fa999dab852878	40	level	2											level:01:004017F8		open	level:00:005AF528	func_L00_005AF528	open
e94d7d9d5a444825	40	level	2											level:01:00436988		open	boot:0046C418	func_0046C418	open
aa4078a64d13561b	40	level	2											level:01:00438760		open	boot:0046D498	func_0046D498	open
50765076c9001ad8	40	level	2											level:02:0030F904		open	level:02:003C58AC	func_L02_003C58AC	open
af06ad4739c9c221	40	level	2											level:02:0039E290		open	level:01:004E4E90	func_L01_004E4E90	open
af3dc3a0e281c2af	40	level	2											level:03:00359FD8		open	boot:004B9B20	func_004B9B20	open
73eeea062ba8bb31	40	level	2											level:03:003F8F68		open	level:01:0055D508	func_L01_0055D508	open
2c79fbbfc450ab50	40	level	2											level:06:00358F90		open	level:05:004D6808	func_L05_004D6808	matched
4c36fc972c437d9a	40	level	2											level:09:00405470		open	level:04:004DD400	func_L04_004DD400	open
6407549f947ebd8e	40	level	2											level:39:004B5710		open	level:00:004F1710	func_L00_004F1710	open
19bdfd1931e83f31	40	level	2											level:39:004C1CE0		open	level:00:004FDCE0	func_L00_004FDCE0	open
27e853bdc681cbbd	40	level	2											level:39:004C2B18		open	level:00:004FEB18	func_L00_004FEB18	open
83fb35230defd30b	40	level	2											level:39:004C49D0		open	level:00:005009D0	func_L00_005009D0	open
ebb5d7c486a26604	40	level	2											level:39:004D5700		open	level:00:00511700	func_L00_00511700	open
8ae5fa92c9c4fb68	40	level	2											level:39:004DCA20		open	level:00:00518A20	func_L00_00518A20	matched
bd409b443b306a33	40	level	2											level:39:004DCA48		open	level:00:00518A48	func_L00_00518A48	open
e41092c5aaed6dbd	40	level	2											level:39:004DCA70		open	level:00:00518A70	func_L00_00518A70	open
7a0c45a471bd387c	40	level	2											level:39:004DDB40		open	level:00:00519B40	func_L00_00519B40	open
d547c8e7686c40de	40	level	2											level:39:004DE9E0		open	level:00:0051A9E0	func_L00_0051A9E0	open
88e5aa5fa729252a	40	level	2											level:39:004E0C48		open	level:00:0051CC48		open
5b4bb513cdba0dc9	40	level	2											level:39:004E0C70		open	level:00:0051CC70	func_L00_0051CC70	open
6ab38623aadb4277	40	level	2											level:39:004E2E00		open	level:00:0051EE00	func_L00_0051EE00	open
2b639d283e579705	40	level	2											level:39:004EEDF0		open	level:00:0052ADF0	func_L00_0052ADF0	open
f99ce4162711f952	40	level	2											level:39:004F1478		open	level:00:0052D478		open
8c534c2d2b875ad5	40	level	2											level:39:004F1738		open	level:00:0052D738	func_L00_0052D738	open
5e8215d18334bb51	40	level	2											level:39:004F2928		open	level:00:0052E928	func_L00_0052E928	open
7b11fd0f9a12616f	40	level	2											level:39:004F5DA0		open	boot:003FE7F0		open
6aecbbecfff7ed94	40	level	2											level:39:004F75B0		open	boot:004035D0		open
36aaea281f3b7b3d	40	level	2											level:39:00504260		open	level:00:00540270	func_L00_00540270	open
6e4ecf41fb7e21fd	40	level	2											level:39:00504288		open	level:00:00540298		open
e836dcac2e664625	40	level	2											level:39:005042B0		open	level:00:005402C0		open
80c19723c160992c	40	level	2											level:39:005042D8		open	level:00:005402E8		open
6e96df5140218ffa	40	level	2											level:39:00504300		open	level:00:00540310		open
169d4e1065f4f08e	40	level	2											level:39:0051642C		open	level:00:0055243C	func_L00_0055243C	open
2b76b9079223b1c5	40	level	2											level:39:00517594		open	level:00:005535A4	func_L00_005535A4	open
ddc2d5ad0b420f05	40	level	2											level:39:00517FD8		open	level:00:00553FE8	func_L00_00553FE8	open
6af428fb78ad764e	40	level	2											level:39:00518240		open	level:00:00554250	func_L00_00554250	open
ebfd72ae4f345f05	40	level	2											level:39:00519188		open	level:00:00566C80	func_L00_00566C80	open
66266e64df372581	40	level	2											level:39:00519238		open	level:00:00566D30	func_L00_00566D30	open
f13553a6c1229767	40	level	2											level:39:00599368		open	level:01:0064FAC8	func_L01_0064FAC8	open
bed29fd2579ccbeb	40	level	2											level:39:00619B30		open	level:41:005CDA90		open
0d146b4303e38456	40	level	2											level:39:006377E8		open	boot:0051FCA8	func_0051FCA8	open
99b04acedd4fe279	40	level	2											level:39:00646218		open	level:01:00690998	func_L01_00690998	open
e27a5d45178e61df	40	level	2											level:39:00646338		open	boot:00527430	func_00527430	open
da2c590b45e3fff2	40	level	2											level:39:00688EB0		open	level:00:00755AB0	func_L00_00755AB0	open
2ca6dfe77e516592	40	level	2											level:39:0068B9F8		open	level:00:00708980	func_L00_00708980	open
1ca462a29fd314a1	40	level	2											level:39:006CADB8		open	level:00:007662D8	func_L00_007662D8	open
53d64d72b23ca974	40	level	2											level:39:006D3D90		open	level:00:00771A20		open
22f08f1f21d8345c	40	level	2											level:39:006D6440		open	level:00:00774C18		open
08271f7d6f0d5d00	40	level	2											level:39:006D6510		open	level:00:00774CE8		open
a478aa8d5f907e85	40	level	2											level:39:006D6578		open	level:00:00774D50		open
8e48102a82af2440	40	level	2											level:39:006D66B0		open	level:00:00774E88		open
71d9b1d89bfd0397	36	level	2		level:00:0025A8C0	func_L00_0025A8C0	matched	level:00:00259888	FUN_L00_00259888	matched	boot:002A8C00	FUN_002A8C00	matched						
6af8db7ac3d8ba67	36	level	2		level:00:002E9A18	func_L00_002E9A18	matched	level:00:002E8568	FUN_L00_002e8568	matched	level:00:00424B48		open						
9ca033bb8142acfc	36	level	2		level:05:0031B138	func_L05_0031B138	open	level:05:00319C28		open							level:15:003F8F80	func_L15_003F8F80	open
3a46033b65de24f1	36	level	3		level:10:002F6E10	func_L10_002F6E10	matched	level:10:002F5A50	FUN_L10_002f5a50	matched	level:00:00429020		open	level:01:003EAB30		open			
854a4c0af693d6b8	36	level	2		level:14:002B02B0	func_L14_002B02B0	open	level:14:002AF070		open	level:09:003FE648		open						
edb09aa3aebe1eff	36	level	3	LVL_0_ARANOS_TUTORIAL_FUN_002E3A68							level:00:002E3A68	LVL_0_ARANOS_TUTORIAL_FUN_002E3A68	matched	level:01:003FE3F8		open	level:00:005AB550	func_L00_005AB550	open
1894ee862915c680	36	level	2								level:00:002E2048		open	level:01:003FC760		open			
1661bf340413657d	36	level	3								level:00:0031BE88		open	level:01:004435E8		open	level:00:005E8130	func_L00_005E8130	open
9bb013d780b623f0	36	level	3								level:00:0037E640		open	level:01:004C5800		open	level:41:0059F740	func_L41_0059F740	matched
89718498512a12bb	36	level	2								level:00:00403C30		open	level:01:0035D6C8		open			
7957a2269426b9db	36	level	3								level:01:003246D0		open	boot:00382488	func_0037E030	matched	boot:004C4490	func_004C4490	open
e98c39154ebf7165	36	level	2								level:03:003C5CE8		open	level:19:00334758		open			
645a0fc1ccfcf9e8	36	level	2								level:08:003DB4E8		open	level:28:003095C8		open			
d89492ddcafb5d50	36	level	2								level:22:003B9428		open	level:23:00309720		open			
7387da0c66eca0fb	36	level	2											level:01:00401820		open	level:00:005AF550	func_L00_005AF550	open
16d4417c1eed0768	36	level	2											level:01:004100D8		open	boot:00457220		open
4a0feaccc0845cc7	36	level	2											level:01:00444F38		open	boot:004756A8	func_004756A8	open
bc1f7376e7700120	36	level	2											level:39:004BF918		open	level:00:004FB918	func_L00_004FB918	open
d732b58d38b3aa92	36	level	2											level:39:004C1D08		open	level:00:004FDD08	func_L00_004FDD08	open
0e6d6b0a1677367e	36	level	2											level:39:004C45D0		open	level:00:005005D0	func_L00_005005D0	open
151d97c58e30b518	36	level	2											level:39:004DD468		open	level:00:00519468	func_L00_00519468	open
735ddd8f342ac149	36	level	2											level:39:004DDEC8		open	level:00:00519EC8	func_L00_00519EC8	open
8fc1cc16df28adc3	36	level	2											level:39:004DE990		open	level:00:0051A990	func_L00_0051A990	open
0d55575b421884d7	36	level	2											level:39:004DE9B8		open	level:00:0051A9B8	func_L00_0051A9B8	matched
9228cf441fa497fb	36	level	2											level:39:004DEC38		open	level:00:0051AC38	func_L00_0051AC38	open
247af53185331814	36	level	2											level:39:004E0F10		open	level:00:0051CF10	func_L00_0051CF10	open
7bfb43720b281755	36	level	2											level:39:004E10B4		open	level:00:0051D0B4	func_L00_0051D0B4	open
54bf5bf876a8d0ce	36	level	2											level:39:004E2E28		open	level:00:0051EE28	func_L00_0051EE28	open
defe28c809a34ec2	36	level	2											level:39:004EBF90		open	level:00:00527F90	func_L00_00527F90	open
10c26c146044cbbb	36	level	2											level:39:004EC5D8		open	level:00:005285D8	func_L00_005285D8	open
ab81e5d8e887244c	36	level	2											level:39:004ECA60		open	level:00:00528A60	func_L00_00528A60	open
b7a572e832021f2f	36	level	2											level:39:004F16F4		open	level:00:0052D6F4	func_L00_0052D6F4	open
ad4be46c2c52a4a7	36	level	2											level:39:004F5B38		open	boot:003FE588		open
81d094c7329b11cb	36	level	2											level:39:004F72E8		open	boot:00403308		open
290987bf26b6911d	36	level	2											level:39:004F7420		open	boot:00403440		open
cd1663565e17d028	36	level	2											level:39:004FCB30		open	level:00:00538B40		open
f7220ead7cfda520	36	level	2											level:39:00507918		open	boot:00407B00		open
6c77533a934839d4	36	level	2											level:39:0050C920		open	boot:0040A6A0		open
c8520ed191dcea36	36	level	2											level:39:00517478		open	level:00:00553488	func_L00_00553488	open
b7a9d294c040aeea	36	level	2											level:39:005192C0		open	level:00:00566DB8	func_L00_00566DB8	open
339c81ed3007d605	36	level	2											level:39:0053D148		open	level:01:00426D38	func_L01_00426D38	open
8f669f131806c0d1	36	level	2											level:39:0053D170		open	level:41:004490F0	func_L41_004490F0	open
3707f379776f37d1	36	level	2											level:39:0053D198		open	level:01:00426D60	func_L01_00426D60	open
711ea634af6c8dc3	36	level	2											level:39:0053D248		open	level:01:00426D88		open
d967ecb061807a59	36	level	2											level:39:0053D270		open	level:01:00426E70	func_L01_00426E70	open
622d5fdfa6999b88	36	level	2											level:39:00593B68		open	boot:003F9470	func_00497020	open
b20283783080e72c	36	level	2											level:39:0060EF10		open	level:00:0069D2F0	func_L00_0069D2F0	open
4a3b284e9685ec45	36	level	2											level:39:0061AA38		open	level:00:006AA0D8	func_L00_006AA0D8	open
ea5e838c5ecd751c	36	level	2											level:39:0066FEB0		open	level:00:006FEEE8	func_L00_006FEEE8	open
3999d1c0018c1ffc	36	level	2											level:40:003D5680		open	level:41:003D4E88		open
2dc9e1dc77b671c1	32	level	2		level:00:001EB578	func_L00_001EB578	open	level:00:001EB1F8		open	boot:00270280		open						
e6603ca91bd5f7e3	32	level	2	LVL_24_SHIP_SHACK_FUN_002D6CF8	level:00:001EB7C8	func_L00_001EB7C8	matched	level:00:001EB448	FUN_L00_001eb448	matched	boot:002704D0	LVL_24_SHIP_SHACK_FUN_002D6CF8	matched						
3be1ed6ed30f8164	32	level	3		level:00:001FF328	func_L00_001FF328	open	level:00:001FF378		open	boot:00282D90		open	level:01:0040BED8		open			
520b757f589c5a98	32	level	3		level:00:001FF3E0	func_L00_001FF3E0	open	level:00:001FF430		open	level:00:002EE290		open	level:01:0040BF90		open			
fdca889fdb6e094f	32	level	4		level:00:00268A88	func_L00_00268A88	open	level:00:00267BE8		open	boot:002B9360		open	level:01:0045E758		open	level:00:00607B38	func_L00_00607B38	open
2810c5c231baaf42	32	level	2	SoundSetPitchBend	level:00:0028F210	func_L00_0028F210	matched	level:00:0028DF38	FUN_L00_0028df38	matched	boot:002E5F40		open						
7896f964e34211fa	32	level	2								level:00:0042A500		open	level:01:003EC710		open			
2359eb7999a57a50	32	level	2								level:01:003908A8		open	level:19:00302718		open			
772e5cbb9ac38bf4	32	level	2								level:02:002F21C0		open	level:01:0040C040		open			
49a8528b68e6e348	32	level	2								level:02:003DB2F0		open				level:01:0043FD08	func_L01_0043FD08	open
48c1257d5ae0d874	32	level	2								level:02:003FC248		open	level:02:00350598		open			
80ea9982b7eb97a2	32	level	2								level:07:003EEE08		open	level:03:003AE308		open			
6036b60423fee0a0	32	level	2								level:09:003F65E0		open	level:07:0031D010		open			
f7c84752a6237664	32	level	2								level:11:003F2D18		open	level:03:003AFEF0		open			
d9af9f5c6c3f2ddb	32	level	3								level:14:003DE990		open	level:03:003B0340		open	level:01:004AF060		open
ddd8e32f9e36739a	32	level	3								level:16:004364B0		open	level:11:003C6370		open	boot:003FDCA0	func_01EB2CB0	open
107ca26c6d225b65	32	level	2								level:23:00416090		open	level:40:003F11E0		open			
729b27a57aee3878	32	level	2											level:01:003B6498		open	level:01:004B1370		open
d9a7132bc6206712	32	level	2											level:01:0040D068		open	level:13:005226C0	func_L13_005226C0	open
51afecd5a87d4131	32	level	2											level:01:00438468		open	boot:0046D408	func_0046D408	open
cb5de1d391bf2ac8	32	level	2											level:01:00472BE8		open	boot:004954C0	func_004954C0	open
50595bba0548cbcd	32	level	2											level:01:00512448		open	boot:00501B08	func_00501B08	open
e6726af9ba14a806	32	level	2											level:03:003AFF10		open	level:01:004B1390		open
0d28a65640eb5d51	32	level	2											level:03:003AFF30		open	level:05:00492D68		open
9eab134f20d79523	32	level	2											level:05:003E8260		open	level:01:00527AE0	func_L01_00527AE0	open
36e82a7adb1c58dd	32	level	2											level:39:004BEA4C		open	level:00:004FAA4C	func_L00_004FAA4C	open
0065cadf9fbede26	32	level	2											level:39:004C2FAC		open	level:00:004FEFAC	func_L00_004FEFAC	open
9e062d320ed962e0	32	level	2											level:39:004C4D08		open	level:00:00500D08	func_L00_00500D08	open
356ee6e2bfab0459	32	level	2											level:39:004C5F00		open	level:00:00501F00	func_L00_00501F00	open
35b1ac6d4319400d	32	level	2											level:39:004C7E68		open	level:00:00503E68	func_L00_00503E68	open
0d345dff412b6733	32	level	2											level:39:004CC1E0		open	level:00:005081E0	func_L00_005081E0	open
5285ec9d7cafb32b	32	level	2											level:39:004DAC28		open	level:00:00516C28	func_L00_00516C28	open
55513e386349c7dc	32	level	2											level:39:004DC9E8		open	level:00:005189E8	func_L00_005189E8	open
d7d0fa8d33085c29	32	level	2											level:39:004DDBB8		open	level:00:00519BB8	func_L00_00519BB8	open
04b7475e2a9cd1b3	32	level	2											level:39:004DDD00		open	level:00:00519D00	func_L00_00519D00	open
f5059c388cd0acf9	32	level	2											level:39:004E48E8		open	level:00:005208E8	func_L00_005208E8	open
047bfd938ccc7b9e	32	level	2											level:39:004F71F0		open	boot:00403210		open
1a47c4e6abdbdca2	32	level	2											level:39:004F9554		open	level:00:00535564	func_L00_00535564	open
0b85c70debc0d130	32	level	2											level:39:004F9938		open	level:00:00535948	func_L00_00535948	open
bc9d4db7ca26ac44	32	level	2											level:39:004FAA48		open	level:00:00536A58		open
073507c8a76a2edd	32	level	2											level:39:004FC7D0		open	level:00:005387E0	func_L00_005387E0	open
b60de3e0f0e34425	32	level	2											level:39:00505D88		open	level:00:00541D98	func_L00_00541D98	open
e21c7637799de279	32	level	2											level:39:005079FC		open	boot:00407BE4		open
33ceccb4e187f711	32	level	2											level:39:0050D738		open	boot:0040B4B8		open
c33873bfd36e64fb	32	level	2											level:39:00510DD0		open	boot:0040EB50		open
770c0cfd9f3d9c9c	32	level	2											level:39:00511280		open	boot:0040F000		open
8307b8352b2e75af	32	level	2											level:39:00515DC0		open	level:00:00551DD0	func_L00_00551DD0	open
02fd7f0e37183a6e	32	level	2											level:39:0051660C		open	level:00:0055261C	func_L00_0055261C	open
2aa4aca63c4daeee	32	level	2											level:39:00517668		open	level:00:00553678	func_L00_00553678	open
b70439f7b6352ac0	32	level	2											level:39:00518000		open	level:00:00554010	func_L00_00554010	open
9aac36f8728c499a	32	level	2											level:39:00518020		open	level:00:00554030	func_L00_00554030	open
9249bd9c8c2a4e0d	32	level	2											level:39:00518EC8		open	level:00:005669C0	func_L00_005669C0	open
9b1029247a88455d	32	level	2											level:39:0053B714		open	boot:0041ACC4		open
2dd610c7e0757c94	32	level	2											level:39:005C0F40		open	boot:0048F840	func_0048F840	open
044a7cc84a11e070	32	level	2											level:39:0065FDF0		open	boot:0053CA40	func_0053CA40	open
d212883c33c1ddcc	32	level	2											level:39:00660120		open	boot:0053CA80	func_0053CA80	open
15ab528bd85bc171	32	level	2											level:39:006D46A0		open	boot:0054A850	func_0054A850	open
ff2b20c0b956d54b	28	level	4		level:00:002608D0	func_L00_002608D0	open	level:00:0025F858		open	boot:002ACB28		open	level:01:00448CA8		open	boot:00477B68	func_00477B68	open
868793f485181a35	28	level	3		level:00:00267618	func_L00_00267618	open	level:00:002667D0		open	level:01:003246F8		open	level:04:0046C9E8		open			
5f913fa36bad94b0	28	level	2		level:00:002E9838	func_L00_002E9838	open	level:00:002E8388		open	level:00:00424940		open						
96fc3ac6b146036d	28	level	2		level:00:002E9870	func_L00_002E9870	open	level:00:002E83C0		open	level:00:00424978		open						
0d3e28332fc504aa	28	level	2		level:03:002C8000	func_L03_002C8000	open	level:03:002C6C38		open							boot:004FD248		open
06a640b4655c2219	28	level	2	LVL_24_SHIP_SHACK_FUN_002D2878							level:00:002D3778	LVL_24_SHIP_SHACK_FUN_002D2878	matched	level:01:0050D180		open			
ef36607613897e44	28	level	3	LVL_24_SHIP_SHACK_FUN_002D5840							level:00:002D6788	LVL_24_SHIP_SHACK_FUN_002D5840	matched	level:01:003EF860		open	level:00:00595E88		open
10590ada18a84950	28	level	2								level:00:0032B288		open	level:01:00457248		open			
41aa60818c7aea43	28	level	2								level:00:0037E5F0		open	level:01:004C57B0		open			
7a51dcf83145b51e	28	level	2								level:00:003B9CB8		open	level:01:003C3D90		open			
e388278ea904f852	28	level	2								level:01:003BD150		open				boot:00505DB0	func_00505DB0	open
72aa0c986d29959b	28	level	2								level:02:00392C70		open	level:01:0032DDE0		open			
e1e0282100786689	28	level	2								level:04:003A02A0		open				boot:00496BB0	func_00496BB0	open
0aec05893bf71f32	28	level	2								level:30:00382EF0		open	level:01:003EDB40		open			
08397092e90b239e	28	level	2											level:01:00352D38		open	level:00:0051A970		open
78b4135e1ca59597	28	level	2											level:01:0045D318		open	boot:0048F7E0	func_0048F7E0	open
1a21b45330b4fd2c	28	level	2											level:01:00479120		open	boot:004B4C68	func_004B4C68	open
de46cce14072a8cb	28	level	2											level:04:003D1FF8		open	boot:004B5970	func_004B5970	open
eb1d5764e9f3fc39	28	level	2											level:39:004BEAA0		open	level:00:004FAAA0	func_L00_004FAAA0	open
8de18a766c6cc5d5	28	level	2											level:39:004C4A58		open	level:00:00500A58	func_L00_00500A58	open
c707d9a4e6f9d1a8	28	level	2											level:39:004D1260		open	boot:003F1000	func_003F1000	open
1a61da77427996a0	28	level	2											level:39:004DE718		open	level:00:0051A718	func_L00_0051A718	open
e1871bd358342321	28	level	2											level:39:004DE950		open	boot:01EEBDA0	func_01EEBDA0	open
c656def7ed5eb24a	28	level	2											level:39:004E0768		open	level:00:0051C768	func_L00_0051C768	open
d98051065fa43964	28	level	2											level:39:004E0F38		open	level:00:0051CF38	func_L00_0051CF38	matched
54892642efac633e	28	level	2											level:39:004EC8B8		open	level:00:005288B8	func_L00_005288B8	matched
86612f75408df20c	28	level	2											level:39:004F1B78		open	level:00:0052DB78		open
4ffb0f9829631611	28	level	2											level:39:004F45F8		open	level:00:005305F8	func_L00_005305F8	open
c3fba091ba6ef229	28	level	2											level:39:004F4A78		open	boot:003FD298		open
624cd901c1d642e0	28	level	2											level:39:004F5D80		open	boot:003FE7D0		open
4991d1bb1988dced	28	level	2											level:39:004F7390		open	boot:004033B0		open
c0d632a94dec466d	28	level	2											level:39:004FA260		open	level:00:00536270	func_L00_00536270	open
1d12d37e5a31cf98	28	level	2											level:39:004FC760		open	level:00:00538770	func_L00_00538770	open
5d14e7e209d7eba7	28	level	2											level:39:00504388		open	level:00:00540398	func_L00_00540398	open
669d1b35d7b3c5fd	28	level	2											level:39:00509188		open	boot:00409370		open
fc7b3a26f6054651	28	level	2											level:39:0050A380		open	level:00:00546390	func_L00_00546390	open
c7b3d24ca3748230	28	level	2											level:39:0050B094		open	level:00:005470A4	func_L00_005470A4	open
3dee0885e1c981fb	28	level	2											level:39:0050C9D0		open	boot:0040A750		open
f1220137810f15f9	28	level	2											level:39:0050D6F0		open	boot:0040B470		open
b3244ce1c126ca61	28	level	2											level:39:0050D908		open	boot:0040B688		open
30876ef80bb8cb92	28	level	2											level:39:00515DE0		open	level:00:00551DF0		open
cb41452e01640b6d	28	level	2											level:39:00516884		open	level:00:00552894	func_L00_00552894	open
b99a5d74e9420fd2	28	level	2											level:39:00518354		open	level:00:00554364	func_L00_00554364	open
d585bbb471c771a7	28	level	2											level:39:00518728		open	level:00:00566370	func_L00_00566370	matched
307c6544986a65e1	28	level	2											level:39:005192A4		open	level:00:00566D9C	func_L00_00566D9C	open
c70783ba5dfe162c	28	level	2											level:39:005193E0		open	level:00:00566ED8	func_L00_00566ED8	open
b9dbf2cf831185f4	28	level	2											level:39:005C0F60		open	level:00:006066F0	func_L00_006066F0	open
de34edb978c25981	28	level	2											level:39:006B5488		open	level:00:00753170	func_L00_00753170	open
e64ee40461b52154	28	level	2											level:39:006CB608		open	level:00:00766C00	func_L00_00766C00	open
8b1e526a4741bc9f	28	level	2											level:39:006CB790		open	level:00:00766DB0		open
ab29623f4f796dc9	28	level	2											level:39:006D8A58		open	level:00:00778848		open
f0a58729a3226016	28	level	2											level:39:006D8BD8		open	level:00:007789D0		open
1dcd3d65c8e0d48b	28	level	2											level:39:006DB4B0		open	level:00:0077C700		open
282cfa4f84271507	28	level	2											level:39:006DE9D8		open	level:00:0077CFE0	func_L00_0077CFE0	matched
116a331dcd611b69	24	level	2		level:00:001FF240	func_L00_001FF240	open	level:00:001FF290		open	boot:00282CD8		open						
805ae4aa55e5c963	24	level	2		level:00:001FF270	func_L00_001FF270	open	level:00:001FF2C0		open	level:04:0030EDE0		open						
29fa2b23760e0f8f	24	level	3		level:00:001FF2C8	func_L00_001FF2C8	open	level:00:001FF318		open	boot:00282D48		open	boot:0038D160	func_00388700	matched			
e41a634bc1077b0b	24	level	2		level:00:001FF2F8	func_L00_001FF2F8	open	level:00:001FF348		open	level:22:002F3B38		open						
e32b219f6c6b1ac1	24	level	2		level:00:002001D8	func_L00_002001D8	open	level:00:00200228	FUN_L00_00200228	open	boot:00283CC8		open						
c21769e81a2d3b04	24	level	3		level:00:00232A18	func_L00_00232A18	open	level:00:002321C0		open	level:00:002D1F78		open	level:01:0050B850		open			
7937687c2ef8eff1	24	level	3		level:00:00232EA8	func_L00_00232EA8	matched	level:00:00232628	FUN_L00_00232628	matched	level:00:002D24B8		open	level:01:0050BF28		open			
38428071382f2d2a	24	level	4		level:00:0025A43C	func_L00_0025A43C	open	level:00:00259404		open	boot:002A8834		open	level:01:00442D44		open	level:01:005924BC	func_L01_005924BC	open
9f3e2df820e2f4e9	24	level	2		level:00:002E5618	func_L00_002E5618	matched	level:00:002E4168	FUN_L00_002e4168	matched	boot:00334710		open						
84d1e1d6d40e3fbd	24	level	3		level:01:002490E0	func_L01_002490E0	matched	level:01:002488E8	FUN_L01_002488e8	matched	level:01:002C8990		open	level:02:004DCEC0		open			
7ea005025ef6541a	24	level	3		level:01:002490F8	func_L01_002490F8	matched	level:01:00248900	FUN_L01_00248900	matched	level:01:002C89A8		open	level:02:004DCED8		open			
415b9386bee8bd7d	24	level	2	LVL_0_ARANOS_TUTORIAL_FUN_002D7940	level:00:001EB430		open	level:00:001EB0B0	FUN_L00_001eb0b0	matched	level:00:002D7940	LVL_0_ARANOS_TUTORIAL_FUN_002D7940	matched						
50a034250e3055af	24	level	2								level:00:002B3248		open	level:01:004EA1D8		open			
669814fe475b5ff8	24	level	2								level:00:002D24D0		open	level:01:0050BF40		open			
6995e3d6e74e75a5	24	level	2								level:00:002EE058		open	boot:0038D0E0	func_00388680	matched			
3dd9920d030f2d10	24	level	2								level:00:002EE078		open	boot:0038D0F8	func_00388698	matched			
1fd902d125b5b10a	24	level	2								level:01:003128C0		open	level:10:00426D18		open			
0f250cd9bee15fed	24	level	2								level:03:004197A8		open	level:19:003546B8		open			
5a5db03060c168f8	24	level	2								level:05:0030C930		open	level:22:0041D4C8		open			
0db40aaa2a69b48b	24	level	2											level:01:003E9410		open	level:00:00591410	func_L00_00591410	open
39f5cec04d811b51	24	level	2											level:01:00438838		open	boot:0046D570	func_0046D570	open
f8873e1002647397	24	level	2											level:01:00438880		open	boot:0046D590	func_0046D590	open
061a077ac915921b	24	level	2											level:01:0047A310		open	boot:00498DB0	func_00498DB0	open
5397598443117ac0	24	level	2											level:11:003C85E8		open	level:07:004C9FE8	func_L07_004C9FE8	open
e3cc856e7625d2b4	24	level	2											level:39:004B5738		open	level:00:004F1738	func_L00_004F1738	open
22d05027c719455e	24	level	2											level:39:004BB298		open	level:00:004F7298	func_L00_004F7298	open
bd7dbc743a3504ad	24	level	2											level:39:004BB328		open	level:00:004F7328	func_L00_004F7328	open
3b5844afd77b1d3e	24	level	2											level:39:004BC680		open	level:00:004F8680	func_L00_004F8680	open
f293b1ea7d790e75	24	level	2											level:39:004BC698		open	level:00:004F8698	func_L00_004F8698	open
8ce81232bd1701aa	24	level	2											level:39:004C22A8		open	level:00:004FE2A8	func_L00_004FE2A8	open
1be3c3cbd96b2834	24	level	2											level:39:004C2B40		open	level:00:004FEB40	func_L00_004FEB40	open
054c50b51c9889d4	24	level	2											level:39:004C4D30		open	level:00:00500D30	func_L00_00500D30	open
a6b27a94d9f59133	24	level	2											level:39:004F28C8		open	level:00:0052E8C8	func_L00_0052E8C8	open
fea61065d87c457d	24	level	2											level:39:004F6FEC		open	boot:003FFA3C		open
acb7217519384321	24	level	2											level:39:004F9A00		open	level:00:00535A10	func_L00_00535A10	open
3c23cb9da1bed541	24	level	2											level:39:004FC7F0		open	level:00:00538800	func_L00_00538800	open
4edd6bf559369d2b	24	level	2											level:39:005043A8		open	level:00:005403B8	func_L00_005403B8	open
ba6f71fa186c54e3	24	level	2											level:39:005064E8		open	level:00:005424F8	func_L00_005424F8	open
ffbdbfbdc131a63c	24	level	2											level:39:00506FB0		open	boot:00407198		open
9eebec3ac215c873	24	level	2											level:39:0050C350		open	boot:0040A0D0	func_0040A0D0	open
83a5d513e8910df0	24	level	2											level:39:0050C860		open	boot:0040A5E0		open
e92459a0d2922fcd	24	level	2											level:39:0050D6D8		open	boot:0040B458		open
bb2a21ca3aaffa4f	24	level	2											level:39:0050D9B0		open	boot:0040B730		open
295194d651f53ab3	24	level	2											level:39:00510A84		open	boot:0040E804		open
1138474e329f1a3e	24	level	2											level:39:005113A0		open	boot:0040F120		open
704ba4c6a8497e1c	24	level	2											level:39:00515C00		open	boot:00413980		open
833686cce46956c9	24	level	2											level:39:00515D30		open	boot:00413AB0		open
f3cc16caf67e51c7	24	level	2											level:39:005165C0		open	level:00:005525D0	func_L00_005525D0	open
23b88838af6e87bb	24	level	2											level:39:00516AA0		open	level:00:00552AB0	func_L00_00552AB0	open
0856995129319a53	24	level	2											level:39:00516BC4		open	level:00:00552BD4	func_L00_00552BD4	open
87e2de0968a4ae44	24	level	2											level:39:0060C9B0		open	level:00:00697808	func_L00_00697808	open
c4f855e1eccdee39	24	level	2											level:39:00619AC8		open	level:00:006A9730	func_L00_006A9730	open
80976ef17b3dc2db	24	level	2											level:39:0061EBD0		open	level:00:006D1BA0	func_L00_006D1BA0	open
f5d86f88a563563a	24	level	2											level:39:006DB288		open	level:00:0077C368	func_L00_0077C368	open
510c790963160988	20	level	3		level:00:0020A858	func_L00_0020A858	matched	level:00:0020A1E0	FUN_L00_0020a1e0	matched	level:00:002AB0A8		open	level:01:004E25C8		open			
15fbf0293e28bccb	20	level	4		level:00:00211F68	func_L00_00211F68	matched	level:00:002118B0	FUN_L00_002118b0	matched	boot:002C9A60		open	level:01:004EAA60		open	boot:0015C730	func_0015C730	open
c4854841bdd9cdd7	20	level	3		level:00:00217680	func_L00_00217680	open	level:00:00216EF8		open	level:00:002B9C90		open	level:01:004F11F0		open			
093caae9bc1c628d	20	level	3		level:00:0025E210	func_L00_0025E210	open	level:00:0025D1B8	FUN_L00_0025d1b8	open	boot:002AB650	FUN_002AB650	matched	level:01:004475D0		open			
1c2705bf08a280eb	20	level	2		level:00:00267C34	func_L00_00267C34	open	level:00:00266DEC		open	level:00:0032EF9C		open						
4114752c5942889e	20	level	2		level:00:002A6058	func_L00_002A6058	open	level:00:002A4DC8	FUN_L00_002a4dc8	open	level:04:003C70C8		open						
432bdfb4cf7ce64d	20	level	2		level:03:00292B18	func_L03_00292B18	open	level:03:00291970		open				boot:003E5938	func_003E0178	open			
b3fde52740cb7e68	20	level	2		level:04:0024D534	func_L04_0024D534	open	level:04:0024C57C		open	boot:002A8ADC		open						
bc80e77abe3e449a	20	level	2		level:05:0031B15C	func_L05_0031B15C	open	level:05:00319C4C		open							level:01:004BDE74	func_L01_004BDE74	open
731739a3f343a006	20	level	2		level:07:002B3050	func_L07_002B3050	open	level:07:002B1E48		open	level:03:0038AA20		open						
6083776120e5c9f1	20	level	2		level:08:00315068	func_L08_00315068	matched	level:08:00313BA8	FUN_L08_00313ba8	matched	level:11:004885A0		open						
ecf47267e6c3096f	20	level	2		level:00:001EB598		open	level:00:001EB218		open	boot:002702A0		open						
7fec4d5b46509478	20	level	2		level:06:00216EE4		open	level:06:00216F34		open				level:01:0040B9C4		open			
30b6873f928f00a7	20	level	2	LVL_0_ARANOS_TUTORIAL_FUN_002ADFD0							level:00:002ADFD0	LVL_0_ARANOS_TUTORIAL_FUN_002ADFD0	matched	level:01:004E5590		open			
6e595e1b1c536c04	20	level	3								level:00:002E3724		open	level:01:003FE17C		open	level:00:005AB274		open
5bed5e3b9243d188	20	level	2								level:00:003294F0		open	level:01:00452F40		open			
0893658609794904	20	level	2								level:00:0037DE18		open	level:01:004C4740		open			
f409d19e9309a6b2	20	level	2								level:00:00403C54		open	level:39:0051DE2C		open			
012a1ed68c6f8ad8	20	level	3								level:01:00322358		open	boot:0013C010		open	boot:001203A8	func_001203A8	open
260c25c94e0914c4	20	level	3								level:01:0032336C		open	level:01:0045BEB4		open	level:00:005FF17C	func_L00_005FF17C	open
0002251a7d8dd049	20	level	2								level:03:003C5D0C		open	level:19:0033477C		open			
e27dbe69c5cfd381	20	level	2								level:08:003D8918		open				level:02:004CD420	func_L02_004CD420	open
966ec536c399e1f5	20	level	3								level:09:003F6600		open	level:07:0031D030		open	level:11:003C5088	func_L11_003C5088	open
5239222a9ea4faf5	20	level	2											level:01:00363074		open	level:01:00466A64	func_L01_00466A64	open
90e49d3cfb70619c	20	level	2											level:01:003630B4		open	boot:00511034	func_00511034	open
1b6fc9eaabad379c	20	level	2											level:01:003E7154		open	level:00:0058E33C	func_L00_0058E33C	open
f92b4074888a18ec	20	level	2											level:01:003F0870		open	level:00:0059AA60	func_L00_0059AA60	open
58712fdf9e844959	20	level	2											level:01:003F1200		open	level:00:0059B3A0	func_L00_0059B3A0	open
b357ecae6f20b6d9	20	level	2											level:01:003F1394		open	boot:0043A544		open
55638fb4a38c7c81	20	level	2											level:01:004136F0		open	level:00:005C5550	func_L00_005C5550	open
bcf08fdd402fe89f	20	level	2											level:01:0044F58C		open	level:00:0077A77C	func_L00_0077A77C	open
81b387fe5262bd6d	20	level	2											level:01:0045D3D4		open	boot:0048F8F4	func_0048F8F4	open
e19beca46efddf1b	20	level	2											level:39:004BB228		open	level:00:004F7228		open
91c26d27c9c32497	20	level	2											level:39:004BB680		open	level:00:004F7680	func_L00_004F7680	open
d53377406896843b	20	level	2											level:39:004BC2F8		open	level:00:004F82F8	func_L00_004F82F8	open
ed372444eef808d4	20	level	2											level:39:004BC36C		open	level:00:004F836C	func_L00_004F836C	open
5f911260bcd830cd	20	level	2											level:39:004C2F98		open	level:00:004FEF98	func_L00_004FEF98	open
e3718334ef2fda66	20	level	2											level:39:004C4A74		open	level:00:00500A74	func_L00_00500A74	open
2f3a27c6542f3824	20	level	2											level:39:004C4A88		open	level:00:00500A88	func_L00_00500A88	open
740db277c7fcdc7f	20	level	2											level:39:004CBF78		open	level:00:00507F78	func_L00_00507F78	open
0895b1281d5aad52	20	level	2											level:39:004D0A60		open	boot:003F6170		open
c0a5a6b6b96e3534	20	level	2											level:39:004D12C8		open	boot:003F1020	func_01E9E348	open
41f5933375a23834	20	level	2											level:39:004D1BB0		open	boot:003F7318		open
70ec03111372dc92	20	level	2											level:39:004E0788		open	level:00:0051C788	func_L00_0051C788	open
b13b9e4b9807ffb1	20	level	2											level:39:004E10A0		open	level:00:0051D0A0	func_L00_0051D0A0	open
e2d9fcace0bbd6d5	20	level	2											level:39:004E10D8		open	level:00:0051D0D8	func_L00_0051D0D8	open
eb91eb9bd8734d17	20	level	2											level:39:004EA9F0		open	level:00:005269F0	func_L00_005269F0	open
84ff92b41e8ac6a0	20	level	2											level:39:004EC540		open	level:00:00528540	func_L00_00528540	open
dcfdcd2df782bf25	20	level	2											level:39:004EC554		open	level:00:00528554	func_L00_00528554	open
f28509d6ff4b04f7	20	level	2											level:39:004ECBB4		open	level:00:00528BB4	func_L00_00528BB4	open
aaee128e554a2def	20	level	2											level:39:004F46A0		open	boot:003FCEC0		open
8c214b4f2c2f90f6	20	level	2											level:39:004F4950		open	boot:003FD170		open
950f63ecea9653a0	20	level	2											level:39:004F5370		open	boot:003FDB90		open
887f7396fc5baf90	20	level	2											level:39:004F5388		open	boot:003FDBA8		open
443c37c29b26e094	20	level	2											level:39:004F546C		open	boot:003FDC8C		open
a74bef2072faa823	20	level	2											level:39:004F5A28		open	boot:003FE248		open
a2b4633a41bfc0d9	20	level	2											level:39:004F5D68		open	boot:003FE7B8		open
277e4021f5883a75	20	level	2											level:39:004F6E50		open	boot:003FF8A0		open
2d56a489c895f5ab	20	level	2											level:39:004F75D8		open	boot:004035F8		open
5e6233192d99264e	20	level	2											level:39:004FC77C		open	level:00:0053878C	func_L00_0053878C	open
c9c4f85088d802b8	20	level	2											level:39:004FFEE0		open	level:00:0053BEF0	func_L00_0053BEF0	open
7bdaa3c8fa607f68	20	level	2											level:39:005074E0		open	boot:004076C8		open
66bf9492cbb773b9	20	level	2											level:39:0050C018		open	level:00:00548028	func_L00_00548028	open
14653c22347b617d	20	level	2											level:39:0050FDF0		open	boot:0040DB70		open
466bb935b08c2703	20	level	2											level:39:00517580		open	level:00:00553590	func_L00_00553590	open
4916f3b1fce69f38	20	level	2											level:39:0055446C		open	boot:0043699C		open
f99fdbf51ee55320	20	level	2											level:39:005544AC		open	boot:004369DC		open
8cffedd12a6f0977	20	level	2											level:39:005544F0		open	boot:00436A20		open
d2e6dc4fcdadbbb1	20	level	2											level:39:0059C940		open	level:00:005CB9D0	func_L00_005CB9D0	open
6cde3d9c6b231f47	20	level	2											level:39:00619820		open	level:41:005CD468	func_L41_005CD468	open
de9baeb15b0fc915	20	level	2											level:39:006379D0		open	boot:0051FDA0	func_0051FDA0	open
e341855e760a6ee1	20	level	2											level:39:0065E990		open	level:00:006EA508	func_L00_006EA508	open
a304ce536f2fe1ae	20	level	2											level:39:006602F0		open	level:00:006EC440	func_L00_006EC440	open
211575e62f8cc7be	20	level	2											level:39:00665D2C		open	boot:0053E104	func_0053E104	open
d5493f70a7235813	20	level	2											level:39:0067E3C8		open	level:00:00711F00	func_L00_00711F00	open
bc15739415facdc8	20	level	2											level:39:0069E658		open	level:00:0067FF20	func_L00_0067FF20	open
d6a4158c4137fc06	20	level	2											level:39:006B6258		open	level:00:00753118	func_L00_00753118	open
4f9a890f7468726a	20	level	2											level:39:006B626C		open	level:00:0075312C	func_L00_0075312C	open
6a0f341632709052	20	level	2											level:39:006B6280		open	level:00:00753140	func_L00_00753140	open
e6f165efbf0b6556	20	level	2											level:39:006BBA68		open	level:00:007295D0	func_L00_007295D0	open
8292b09943e738fa	20	level	2											level:39:006D1890		open	level:00:0076F1E0	func_L00_0076F1E0	open
8fdd2eec0966a73e	20	level	2											level:39:006D67A8		open	level:00:00776680	func_L00_00776680	open
db939863696b0cea	20	level	2											level:40:004E13F0		open	boot:00511048	func_00511048	open
376bfe6956d9325a	16	level	2		level:00:001FF200	func_L00_001FF200	open	level:00:001FF250	FUN_L00_001ff250	open	level:00:002EE0C0		open						
0e35c62097d0cf4e	16	level	3		level:00:001FF670	func_L00_001FF670	open	level:00:001FF6C0		open	boot:00283088		open	level:01:0040C2C0		open			
a60b155290fed080	16	level	3		level:00:00205768	func_L00_00205768	open	level:00:00205150		open	level:00:002A5030		open	level:01:004DC468		open			
86043772e82db72b	16	level	4		level:00:0025C700	func_L00_0025C700	matched	level:00:0025B6A8	FUN_L00_0025b6a8	matched	boot:002AA140	FUN_002AA140	matched	boot:003C4308	func_003BEB48	matched	boot:004756D0	func_004756D0	open
7a1848a6278b17d8	16	level	3		level:00:0025F410	func_L00_0025F410	open	level:00:0025E3B8		open	boot:002ABB78		open	level:39:005B6970		open			
7657ea57cee7b1d3	16	level	2		level:00:002864CC	func_L00_002864CC	open	level:00:002851F4		open	level:00:00358D84		open						
e9468df34df3d4aa	16	level	4		level:00:002D95D8	func_L00_002D95D8	matched	level:00:002D8128	FUN_L00_002d8128	matched	boot:00312E10	FUN_00312E10	matched	level:01:003015E0		open	level:01:003D3EA0	func_L01_003D3EA0	open
2082eb5b53d263ef	16	level	3		level:00:002E89D0	func_L00_002E89D0	matched	level:00:002E7520	FUN_L00_002e7520	matched	level:00:00423BB0		open	level:01:003E5C20		open			
25203226820bc979	16	level	2		level:00:002E98A8	func_L00_002E98A8	open	level:00:002E83F8		open	level:00:004249B0		open						
8f815e6e51d9e3ee	16	level	4		level:08:00211A68	func_L08_00211A68	open	level:08:00211B38		open	boot:00282A08		open	level:01:0040BB50		open	boot:004535D0		open
375552645e17b893	16	level	2		level:08:002DB438	func_L08_002DB438	open	level:08:002DA0C0		open	level:02:003F0788		open						
894382b54358f227	16	level	2		level:11:0030BC00	func_L11_0030BC00	matched	level:11:0030A830	FUN_L11_0030a830	matched							level:05:004E0108	func_L05_004E0108	open
3b436bbdf241ccb5	16	level	4		level:16:002C5A08	func_L16_002C5A08	matched	level:16:002C4710	FUN_L16_002c4710	matched	boot:00312B58	FUN_00312B58	matched	level:21:00338890		open	level:01:004D8DD8	func_L01_004D8DD8	open
617415feabb79a82	16	level	2								level:00:0031F2B0		open	level:01:00447CF0		open			
7bdeb0401e9ae5aa	16	level	2								level:00:003672F8		open	level:01:004AD4A0		open			
f73c93ef008d5bbd	16	level	3								level:00:0037E698		open	level:01:003116F0		open	level:41:0059F778	func_L41_0059F778	open
30a1e9470b6d72e3	16	level	2								level:00:003BB5F0		open	level:01:00309E90		open			
b46081ef4aabb87d	16	level	2								level:00:003CBBD0		open	level:01:0030D3D0		open			
54a05884a6f7223d	16	level	2								level:01:00390CA8		open	level:40:003F5AF0		open			
ff079cdb73e094e0	16	level	2								level:02:002F1658		open	level:01:00408B50		open			
8ec0ccd9f49723f2	16	level	2								level:02:00400B00		open				level:01:003C9D20	func_L01_003C9D20	open
f064e28507fe810f	16	level	3								level:02:004127F8		open	level:09:003C93C0		open	level:01:00490378	func_L01_00490378	open
b7d5b7aafe50a9bd	16	level	3								level:12:0041E8E8		open	level:08:003C1A00		open	level:01:003C9CD8	func_L01_003C9CD8	open
58101e523c6b54c6	16	level	2								level:14:003C9548		open	level:03:00398640		open			
06a1b0895398fc0e	16	level	3								level:14:003DE8E8		open	level:04:003782E0		open	level:01:004E4DF0		open
7a8fe39958cff9cc	16	level	2											level:01:00323C88		open	level:01:003CB14C	func_L01_003CB14C	open
b7ac87a85142e29a	16	level	2											level:01:0032A968		open	level:01:0042E9B0		open
36233da228c64f15	16	level	2											level:01:0034FC54		open	level:01:003C90DC		open
69c3f6b15d182694	16	level	2											level:01:003A81A0		open	level:01:003CC500	func_L01_003CC500	open
fa9178d0c23e5e27	16	level	2											level:01:003B47B8		open	level:01:003CD008	func_L01_003CD008	open
202874accd2734df	16	level	2											level:01:003EE970		open	level:00:00593EB0	func_L00_00593EB0	open
774a9e6c610cc922	16	level	2											level:01:00410A90		open	level:00:005C1C80	func_L00_005C1C80	open
48a3f6b0f8580985	16	level	2											level:01:004708E8		open	level:13:004C6E80	func_L13_004C6E80	open
bdbe32ed19b4df6d	16	level	2											level:01:0047AC30		open	boot:0015B568	func_0015B568	open
bebc2e7fbcfb4529	16	level	2											level:01:004A0260		open	level:00:00665150	func_L00_00665150	open
e2d61ad995a03a2e	16	level	2											level:03:0032C1C8		open	level:01:00433820		open
f8fa943206774326	16	level	2											level:03:00396000		open	level:01:00426D18		open
90aad385c1340583	16	level	2											level:04:00313AC4		open	level:01:003D5288		open
f0ceca91ac5bb594	16	level	2											level:04:00359090		open	level:01:003EBCC0		open
ff6c391a1bafcdcc	16	level	2											level:04:004B7668		open	level:01:00627BC8	func_L01_00627BC8	open
83d3a74bc351036b	16	level	2											level:07:00350578		open	level:06:004C7210	func_L06_004C7210	open
91a00cf99e86fad5	16	level	2											level:39:004B9A78		open	boot:01EA9780	func_01EA9780	open
61149ac8769f739e	16	level	2											level:39:004BB1F0		open	level:00:004F71F0	func_L00_004F71F0	open
48085d2ae383ecb4	16	level	2											level:39:004BB200		open	level:00:004F7200	func_L00_004F7200	open
231bf2f4d510e676	16	level	2											level:39:004BB210		open	level:00:004F7210		open
fe76a03b3ef334fa	16	level	2											level:39:004BD2D0		open	boot:003F9388	func_00404C90	open
0cc7b8f67252ae16	16	level	2											level:39:004C1D30		open	level:00:004FDD30		open
933b58cdd36fe6ee	16	level	2											level:39:004C3F54		open	level:00:004FFF54	func_L00_004FFF54	open
08d5dde95b435a4c	16	level	2											level:39:004C4CF8		open	level:00:00500CF8	func_L00_00500CF8	open
66ba01bff566f5f3	16	level	2											level:39:004CA118		open	level:00:00506118	func_L00_00506118	open
d50e0ff766400016	16	level	2											level:39:004D56E0		open	level:00:005116E0	func_L00_005116E0	open
a2ecbecab9d5f445	16	level	2											level:39:004DC920		open	level:00:00518920	func_L00_00518920	open
63191555cfe9fc3b	16	level	2											level:39:004DEC5C		open	level:00:0051AC5C	func_L00_0051AC5C	open
9aedec4304fb626c	16	level	2											level:39:004E4368		open	level:00:00520368	func_L00_00520368	open
84b2d09eea034129	16	level	2											level:39:004F1718		open	level:00:0052D718	func_L00_0052D718	open
73c01023d9837c20	16	level	2											level:39:004F1728		open	level:00:0052D728		open
90e0b43c05c4e827	16	level	2											level:39:004F49D4		open	boot:003FD1F4		open
fea50a3e19b68323	16	level	2											level:39:004F4A68		open	boot:003FD288		open
36edbcbc12fb6dce	16	level	2											level:39:004F4E40		open	boot:003FD660		open
282ef3d26f6d5e2b	16	level	2											level:39:004F54C8		open	boot:003FDCE8		open
931f703f0bd48ebc	16	level	2											level:39:004F54D8		open	boot:003FDCF8		open
b00b06778519f854	16	level	2											level:39:004F5540		open	boot:003FDD60		open
8b5cbf11a6939021	16	level	2											level:39:004F5670		open	boot:003FDE90		open
43bf86196a5993b4	16	level	2											level:39:004F6168		open	boot:003FEBB8		open
be8b7155a4f9d9a8	16	level	2											level:39:004FC170		open	level:00:00538180		open
49bf8b89f9d29f36	16	level	2											level:39:004FC83C		open	level:00:0053884C	func_L00_0053884C	open
3900a074e268c8b0	16	level	2											level:39:004FDE20		open	level:00:00539E30	func_L00_00539E30	open
c712497347ed0321	16	level	2											level:39:004FDF00		open	level:00:00539F10	func_L00_00539F10	open
9bfa8526bb82c372	16	level	2											level:39:004FF1AC		open	level:00:0053B1BC	func_L00_0053B1BC	open
1020e105a1523c05	16	level	2											level:39:004FFEBC		open	level:00:0053BECC	func_L00_0053BECC	open
4a0b75d2cd1bcb05	16	level	2											level:39:00504FE0		open	level:00:00540FF0	func_L00_00540FF0	open
be67c4500d3b2cbe	16	level	2											level:39:00505EE8		open	level:00:00541EF8	func_L00_00541EF8	open
0d469549cdf8ee70	16	level	2											level:39:00506650		open	boot:00406838	func_00406838	matched
25ec7106b77ef94e	16	level	2											level:39:00508248		open	boot:00408430		open
782263bc2f543051	16	level	2											level:39:0050A3A0		open	level:00:005463B0	func_L00_005463B0	open
ab7064da6b0ac066	16	level	2											level:39:0050D710		open	boot:0040B490		open
a24d74baa706837c	16	level	2											level:39:0050D9F8		open	boot:0040B778		open
4d3e4e79ed20dc1c	16	level	2											level:39:005126E8		open	boot:00410468		open
230798bacef5a46b	16	level	2											level:39:00515040		open	boot:00412DC0		open
b570823c0b73e8d1	16	level	2											level:39:005154F4		open	boot:00413274		open
469db806ca61fa0e	16	level	2											level:39:00516DC4		open	level:00:00552DD4	func_L00_00552DD4	open
3d7b7359a2e86d3f	16	level	2											level:39:005191B0		open	level:00:00566CA8	func_L00_00566CA8	open
1d85a4e398b165d0	16	level	2											level:39:005C0FF0		open	level:00:00606780	func_L00_00606780	open
bd3e222be5e1478d	16	level	2											level:39:0063C1A0		open	boot:00512908	func_00512908	open
f34d61f913f8197d	16	level	2											level:39:006440FC		open	level:00:006D10CC	func_L00_006D10CC	open
0608e699460789f9	16	level	2											level:39:006C9850		open	level:00:0070C528	func_L00_0070C528	open
4dda701bb75c3185	16	level	2											level:39:006C9860		open	level:00:0070C538	func_L00_0070C538	open
666eec2569511abf	576		2	_fpadd_parts	boot:0011FC08	func_0011FC08	matched	boot:0011F908	_fpadd_parts	matched							boot:00130B90	func_00130B90	matched
87d72e17e8879395	552		2		boot:001FA238	func_001FA238	open							frontbin:00388C10	func_00388C10	open			
f9143ee423a24cb6	472		2	sceDmaPutEnv	boot:001233E8	func_001233E8	matched	boot:001230E8	sceDmaPutEnv	matched							boot:00139BC0	func_00139BC0	open
812ae943fe1c1c25	412		2	sceSifInitRpc	boot:0011AE20	func_0011AE20	matched	boot:0011AB20	sceSifInitRpc	matched							boot:00129D90	func_00129D90	open
df0e2b02ca259a2a	332		2	SetUpVisGifViewer	boot:00203808	func_00203808	matched	boot:00202FD0	set_up_vis_gif_viewer	matched				frontbin:00394660	func_00394660	open			
60b5c1831a16d4b3	276		2	CompareDoubleParts	boot:00120318	func_00120318	matched	boot:00120018	CompareDoubleParts	matched							boot:001312A0	func_001312A0	matched
db3edc83a6033899	252		2					level:00:00235C80	FUN_L00_00235c80	open	boot:0028B950	FUN_0028B950	matched						
f8ad789ce16de565	248		2		boot:001FA8F0	func_001FA8F0	open							frontbin:003894E8	func_003894E8	open			
3f5a7617db6704b8	248		2		boot:001FAA28	func_001FAA28	open							frontbin:003895E8	func_003895E8	open			
abf7208e37f3d448	212		2	ParseOcclGrid	boot:001F2A38	func_001F2A38	matched	boot:001F2690	parse_occlusion_grid	matched				frontbin:003822C8	func_003822C8	open			
61ad9563c1bf27f7	208		3	audioDecBeginPut	boot:0023C128	func_0023C128	open	boot:0023AD58	audio_dec_begin_put	matched	boot:0034F960	FUN_0034F960	matched	frontbin:003AAC70	func_003AAC70	matched			
7e0351a4c2ef731e	192		2	CountTrailingZeroBits	boot:00115748	func_00115748	matched	boot:00115748	CountTrailingZeroBits	matched							boot:0011F780	func_0011F780	open
f46e66cea73f077f	160		2		boot:001EFD70	func_001EFD70	open							frontbin:003CE6A0	func_003CE6A0	open			
eb2eb844427a5db9	160		2					level:04:0024C4F0	FUN_L04_0024c4f0	open	boot:002A8A50	FUN_002A8A50	matched						
1a95e69885eb9fe2	156		2	__unpack_d	boot:0011FB68	func_0011FB68	matched	boot:0011F868	__unpack_d	matched							boot:00130AF0	func_00130AF0	matched
0ba37c83649d64ee	148		2		boot:001151B4	func_001151B4	open										boot:0011A2DC	func_0011A2DC	open
90246e26b693c3b5	144		2	ftoi	boot:00119EA8	func_00119EA8	matched	boot:00119BA8	ftoi	open							boot:00128430	func_00128430	open
56aa7fb171d383a8	144		2	__unpack_f	boot:001206B0	func_001206B0	matched	boot:001203B0	__unpack_f	matched							boot:00131790	func_00131790	matched
50a8c938b768040b	104		2	Dcmp	boot:00115CE8	func_00115CE8	matched	boot:00115CE8	Dcmp	matched							boot:0011FCD8	func_0011FCD8	open
88f534d28549940d	100		2	LVL_0_ARANOS_TUTORIAL_FUN_003417B8				level:00:0025D7A0	FUN_L00_0025d7a0	matched	level:00:003417B8	LVL_0_ARANOS_TUTORIAL_FUN_003417B8	matched						
f479765397f3c24a	96		2		boot:0020E990	func_0020E990	open							frontbin:003C2310	func_003C2310	open			
4b9ab7498ae79d34	84		2	music_primary_replace_callback	boot:00217970	func_00217970	matched	boot:00216AD0	music_primary_replace_callback	matched				frontbin:0039D970	func_0039D970	matched			
67a3f82ae46b9731	84		2	sound_KillChannel	boot:0022EAB0	func_0022EAB0	matched	boot:0022D798	release_voice_slot	matched	boot:002E59F8	FUN_002E59F8	matched						
4f337a0b65903105	80		2		boot:001F9DC0	func_001F9DC0	open							frontbin:00388830	func_00388830	matched			
d9d35c0352f71983	76		2	SearchSvdata	boot:0011B1F8	func_0011B1F8	matched	boot:0011AEF8	SearchSvdata	matched							boot:0012A3D8	func_0012A3D8	open
827fd8869194e295	76		2	music_transition_start_callback	boot:00217920	func_00217920	matched	boot:00216A80	music_transition_start_callback	matched				frontbin:0039D920	func_0039D920	matched			
f1f397ef8452f06e	72		2	sceScfGetLocalTimefromRTC	boot:0012D818	func_0012D818	matched	boot:0012D6D8	sceScfGetLocalTimefromRTC	matched							boot:00155A98	func_00155A98	open
9f0c4b4159a5ad4f	72		2		boot:001F9E10	func_001F9E10	open							frontbin:00388880	func_00388880	matched			
8bc81f8a4779a44e	68		2	voice_start_callback	boot:0022F0A8	func_0022F0A8	matched	boot:0022DD90	voice_start_callback	matched	boot:002E60A0	FUN_002E60A0	matched						
a62856eb9b49f8b3	68		2	getFIFOindex	boot:0023CEC8	func_0023CEC8	open	boot:0023BAF8	get_fifo_index	matched	boot:00350750	FUN_00350750	matched						
9b7a5d32777dce4a	60		2	SceSifCheckStatRpc	boot:0011B6B8	func_0011B6B8	matched	boot:0011B3B8	SceSifCheckStatRpc	matched							boot:0012A918	func_0012A918	open
4dc1aee31e60cb8d	60		3	music_primary_start_callback	boot:002179C8	func_002179C8	matched	boot:00216B28	music_primary_start_callback	matched	boot:002B7FB0	FUN_002B7FB0	matched	frontbin:0039D9C8	func_0039D9C8	matched			
61d2aa2e834c2c80	52		2	LVL_0_ARANOS_TUTORIAL_FUN_002ADE68				level:00:0020D460	FUN_L00_0020d460	matched	level:00:002ADE68	LVL_0_ARANOS_TUTORIAL_FUN_002ADE68	matched						
834d4e6d92fdcd2f	52		2	LVL_0_ARANOS_TUTORIAL_FUN_002ADEA0				level:00:0020D498	FUN_L00_0020d498	matched	level:00:002ADEA0	LVL_0_ARANOS_TUTORIAL_FUN_002ADEA0	matched						
6d165c9b0b3d7510	48		2		boot:001F0F00	func_001F0F00	open							frontbin:003D00C0	func_003D00C0	open			
407dcd268ed3f353	40		2	GetDmaChannel	boot:001232E0	func_001232E0	matched	boot:00122FE0	GetDmaChannel	matched							boot:00139AB8	func_00139AB8	open
ee9017874c64d301	40		2		boot:001F9988	func_001F9988	open							frontbin:00388418	func_00388418	open			
a274db45b00dd062	32		2								boot:00335E68	FUN_00335E68	matched	frontbin:003A5958	func_003A5958	matched			
