# Generated by tools/names.py build; see docs/NAMES.md. Columns:
# symbol	name	tier	source	evidence	alternatives
func_00114000	reentrant_syscall_with_two_arguments	candidate	Lombyte recovered_names.json	proposal (medium, runtime/newlib) at US 0x114000; US/PAL size alignment	
func_00114518	reentrant_syscall_with_three_arguments	candidate	Lombyte recovered_names.json	proposal (medium, runtime/newlib) at US 0x114518; US/PAL size alignment	
func_001160C8	srand	descriptive	ReRAC doc_names.csv	verified at US boot 0x1160C8 (docs/plan/particles.md:136): doc's name; verified against disassembly (line 293); US/PAL size alignment	
func_001160D8	rand	descriptive	ReRAC doc_names.csv	verified at US boot 0x1160D8 (docs/plan/particles.md:135): newlib rand; verified against disassembly (line 293); US/PAL size alignment	
func_00116108	reentrant_read	descriptive	Lombyte recovered_names.json	proposal (high, runtime/newlib) at US 0x116108; US/PAL size alignment	
func_00116168	double_is_not_nan	descriptive	Lombyte recovered_names.json	proposal (high, math/floating_point) at US 0x116168; US/PAL size alignment	
func_00116248	sprintf	descriptive	NTSC config/symbols.txt	sprintf at US 0x116248 (2026-09 naming loop); US/PAL size alignment	
func_001170A0	vfprintf	candidate	Lombyte recovered_names.json	proposal (medium, runtime/newlib) at US 0x116DA8; US/PAL size alignment	
func_0011AE20	sceSifInitRpc	descriptive	NTSC config/symbols.txt	sceSifInitRpc at US 0x11AB20 (2026-09 naming loop); US/PAL size alignment	
func_0011AFE8	get_available_rpc_packet	descriptive	Lombyte recovered_names.json	proposal (high, runtime/rpc) at US 0x11ACE8; US/PAL size alignment	
func_0011B2F8	sceSifBindRpc	descriptive	NTSC config/symbols.txt	sceSifBindRpc at US 0x11AFF8 (2026-09 naming loop); US/PAL size alignment	
func_0011BF80	sceOpen	descriptive	NTSC config/symbols.txt	sceOpen at US 0x11BC80 (2026-09 naming loop); US/PAL size alignment	
func_0011C208	sceClose	descriptive	NTSC config/symbols.txt	sceClose at US 0x11BF08 (2026-09 naming loop); US/PAL size alignment	
func_0011C388	sceLseek	descriptive	NTSC config/symbols.txt	sceLseek at US 0x11C088 (2026-09 naming loop); US/PAL size alignment	
func_0011C5C0	sceRead	descriptive	NTSC config/symbols.txt	sceRead at US 0x11C2C0 (2026-09 naming loop); US/PAL size alignment	
func_0011C820	sceWrite	descriptive	NTSC config/symbols.txt	sceWrite at US 0x11C520 (2026-09 naming loop); US/PAL size alignment	
func_0011CC38	free_sif_system_memory	descriptive	Lombyte recovered_names.json	proposal (high, runtime/rpc) at US 0x11C938; US/PAL size alignment	
func_0011DFC8	__main	recovered	config/symbol_names.txt	libgcc2 L__main, matched byte for byte	
func_00120D28	cd_check_ncmd	candidate	Lombyte recovered_names.json	proposal (medium, sdk/storage) at US 0x120A28; US/PAL size alignment	
func_00121040	cd_check_scmd	candidate	Lombyte recovered_names.json	proposal (medium, sdk/storage) at US 0x120D40; US/PAL size alignment	
func_00121B78	sceGsResetGraph	descriptive	NTSC config/symbols.txt	sceGsResetGraph at US 0x121878 (2026-09 naming loop); US/PAL size alignment	
func_00123308	sceDmaReset	descriptive	NTSC config/symbols.txt	sceDmaReset at US 0x123008 (2026-09 naming loop); US/PAL size alignment	
func_00123BA0	unpack_spr_descriptor	candidate	Lombyte recovered_names.json	proposal (medium, runtime/memory) at US 0x1238A0; US/PAL size alignment	
func_00124B60	debug_print_stub	descriptive	Lombyte recovered_names.json	proposal (high, runtime/debug) at US 0x124A20; US/PAL size alignment	
func_00124D18	scePad2Read	recovered	NTSC config/symbols.txt	scePad2Read at US 0x124BD8 (hand-named); US/PAL size alignment	
func_001281E8	decode_motion_vector	candidate	Lombyte recovered_names.json	proposal (medium, sdk/library) at US 0x1280A8; US/PAL size alignment	
func_0012BD60	reserve_aligned_buffer_space	descriptive	Lombyte recovered_names.json	proposal (high, runtime/memory) at US 0x12BC20; US/PAL size alignment	
func_0012D500	decode_bcd_time_fields	descriptive	Lombyte recovered_names.json	proposal (high, runtime/time) at US 0x12D3C0; US/PAL size alignment	
func_0012D568	encode_bcd_time_fields	descriptive	Lombyte recovered_names.json	proposal (high, runtime/time) at US 0x12D428; US/PAL size alignment	
func_0012D868	_start	recovered	config/symbol_names.txt	core tail: entry-point shift +0x140 onto a PAL function start	
func_0012DA28	_exit	recovered	config/symbol_names.txt	core tail: entry-point shift +0x140 onto a PAL function start	
func_0012DA30	_exit	candidate	NTSC config/symbols.txt	_exit at US 0x12D8E8 (hand-named); US/PAL size alignment; name already taken by func_0012DA28	_exit
func_0012DA38	ParseBin	recovered	config/symbol_names.txt	core tail: entry-point shift +0x140 onto a PAL function start	parse_bin
func_0012DB18	main	recovered	config/symbol_names.txt	core tail: entry-point shift +0x140 onto a PAL function start	run_game_main_loop
func_0012DB68	snd_StartSoundSystem	recovered	config/symbol_names.txt	core tail: entry-point shift +0x140 onto a PAL function start	snd_start_sound_system
func_0012DDC0	snd_FlushSoundCommands	recovered	config/symbol_names.txt	core tail: entry-point shift +0x140 onto a PAL function start	snd_flush_sound_commands
func_0012DFB0	snd_GotReturns	recovered	config/symbol_names.txt	core tail: entry-point shift +0x140 onto a PAL function start	
func_0012E038	snd_PrepareReturnBuffer	recovered	config/symbol_names.txt	core tail: entry-point shift +0x140 onto a PAL function start	
func_0012E2E8	snd_ResolveBankXREFS	recovered	NTSC config/symbols.txt	snd_ResolveBankXREFS at US 0x12E1A8 (hand-named); US/PAL size alignment	snd_resolve_bank_xrefs
func_0012E318	snd_UnloadBank	recovered	config/symbol_names.txt	core tail: entry-point shift +0x140 onto a PAL function start	snd_unload_bank
func_0012E348	snd_SetMasterVolume	recovered	config/symbol_names.txt	core tail: entry-point shift +0x140 onto a PAL function start	snd_set_master_volume
func_0012E380	snd_SetPlaybackMode	recovered	config/symbol_names.txt	core tail: entry-point shift +0x140 onto a PAL function start	snd_set_playback_mode
func_0012E3F8	snd_SetGroupVoiceRange	recovered	config/symbol_names.txt	core tail: entry-point shift +0x140 onto a PAL function start	
func_0012E4F8	snd_StopAllSounds	recovered	NTSC config/symbols.txt	snd_StopAllSounds at US 0x12E3B8 (hand-named); US/PAL size alignment	snd_stop_all_sounds
func_0012E528	snd_PauseAllSoundsInGroup	recovered	config/symbol_names.txt	core tail: entry-point shift +0x140 onto a PAL function start	snd_pause_all_sounds_in_group
func_0012E558	snd_ContinueAllSoundsInGroup	recovered	config/symbol_names.txt	core tail: entry-point shift +0x140 onto a PAL function start	snd_continue_all_sounds_in_group
func_0012E588	snd_SoundIsStillPlaying_CB	recovered	config/symbol_names.txt	core tail: entry-point shift +0x140 onto a PAL function start	snd_sound_is_still_playing_cb
func_0012E688	snd_SendIOPCommandAndWait	recovered	config/symbol_names.txt	core tail: entry-point shift +0x140 onto a PAL function start	snd_send_iop_command_and_wait
func_0012E820	snd_SendIOPCommandNoWait	recovered	config/symbol_names.txt	core tail: entry-point shift +0x140 onto a PAL function start	snd_send_iop_command_no_wait
func_0012EAE0	snd_PostMessage	recovered	config/symbol_names.txt	core tail: entry-point shift +0x140 onto a PAL function start	snd_post_message
func_0012EB18	snd_SendCurrentBatch	recovered	config/symbol_names.txt	core tail: entry-point shift +0x140 onto a PAL function start	snd_send_current_batch
func_0012EC40	snd_reset_state_and_flush_commands	candidate	Lombyte recovered_names.json	proposal (medium, audio/rpc) at US 0x12EB00; US/PAL size alignment	
func_0012EC60	snd_InitVAGStreamingEx	recovered	config/symbol_names.txt	core tail: entry-point shift +0x140 onto a PAL function start	snd_init_vag_streaming_ex
func_0012ED10	snd_StopAllStreams	recovered	config/symbol_names.txt	core tail: entry-point shift +0x140 onto a PAL function start	snd_stop_all_streams
func_0012ED48	snd_PlayVAGStreamByLocEx_CB	recovered	NTSC config/symbols.txt	snd_PlayVAGStreamByLocEx_CB at US 0x12EC08 (hand-named); US/PAL size alignment	snd_play_vag_stream_by_loc_ex_cb
func_0012EDB0	snd_PauseVAGStream	recovered	config/symbol_names.txt	core tail: entry-point shift +0x140 onto a PAL function start	snd_pause_vag_stream
func_0012EDE0	snd_ContinueVAGStream	recovered	config/symbol_names.txt	core tail: entry-point shift +0x140 onto a PAL function start	snd_continue_vag_stream
func_0012EE10	snd_GetVAGStreamTimeRemaining_CB	recovered	config/symbol_names.txt	core tail: entry-point shift +0x140 onto a PAL function start	snd_get_vag_stream_time_remaining_cb
func_0012EE40	snd_IsVAGStreamBuffered_CB	recovered	config/symbol_names.txt	core tail: entry-point shift +0x140 onto a PAL function start	snd_is_vag_stream_buffered_cb
func_0012EE70	snd_StreamSafeCheckCDIdle	recovered	config/symbol_names.txt	core tail: entry-point shift +0x140 onto a PAL function start	snd_stream_safe_check_cd_idle
func_0012EE98	snd_StreamSafeCdRead	recovered	config/symbol_names.txt	core tail: entry-point shift +0x140 onto a PAL function start	snd_stream_safe_cd_read
func_0012EF48	snd_StreamSafeCdSync	recovered	config/symbol_names.txt	core tail: entry-point shift +0x140 onto a PAL function start	snd_stream_safe_cd_sync
func_0012EFE8	snd_StreamSafeCdBreak	recovered	config/symbol_names.txt	core tail: entry-point shift +0x140 onto a PAL function start	snd_stream_safe_cd_break
func_0012F030	snd_StreamSafeCdGetError	recovered	config/symbol_names.txt	core tail: entry-point shift +0x140 onto a PAL function start	snd_stream_safe_cd_get_error
func_0012F068	snd_StreamSafeCdCallback	recovered	config/symbol_names.txt	core tail: entry-point shift +0x140 onto a PAL function start	snd_stream_safe_cd_callback
func_0012F0E8	snd_PreAllocReverbWorkArea	recovered	config/symbol_names.txt	core tail: entry-point shift +0x140 onto a PAL function start	
func_0012F120	snd_AutoReverb	recovered	config/symbol_names.txt	core tail: entry-point shift +0x140 onto a PAL function start	
func_0012F1E8	snd_ResetMovieSound	recovered	config/symbol_names.txt	core tail: entry-point shift +0x140 onto a PAL function start	
func_0012F248	snd_StartMovieSound	recovered	config/symbol_names.txt	core tail: entry-point shift +0x140 onto a PAL function start	
func_0012F288	snd_UpdateMovieADPCM	recovered	NTSC config/symbols.txt	snd_UpdateMovieADPCM at US 0x12F148 (hand-named); US/PAL size alignment	snd_update_movie_adpcm
func_0012F2B8	snd_GetMovieNAX	recovered	config/symbol_names.txt	core tail: entry-point shift +0x140 onto a PAL function start	snd_get_movie_nax
func_0012F2E0	snd_GetDopplerPitchMod	recovered	config/symbol_names.txt	core tail: entry-point shift +0x140 onto a PAL function start	doppler_pitch_mod
func_0012F308	vsync_callback	recovered	config/symbol_names.txt	core tail: entry-point shift +0x140 onto a PAL function start	count_vsync
func_0012F348	wad_GetSectors_FiiPv	recovered	config/symbol_names.txt	core tail: entry-point shift +0x140 onto a PAL function start	wad_get_sectors
func_0012F3F8	load_disc_sectors_into_global_buffer	descriptive	Lombyte recovered_names.json	proposal (high, storage/cd) at US 0x12F2B8; US/PAL size alignment	
func_0012F4A8	read_file_entry_with_retry	descriptive	Lombyte recovered_names.json	proposal (high, storage/cd) at US 0x12F368; US/PAL size alignment	
func_001E9088	actuator_CalcPower	recovered	config/symbol_names.txt	text: NTSC/PAL function-size alignment	
func_001E94E8	LoadPifAsPSMT8H	recovered	config/symbol_names.txt	text: NTSC/PAL function-size alignment	load_pif_as_psmt8_h
func_001E96B8	LoadDebugFont	recovered	config/symbol_names.txt	text: NTSC/PAL function-size alignment	
func_001E9730	STUB_printf	recovered	NTSC config/symbols.txt	STUB_printf at US 0x1E93B0 (hand-named); US/PAL size alignment	
func_001E9808	showDebugFont	descriptive	NTSC config/symbols.txt	showDebugFont__Fi at US 0x1E9488 (2026-09 naming loop); US/PAL size alignment	start_level
func_001E9E70	Transition_DrawSky	recovered	config/symbol_names.txt	text: NTSC/PAL function-size alignment	
func_001EB300	Help_LoadMsgs	descriptive	NTSC config/symbols.txt	Help_LoadMsgs__Fi at US 0x1EAF50 (2026-09 naming loop); US/PAL size alignment	
func_001EB338	Transition_UpdateMovieCamera	recovered	config/symbol_names.txt	text: NTSC/PAL function-size alignment	transition_update_movie_camera
func_001EB7C0	Transition_DefaultDraw	recovered	config/symbol_names.txt	text: NTSC/PAL function-size alignment	transition_default_draw
func_001EBAF0	is_active_state_entry	candidate	Lombyte recovered_names.json	proposal (medium, gameplay/state) at US 0x1EB740; US/PAL size alignment	
func_001EC038	BackupCurrentCam	recovered	config/symbol_names.txt	text: NTSC/PAL function-size alignment	backup_current_cam
func_001EC098	ExecuteCamPostUpdFuncs	recovered	config/symbol_names.txt	text: NTSC/PAL function-size alignment	
func_001EC120	Cam_InterpValues	recovered	config/symbol_names.txt	text: NTSC/PAL function-size alignment	cam_interp_values
func_001EC210	Camera_handleCollWithHero	recovered	config/symbol_names.txt	text: NTSC/PAL function-size alignment	handle_camera_collision_with_hero
func_001EC270	Camera_runSetupToNewCam	recovered	config/symbol_names.txt	text: NTSC/PAL function-size alignment	update_moby
func_001EC5B8	Camera_ActivationCheckPriority	recovered	config/symbol_names.txt	text: NTSC/PAL function-size alignment	camera_activation_check_priority
func_001EC780	Camera_Exit	recovered	config/symbol_names.txt	text: NTSC/PAL function-size alignment	draw_moby
func_001EC7C8	UpdateAllCameras	recovered	NTSC config/symbols.txt	UpdateAllCameras__Fi at US 0x1EC420 (hand-named); US/PAL size alignment	update_all_cameras
func_001EC8D8	Camera_Pos2Polar3d	descriptive	NTSC config/symbols.txt	Camera_Pos2Polar3d__FP7PolarSmP4vec4N41 at US 0x1EC530 (2026-09 naming loop); US/PAL size alignment	compute_camera_angles
func_001ECAB8	capture_camera_orientation	candidate	Lombyte recovered_names.json	proposal (medium, gameplay/camera) at US 0x1EC710; US/PAL size alignment	
func_001ECB98	Camera_stagePendingTransform	descriptive	NTSC config/symbols.txt	Camera_stagePendingTransform__Fv at US 0x1EC7F0 (2026-09 naming loop); US/PAL size alignment	save_camera_vectors
func_001ECC10	Camera_commitPendingTransform	descriptive	NTSC config/symbols.txt	Camera_commitPendingTransform__Fv at US 0x1EC868 (2026-09 naming loop); US/PAL size alignment	restore_camera_vectors
func_001ECC48	start_camera_blend	candidate	Lombyte recovered_names.json	proposal (medium, gameplay/camera) at US 0x1EC8A0; US/PAL size alignment	
func_001ECEA0	step_camera_blend	candidate	Lombyte recovered_names.json	proposal (medium, gameplay/camera) at US 0x1ECAF8; US/PAL size alignment	
func_001ED080	camera_update	candidate	ReRAC doc_names.csv	suggested at US boot 0x1ECCD8 (docs/plan/game_camera_fog.md:31): doc name CameraUpdate; US/PAL size alignment	
func_001ED658	update_camera_blend	candidate	Lombyte recovered_names.json	proposal (medium, gameplay/camera) at US 0x1ED2B0; US/PAL size alignment	
func_001ED708	apply_camera_shake	candidate	Lombyte recovered_names.json	proposal (medium, gameplay/camera) at US 0x1ED360; US/PAL size alignment	
func_001ED818	CameraPreUpdate	candidate	ReRAC doc_names.csv	suggested at US level 01 0x20E670 (docs/plan/player_controller.md:260): coined: computes up vectors; hero move dir/speed; fingerprint	
func_001EDB98	update_camera_underwater_flag	candidate	Lombyte recovered_names.json	proposal (medium, gameplay/camera) at US 0x1ED7F0; US/PAL size alignment	UnderwaterTest
func_001EDE50	UpdateCamera	descriptive	NTSC config/symbols.txt	UpdateCamera__Fv at US 0x1EDAA8 (2026-09 naming loop); US/PAL size alignment	update_camera
func_001EDFF8	LensFlareDraw	candidate	ReRAC doc_names.csv	suggested at US level 01 0x20F480 (docs/plan/particles.md:170): coined: lens-flare pass (FX textures); not a particle; fingerprint	
func_001EE3B0	spawn_particle_burst	candidate	Lombyte recovered_names.json	proposal (medium, rendering/effects) at US 0x1EE008; US/PAL size alignment	
func_001EE858	EnvFogUpdate	candidate	ReRAC doc_names.csv	suggested at US level 01 0x2102B8 (docs/plan/world_animation.md:204): coined: level copy of fun_001ee4b0; fingerprint	update_fog_zones
func_001F0F30	draw_resetTextureDmaState	descriptive	NTSC config/symbols.txt	draw_resetTextureDmaState__Fv at US 0x1F0B88 (2026-09 naming loop); US/PAL size alignment	
func_001F0F78	print_debug_text	candidate	Lombyte recovered_names.json	proposal (medium, rendering/debug) at US 0x1F0BD0; US/PAL size alignment	
func_001F0FF8	print_debug_text_centered	candidate	Lombyte recovered_names.json	proposal (medium, rendering/debug) at US 0x1F0C50; US/PAL size alignment	
func_001F2418	projectWorldPoint	descriptive	NTSC config/symbols.txt	projectWorldPoint__FPfT0 at US 0x1F2070 (2026-09 naming loop); US/PAL size alignment	project_to_screen,world_to_screen
func_001F2568	ResetVideoPipeline	descriptive	NTSC config/symbols.txt	ResetVideoPipeline__Fv at US 0x1F21C0 (2026-09 naming loop); US/PAL size alignment	reset_graphics
func_001F2608	build_rotation_view_proj	candidate	ReRAC doc_names.csv	suggested at US boot 0x1F2260 (docs/plan/sky_render_notes.md:61): doc name BuildRotationViewProj; US/PAL size alignment	
func_001F2930	UpdateFog	recovered	config/symbol_names.txt	text: NTSC/PAL function-size alignment	update_fog
func_001F2A38	ParseOcclGrid	recovered	config/symbol_names.txt	text: NTSC/PAL function-size alignment	parse_occl_grid,parse_occlusion_grid
func_001F2B10	GetOcclGridFromPair	recovered	config/symbol_names.txt	text: NTSC/PAL function-size alignment	get_occl_grid_from_pair,get_occlusion_grid_from_pair
func_001F2BC8	BuildOcclVisibility	recovered	config/symbol_names.txt	text: NTSC/PAL function-size alignment	build_occl_visibility,build_occlusion_visibility
func_001F2FB8	UpdateOcclusion	recovered	config/symbol_names.txt	text: NTSC/PAL function-size alignment	update_occlusion
func_001F3008	InitViewContext	recovered	config/symbol_names.txt	text: NTSC/PAL function-size alignment	init_view_context
func_001F3140	UpdateViewContext	recovered	config/symbol_names.txt	text: NTSC/PAL function-size alignment	update_view_context
func_001F3760	set_render_to_texture_view	candidate	ReRAC doc_names.csv	suggested at US boot 0x1F33B8 (docs/plan/game_camera_fog.md:21): doc name SetRenderToTextureView; US/PAL size alignment	
func_001F3890	SetPalMode	recovered	config/symbol_names.txt	text: NTSC/PAL function-size alignment	set_pal_mode
func_001F3B90	ResetDrawGlobals	recovered	config/symbol_names.txt	text: NTSC/PAL function-size alignment	reset_callback_registries
func_001F3C10	ResetGsRegisters	recovered	config/symbol_names.txt	text: NTSC/PAL function-size alignment	reset_gs_registers
func_001F3D00	ResetGsRegistersPr	recovered	config/symbol_names.txt	text: NTSC/PAL function-size alignment	reset_gs_registers_pr
func_001F3D78	DrawDebugProfiler	recovered	config/symbol_names.txt	text: NTSC/PAL function-size alignment	DrawWorld,draw_debug_profiler,draw_world
func_001F45F0	drawNormalFrame	descriptive	NTSC config/symbols.txt	drawNormalFrame__Fv at US 0x1F4248 (2026-09 naming loop); US/PAL size alignment	prepare_debug_profiler_render
func_001F4630	SetupGifPaging	recovered	config/symbol_names.txt	text: NTSC/PAL function-size alignment	setup_gif_paging
func_001F4748	DoGifPaging	recovered	config/symbol_names.txt	text: NTSC/PAL function-size alignment	do_gif_paging
func_001F4868	GetEffectTex	recovered	config/symbol_names.txt	text: NTSC/PAL function-size alignment	get_effect_texture
func_001F49B0	AddDrawCallback	descriptive	NTSC config/symbols.txt	AddDrawCallback__FUiUi at US 0x1F4600 (2026-09 naming loop); US/PAL size alignment	RegisterDrawCallback,RegisterDrawCallback2,enqueue_callback_list_1
func_001F4A00	ExecuteDrawCallbacks	descriptive	NTSC config/symbols.txt	ExecuteDrawCallbacks__Fv at US 0x1F4650 (2026-09 naming loop); US/PAL size alignment	RunDrawCallbacksPostMoby,RunDrawCallbacksPostPart,RunDrawCallbacksPostShrub,RunDrawCallbacksPostTie,dispatch_callback_list_1
func_001F4A78	ExecuteDrawCallbacks3	descriptive	NTSC config/symbols.txt	ExecuteDrawCallbacks3__Fv at US 0x1F46C8 (2026-09 naming loop); US/PAL size alignment	dispatch_callback_list_2
func_001F4AF0	ExecuteDrawCallbacks4	descriptive	NTSC config/symbols.txt	ExecuteDrawCallbacks4__Fv at US 0x1F4740 (2026-09 naming loop); US/PAL size alignment	dispatch_callback_list_3
func_001F4B68	enqueue_callback_list_4	descriptive	Lombyte recovered_names.json	proposal (high, gameplay/callbacks) at US 0x1F47B8; US/PAL size alignment	
func_001F4BB8	ExecuteDrawCallbacks2	descriptive	NTSC config/symbols.txt	ExecuteDrawCallbacks2__Fv at US 0x1F4808 (2026-09 naming loop); US/PAL size alignment	dispatch_callback_list_4
func_001F4C30	draw_light_quads	candidate	Lombyte recovered_names.json	proposal (medium, rendering/effects) at US 0x1F4880; US/PAL size alignment	
func_001F4E08	FadeToBlack	recovered	config/symbol_names.txt	text: NTSC/PAL function-size alignment	fade_to_black
func_001F4F90	draw_subtitles	candidate	Lombyte recovered_names.json	proposal (medium, ui/text) at US 0x1F4BE0; US/PAL size alignment	
func_001F5148	draw_letterbox_bars	candidate	Lombyte recovered_names.json	proposal (medium, rendering/effects) at US 0x1F4D98; US/PAL size alignment	draw_screen_fade
func_001F5368	DrawScreenEffect	descriptive	NTSC config/symbols.txt	DrawScreenEffect__Fv at US 0x1F4FB8 (2026-09 naming loop); US/PAL size alignment	
func_001F54E8	draw_fogged_fullscreen_sprite	descriptive	Lombyte recovered_names.json	proposal (high, rendering/effects) at US 0x1F5138; US/PAL size alignment	
func_001F55C0	emit_rgba_draw_packet	descriptive	Lombyte recovered_names.json	proposal (high, rendering/packets) at US 0x1F5210; US/PAL size alignment	
func_001F5650	DrawRectOverlay_FiiiiUl	recovered	config/symbol_names.txt	text: NTSC/PAL function-size alignment	DrawRectOverlay,draw_rect_overlay
func_001F5800	DrawTexturedQuad	recovered	config/symbol_names.txt	text: NTSC/PAL function-size alignment	draw_textured_quad
func_001F5988	draw_bone_quads	candidate	ReRAC doc_names.csv	suggested at US boot 0x1F55D8 (docs/plan/menus.md:205): doc name DrawBoneQuads; US/PAL size alignment	
func_001F62C8	DrawUIFrame	recovered	config/symbol_names.txt	text: NTSC/PAL function-size alignment	draw_ui_frame
func_001F6410	draw_outlined_rect	candidate	Lombyte recovered_names.json	proposal (medium, rendering) at US 0x1F6060; US/PAL size alignment	
func_001F65B0	measure_text_width	descriptive	Lombyte recovered_names.json	proposal (high, ui/text) at US 0x1F6200; US/PAL size alignment	
func_001F6600	measure_text_width_regular	candidate	Lombyte recovered_names.json	proposal (medium, ui/text) at US 0x1F6250; US/PAL size alignment	
func_001F6620	measure_text_width_small	candidate	Lombyte recovered_names.json	proposal (medium, ui/text) at US 0x1F6270; US/PAL size alignment	
func_001F6640	measure_text_width_large	candidate	Lombyte recovered_names.json	proposal (medium, ui/text) at US 0x1F6290; US/PAL size alignment	
func_001F6668	FontPrint	recovered	config/symbol_names.txt	text: NTSC/PAL function-size alignment	font_print
func_001F68E8	FontPrintLarge	recovered	config/symbol_names.txt	text: NTSC/PAL function-size alignment	FontPrintSmall,font_print_large
func_001F6968	FontPrintSmall	recovered	config/symbol_names.txt	text: NTSC/PAL function-size alignment	font_print_small
func_001F69F0	process_bgm_display_text_event	candidate	Lombyte recovered_names.json	proposal (medium, audio/music) at US 0x1F6638; US/PAL size alignment	FontPrintWindowFloat
func_001F6CF8	font_print_right	descriptive	Lombyte recovered_names.json	proposal (high, ui/text) at US 0x1F6940; US/PAL size alignment	FontPrintLargeRight,FontPrintRegularRight,FontPrintSmallRight
func_001F6D88	font_print_right_small	descriptive	Lombyte recovered_names.json	proposal (high, ui/text) at US 0x1F69D0; US/PAL size alignment	
func_001F6E18	font_print_right_large	descriptive	Lombyte recovered_names.json	proposal (high, ui/text) at US 0x1F6A60; US/PAL size alignment	
func_001F6EA8	FontPrintCenter	recovered	config/symbol_names.txt	text: NTSC/PAL function-size alignment	FontPrintLargeCentre,FontPrintRegularCentre,FontPrintSmallCentre,font_print_center
func_001F6F40	FontPrintCenterSmall	recovered	config/symbol_names.txt	text: NTSC/PAL function-size alignment	font_print_center_small
func_001F6FD8	FontPrintCenterLarge	recovered	config/symbol_names.txt	text: NTSC/PAL function-size alignment	font_print_center_large
func_001F7070	FontPrintWindow	recovered	config/symbol_names.txt	text: NTSC/PAL function-size alignment	font_print_window
func_001F7560	font_print_window_regular	candidate	Lombyte recovered_names.json	proposal (medium, ui/text) at US 0x1F7580; US/PAL size alignment	FontPrintSmallWindow
func_001F7648	FontSetWindow	recovered	config/symbol_names.txt	text: NTSC/PAL function-size alignment	
func_001F7868	DrawSpriteHelper_A	candidate	ReRAC doc_names.csv	suggested at US level 01 0x21E340 (docs/plan/render_pipeline.md:16): coined: billboard/sprite draw helper using VU1 prog 0x10e818; fingerprint	setup_water_strip_vu1
func_001F7B40	begin_draw_frame	candidate	Lombyte recovered_names.json	proposal (medium, rendering/state) at US 0x1F7978; US/PAL size alignment	
func_001F7BF8	buildBitSwapLut	descriptive	NTSC config/symbols.txt	buildBitSwapLut__Fv at US 0x1F7A30 (2026-09 naming loop); US/PAL size alignment	initialize_alpha_lookup_table
func_001F7C60	FastIntersectVert	recovered	NTSC config/symbols.txt	FastIntersectVert at US 0x1F7A98 (hand-named); US/PAL size alignment	
func_001F84AC	writeSetupBlock	recovered	NTSC config/symbols.txt	writeSetupBlock at US 0x1F82E4 (hand-named); US/PAL size alignment	
func_001F852C	writeGSHeader	recovered	NTSC config/symbols.txt	writeGSHeader at US 0x1F8364 (hand-named); US/PAL size alignment	
func_001F856C	ScisAndRender	recovered	NTSC config/symbols.txt	ScisAndRender at US 0x1F83A4 (hand-named); US/PAL size alignment	
func_001F9850	scale_ticks	descriptive	ReRAC doc_names.csv	verified at US boot 0x1F96F8 (docs/plan/menus.md:6): doc name ScaleTicks; US/PAL size alignment	ticks
func_001F9908	FastDecTimer	candidate	NTSC config/symbols.txt	FastDecTimer__FRi at US 0x1F9740 (hand-named); US/PAL size alignment; name already taken by func_001F9938	FastDecTimer
func_001F9938	FastDecTimer	recovered	NTSC config/symbols.txt	FastDecTimer__FRs at US 0x1F9770 (hand-named); US/PAL size alignment	
func_001F9968	log2dim	descriptive	NTSC config/symbols.txt	log2dim at US 0x1F97A0 (2026-09 naming loop); US/PAL size alignment	log2_plzcw
func_001F99B0	FastMemSet	recovered	NTSC config/symbols.txt	FastMemSet at US 0x1F97E8 (hand-named); US/PAL size alignment	fill_transfer_words
func_001F99D8	FastMemZero16	recovered	NTSC config/symbols.txt	FastMemZero16__FPvi at US 0x1F9810 (hand-named); US/PAL size alignment	
func_001F9A98	FastMemCopy	recovered	NTSC config/symbols.txt	FastMemCopy at US 0x1F98D0 (hand-named); US/PAL size alignment	
func_001F9AC0	FastMemOr16	descriptive	NTSC config/symbols.txt	FastMemOr16__FPvN20i at US 0x1F98F8 (2026-09 naming loop); US/PAL size alignment	
func_001F9AF0	write_dma_channel	descriptive	ReRAC doc_names.csv	verified at US level 01 0x221090 (docs/plan/render_pipeline.md:27): SPR_FROM (D8) scratchpad to main copy; fingerprint	
func_001F9B50	vec_length	candidate	ReRAC doc_names.csv	suggested at US boot 0x1F9988 (docs/plan/world_animation.md:140): doc name VecLength; US/PAL size alignment	
func_001F9B88	FastAbsF	descriptive	NTSC config/symbols.txt	FastAbsF at US 0x1F99C0 (2026-09 naming loop); US/PAL size alignment	
func_001F9BC0	clear_u64_value	descriptive	Lombyte recovered_names.json	proposal (high, runtime/memory) at US 0x1F99F8; US/PAL size alignment	
func_001F9BD8	FastVecAdd	descriptive	NTSC config/symbols.txt	FastVecAdd at US 0x1F9A10 (2026-09 naming loop); US/PAL size alignment	VecAdd,vec_add
func_001F9BF0	FastVecSub	recovered	NTSC config/symbols.txt	FastVecSub at US 0x1F9A28 (hand-named); US/PAL size alignment	VecSub
func_001F9C30	FastVecScale	descriptive	NTSC config/symbols.txt	FastVecScale at US 0x1F9A68 (2026-09 naming loop); US/PAL size alignment	VecScale
func_001F9C48	vec_scale	candidate	ReRAC doc_names.csv	suggested at US boot 0x1F9A80 (docs/plan/tie_lighting.md:31): doc name VecScale; US/PAL size alignment	
func_001F9C78	FastVecDot	recovered	NTSC config/symbols.txt	FastVecDot at US 0x1F9AB0 (hand-named); US/PAL size alignment	
func_001F9CA0	FastVecCross	recovered	NTSC config/symbols.txt	FastVecCross at US 0x1F9AD8 (hand-named); US/PAL size alignment	
func_001F9CB8	FastVecLength	recovered	NTSC config/symbols.txt	FastVecLength at US 0x1F9AF0 (hand-named); US/PAL size alignment	
func_001F9D10	FastVecDist	descriptive	NTSC config/symbols.txt	FastVecDist at US 0x1F9B48 (2026-09 naming loop); US/PAL size alignment	VecDistance
func_001F9D48	VecDistance2	candidate	ReRAC doc_names.csv	suggested at US level 01 0x221398 (docs/plan/moby_update_catalogue.md:299): coined: distance (second variant); fingerprint	
func_001F9EC0	matrix_mul_vec3	candidate	ReRAC doc_names.csv	suggested at US boot 0x1F9CF8 (docs/plan/tie_lighting.md:31): doc name MatrixMulVec3; US/PAL size alignment	
func_001F9F18	FastVectorFromPackedChars	recovered	NTSC config/symbols.txt	FastVectorFromPackedChars__FR4vec4i at US 0x1F9D50 (hand-named); US/PAL size alignment	
func_001F9F30	FastVectorToPackedChars	recovered	NTSC config/symbols.txt	FastVectorToPackedChars__FR4vec4 at US 0x1F9D68 (hand-named); US/PAL size alignment	
func_001F9F60	FastCountChars	recovered	NTSC config/symbols.txt	FastCountChars__FPvi at US 0x1F9D98 (hand-named); US/PAL size alignment	
func_001F9F90	FastCos	recovered	NTSC config/symbols.txt	FastCos at US 0x1F9DC8 (hand-named); US/PAL size alignment	
func_001F9FA8	FastSin	recovered	NTSC config/symbols.txt	FastSin__Ff at US 0x1F9DE0 (hand-named); US/PAL size alignment	
func_001F9FC0	FastArcSin	recovered	NTSC config/symbols.txt	FastArcSin__Ff at US 0x1F9DF8 (hand-named); US/PAL size alignment	
func_001FA218	euler_to_matrix	candidate	ReRAC doc_names.csv	suggested at US boot 0x1FA050 (docs/plan/player_controller.md:54): doc name EulerToMatrix; US/PAL size alignment	
func_001FA480	matrix_copy_rows	candidate	ReRAC doc_names.csv	suggested at US boot 0x1FA2B8 (docs/formats/moby_rac1.md:73): doc name MatrixCopyRows; US/PAL size alignment	
func_001FA540	sce_vu0_mul_matrix	descriptive	ReRAC doc_names.csv	verified at US boot 0x1FA378 (docs/plan/game_camera_fog.md:22): doc name sceVu0MulMatrix; US/PAL size alignment	
func_001FA748	FastAddRots	recovered	NTSC config/symbols.txt	FastAddRots__Fff at US 0x1FA580 (hand-named); US/PAL size alignment	AngleAdd,fast_add_rotations
func_001FA790	FastSubRots	recovered	NTSC config/symbols.txt	FastSubRots__Fff at US 0x1FA5C8 (hand-named); US/PAL size alignment	fast_subtract_rotations
func_001FA7D8	FastNormalizeAngle	recovered	NTSC config/symbols.txt	FastNormalizeAngle at US 0x1FA610 (hand-named); US/PAL size alignment	fast_normalize_angle
func_001FA850	FastDiffRots	recovered	NTSC config/symbols.txt	FastDiffRots__Fff at US 0x1FA688 (hand-named); US/PAL size alignment	AngleDiff,fast_difference_between_rotations
func_001FA898	truncate_float_to_s32	descriptive	Lombyte recovered_names.json	proposal (high, math/conversion) at US 0x1FA6D0; US/PAL size alignment	
func_001FA8A8	FastTweenColor	recovered	NTSC config/symbols.txt	FastTweenColor at US 0x1FA6E0 (hand-named); US/PAL size alignment	
func_001FAB40	SetupFS_AA_buffer	recovered	NTSC config/symbols.txt	SetupFS_AA_buffer__Fiiiiii at US 0x1FA978 (hand-named); US/PAL size alignment	setup_fs_aa_buffer
func_001FB448	SetBackgroundColor	recovered	NTSC config/symbols.txt	SetBackgroundColor__Fiii at US 0x1FB280 (hand-named); US/PAL size alignment	set_background_color
func_001FB470	PutDispBuffer	recovered	config/symbol_names.txt	text: NTSC/PAL function-size alignment	put_disp_buffer
func_001FB498	PutDrawBufferLarge	recovered	config/symbol_names.txt	text: NTSC/PAL function-size alignment	append_draw_environment_packet
func_001FB530	framebuf_appendLargeSetup	descriptive	NTSC config/symbols.txt	framebuf_appendLargeSetup__Fv at US 0x1FB368 (2026-09 naming loop); US/PAL size alignment	append_gif_transfer_packet
func_001FB598	PutDrawBufferSmall	recovered	config/symbol_names.txt	text: NTSC/PAL function-size alignment	append_draw_buffer_packet
func_001FB848	AA_BlurPass	recovered	config/symbol_names.txt	text: NTSC/PAL function-size alignment	PutAABlitPacket_A,PutAABlitPacket_B,ReplayHudGsState,VU1_restoreGsRegs_A,VU1_restoreGsRegs_B,append_texture_transfer_packet
func_001FB8A8	framebuf_appendSmallSetup	descriptive	NTSC config/symbols.txt	framebuf_appendSmallSetup__Fv at US 0x1FB6E0 (2026-09 naming loop); US/PAL size alignment	append_palette_transfer_packet
func_001FBAB8	draw_framebuffer_rect	candidate	Lombyte recovered_names.json	proposal (medium, rendering/framebuffer) at US 0x1FB8F0; US/PAL size alignment	
func_001FE4D0	Help_FindIndex	recovered	config/symbol_names.txt	text: NTSC/PAL function-size alignment	find_help_message_index
func_001FE540	msg_string	recovered	config/symbol_names.txt	text: NTSC/PAL function-size alignment	get_help_message_text
func_001FE588	link_localized_display_text	candidate	Lombyte recovered_names.json	proposal (medium, ui/text) at US 0x1FDD58; US/PAL size alignment	Help_ComputeSize
func_001FE6C0	Help_Update	recovered	config/symbol_names.txt	text: NTSC/PAL function-size alignment	update_help_state
func_001FF0C8	Help_DrawPrompt	recovered	config/symbol_names.txt	text: NTSC/PAL function-size alignment	help_draw_prompt
func_001FF1B0	draw_help	candidate	Lombyte recovered_names.json	proposal (medium, ui/help) at US 0x1FE980; US/PAL size alignment	DrawHud2D_B
func_001FF4F8	find_help_entry	candidate	Lombyte recovered_names.json	proposal (medium, ui/help) at US 0x1FECC8; US/PAL size alignment	
func_001FF560	push_help_history	candidate	Lombyte recovered_names.json	proposal (medium, ui/help) at US 0x1FED30; US/PAL size alignment	
func_001FF668	Hud_GetIconIndex	recovered	config/symbol_names.txt	text: NTSC/PAL function-size alignment	find_animation_definition_index
func_001FF6B8	init_hud	candidate	Lombyte recovered_names.json	proposal (medium, ui/hud) at US 0x1FEE88; US/PAL size alignment	
func_001FF7F0	LinkHudBank	recovered	config/symbol_names.txt	text: NTSC/PAL function-size alignment	link_hud_bank
func_001FF958	Hud_SendResidentBank	recovered	config/symbol_names.txt	text: NTSC/PAL function-size alignment	hud_send_resident_bank
func_001FFA90	Hud_HeapReset	recovered	config/symbol_names.txt	text: NTSC/PAL function-size alignment	
func_001FFAB8	Hud_HeapAlloc	recovered	config/symbol_names.txt	text: NTSC/PAL function-size alignment	hud_heap_alloc
func_001FFB38	queue_animation_update	descriptive	Lombyte recovered_names.json	proposal (high, gameplay/animation) at US 0x1FF308; US/PAL size alignment	HudShow
func_001FFC48	apply_pending_animation	descriptive	Lombyte recovered_names.json	proposal (high, gameplay/animation) at US 0x1FF418; US/PAL size alignment	
func_001FFCB0	remove_hud_item	candidate	Lombyte recovered_names.json	proposal (medium, ui/hud) at US 0x1FF480; US/PAL size alignment	
func_001FFD30	load_animation_definition	descriptive	Lombyte recovered_names.json	proposal (high, gameplay/animation) at US 0x1FF500; US/PAL size alignment	
func_001FFDA0	set_animation_parameter	candidate	Lombyte recovered_names.json	proposal (medium, gameplay/animation) at US 0x1FF570; US/PAL size alignment	
func_001FFE88	copy_text_to_shared_buffer	descriptive	Lombyte recovered_names.json	proposal (high, ui/text) at US 0x1FF658; US/PAL size alignment	
func_001FFFB8	HudDraw	descriptive	ReRAC doc_names.csv	verified at US level 01 0x24FB50 (docs/plan/menus.md:223): HUD pass (named in hud_text.md); fingerprint	update_hud
func_00200198	GetIconFrame	recovered	config/symbol_names.txt	text: NTSC/PAL function-size alignment	find_valid_animation_frame_index
func_00200248	GetFrameTex	recovered	config/symbol_names.txt	text: NTSC/PAL function-size alignment	get_frame_texture
func_00200468	HudSprite	descriptive	ReRAC doc_names.csv	verified at US level 01 0x2500E0 (docs/plan/hud_text.md:79): (frame;x;y;w;h;a); fingerprint	draw_hud_sprite,hud_sprite
func_00200650	draw_hud_sprite_flipped	candidate	Lombyte recovered_names.json	proposal (medium, ui/hud) at US 0x1FFE18; US/PAL size alignment	HudSpriteRot180
func_002008B8	draw_hud_sprite_subpixel	candidate	Lombyte recovered_names.json	proposal (medium, ui/hud) at US 0x200080; US/PAL size alignment	
func_00200A90	draw_hud_sprite_uv	candidate	Lombyte recovered_names.json	proposal (medium, ui/hud) at US 0x200258; US/PAL size alignment	
func_00200E38	draw_rotated_sprite	candidate	Lombyte recovered_names.json	proposal (medium, ui/hud) at US 0x200600; US/PAL size alignment	
func_00201190	draw_hud_sprite_rect	candidate	Lombyte recovered_names.json	proposal (medium, ui/hud) at US 0x200958; US/PAL size alignment	
func_00201348	Hud_sendTexture	recovered	config/symbol_names.txt	text: NTSC/PAL function-size alignment	hud_send_texture
func_002014B8	draw_hud_rect	candidate	Lombyte recovered_names.json	proposal (medium, ui/hud) at US 0x200C80; US/PAL size alignment	
func_002017C8	draw_hud_rect_depth	candidate	Lombyte recovered_names.json	proposal (medium, ui/hud) at US 0x200F90; US/PAL size alignment	
func_00201960	draw_stretchable_ui_frame	descriptive	Lombyte recovered_names.json	proposal (high, ui/frames) at US 0x201128; US/PAL size alignment	DrawBarFrame
func_00201A38	draw_framed_text	candidate	Lombyte recovered_names.json	proposal (medium, ui/frames) at US 0x201200; US/PAL size alignment	DrawBanner
func_00201AF0	draw_bootImage	descriptive	NTSC config/symbols.txt	draw_bootImage__Fi at US 0x2012B8 (2026-09 naming loop); US/PAL size alignment	
func_00201D58	LoadIRXModule	recovered	config/symbol_names.txt	text: NTSC/PAL function-size alignment	load_irx_module
func_00201E10	InitMemSlots	recovered	config/symbol_names.txt	text: NTSC/PAL function-size alignment	init_mem_slots
func_00201E88	InitOnce	recovered	config/symbol_names.txt	text: NTSC/PAL function-size alignment	init_once
func_00202260	UpdateAllPointLights	recovered	config/symbol_names.txt	text: NTSC/PAL function-size alignment	update_all_point_lights
func_002023E0	CreatePointLight	recovered	config/symbol_names.txt	text: NTSC/PAL function-size alignment	create_point_light
func_00202790	RefreshPointLight	recovered	config/symbol_names.txt	text: NTSC/PAL function-size alignment	refresh_point_light
func_002027C0	DetachPointLight	recovered	config/symbol_names.txt	text: NTSC/PAL function-size alignment	detach_point_light
func_00202F00	ParseParticleTexs	recovered	config/symbol_names.txt	text: NTSC/PAL function-size alignment	parse_particle_texs,parse_particle_textures
func_00203038	unpack_point_records	candidate	Lombyte recovered_names.json	proposal (medium, world/loaders) at US 0x202800; US/PAL size alignment	
func_00203118	relocate_sky_definition	candidate	Lombyte recovered_names.json	proposal (medium, world/loaders) at US 0x2028E0; US/PAL size alignment	load_sky
func_002032D0	LoadHudBanks	recovered	config/symbol_names.txt	text: NTSC/PAL function-size alignment	load_hud_banks
func_00203548	LoadCompressedHudBank	recovered	config/symbol_names.txt	text: NTSC/PAL function-size alignment	load_compressed_hud_bank
func_002035B0	BuildMobyAdGif	candidate	ReRAC doc_names.csv	suggested at US level 01 0x254108 (docs/plan/moby_untextured.md:18): coined: level01 copy of fun_00202d78; fingerprint	build_moby_ad_gif
func_00203808	SetUpVisGifViewer	recovered	config/symbol_names.txt	text: NTSC/PAL function-size alignment	set_up_vis_gif_viewer
func_00203958	upload_texture_images	candidate	Lombyte recovered_names.json	proposal (medium, world/loaders) at US 0x203120; US/PAL size alignment	
func_00203B18	relocateObjectPointers	descriptive	NTSC config/symbols.txt	relocateObjectPointers at US 0x2032E0 (2026-09 naming loop); US/PAL size alignment	relocate_asset_entry_pointers
func_00203B70	MobyClassRelocate	candidate	ReRAC doc_names.csv	suggested at US level 01 0x2546C8 (docs/plan/moby_untextured.md:14): coined: level01 copy of fun_00203338; fingerprint	moby_class_relocate
func_00203E78	register_moby_class	candidate	Lombyte recovered_names.json	proposal (medium, world/loaders) at US 0x203640; US/PAL size alignment	MobyClassesRelocate,moby_classes_relocate
func_00203F68	tie_ad_gif_convert	candidate	ReRAC doc_names.csv	suggested at US boot 0x203730 (docs/plan/tie_lighting.md:75): doc name TieAdGifConvert; US/PAL size alignment	
func_00204340	shrub_class_init	candidate	ReRAC doc_names.csv	suggested at US boot 0x203B08 (docs/plan/shrub_lighting.md:209): doc name ShrubClassInit; US/PAL size alignment	
func_00204918	RelocateTfrags	candidate	ReRAC doc_names.csv	suggested at US level 01 0x255470 (docs/plan/trace_harness.md:64): coined: level01 copy of fun_002040e0; fingerprint	relocate_tfrags
func_00204FC0	update_world_object_animation	candidate	Lombyte recovered_names.json	proposal (medium, world/animation) at US 0x204790; US/PAL size alignment	
func_00205270	select_world_object_resource_tables	candidate	Lombyte recovered_names.json	proposal (medium, world/data) at US 0x204A40; US/PAL size alignment	
func_00205728	find_free_map_slot	candidate	Lombyte recovered_names.json	proposal (medium, ui/map) at US 0x204EF8; US/PAL size alignment	
func_00205790	promote_first_available_map_entry	candidate	Lombyte recovered_names.json	proposal (medium, ui/map) at US 0x204F60; US/PAL size alignment	
func_00205830	move_map_entry_slot	descriptive	Lombyte recovered_names.json	proposal (high, ui/map) at US 0x205000; US/PAL size alignment	
func_002058D0	findMapSlot	descriptive	NTSC config/symbols.txt	findMapSlot__Fi at US 0x2050A0 (2026-09 naming loop); US/PAL size alignment	find_map_entry_slot
func_00205918	pick_next_map	candidate	Lombyte recovered_names.json	proposal (medium, ui/map) at US 0x2050E8; US/PAL size alignment	
func_00205A50	find_id_in_terminated_table	descriptive	Lombyte recovered_names.json	proposal (high, world/data) at US 0x205220; US/PAL size alignment	
func_00205AA8	pick_map_slot_to_evict	candidate	Lombyte recovered_names.json	proposal (medium, ui/map) at US 0x205278; US/PAL size alignment	
func_00205C08	compose_bitmap_from_mask	descriptive	Lombyte recovered_names.json	proposal (high, rendering/texture) at US 0x2053D8; US/PAL size alignment	
func_00205C70	update_map_zoom_and_pan	candidate	Lombyte recovered_names.json	proposal (medium, ui/map) at US 0x205440; US/PAL size alignment	
func_00205E70	draw_map_overlay	candidate	Lombyte recovered_names.json	proposal (medium, ui/map) at US 0x205640; US/PAL size alignment	
func_00206F40	decode_map_mask	candidate	Lombyte recovered_names.json	proposal (medium, ui/map) at US 0x206710; US/PAL size alignment	
func_00207090	decode_map_rle_row	candidate	Lombyte recovered_names.json	proposal (medium, ui/map) at US 0x206860; US/PAL size alignment	
func_002071A8	hit_test_fixed_screen_rectangle	candidate	Lombyte recovered_names.json	proposal (medium, ui/menus) at US 0x206978; US/PAL size alignment	
func_00208AB0	format_menu_item_text	candidate	Lombyte recovered_names.json	proposal (medium, ui/menus) at US 0x208280; US/PAL size alignment	
func_00209048	menu_pointIsClockwise	descriptive	NTSC config/symbols.txt	menu_pointIsClockwise at US 0x208818 (2026-09 naming loop); US/PAL size alignment	
func_00209418	menu_post_preparePageOpen	descriptive	NTSC config/symbols.txt	menu_post_preparePageOpen__Fv at US 0x208AF8 (2026-09 naming loop); US/PAL size alignment	
func_00209CE8	memcard_RestoreGame	recovered	config/symbol_names.txt	text: NTSC/PAL function-size alignment	initialize_dma_packet_payloads
func_0020BA00	memcard_MakeWholeSave	recovered	config/symbol_names.txt	text: NTSC/PAL function-size alignment	memcard_make_whole_save
func_0020BAA8	memcard_Init	recovered	config/symbol_names.txt	text: NTSC/PAL function-size alignment	memcard_initialize
func_0020BAD8	memcard_GetDataSize	recovered	config/symbol_names.txt	text: NTSC/PAL function-size alignment	
func_0020BB10	memcard_Checksum	recovered	config/symbol_names.txt	text: NTSC/PAL function-size alignment	calculate_crc16
func_0020BB88	memcard_TestChecksum	recovered	config/symbol_names.txt	text: NTSC/PAL function-size alignment	validate_data_crc
func_0020BBC8	memcard_PrepData	recovered	config/symbol_names.txt	text: NTSC/PAL function-size alignment	memcard_prepare_data
func_0020BCB0	memcard_RestoreInfo	recovered	config/symbol_names.txt	text: NTSC/PAL function-size alignment	memcard_restore_info
func_0020BD70	memcard_RestoreData	recovered	config/symbol_names.txt	text: NTSC/PAL function-size alignment	memcard_restore_data
func_0020BFC8	memcard_Save	recovered	config/symbol_names.txt	text: NTSC/PAL function-size alignment	memcard_save_data
func_0020C210	DmaToSpr	recovered	NTSC config/symbols.txt	DmaToSpr at US 0x20B3C0 (hand-named); US/PAL size alignment	
func_0020C230	DmaToSprSync	recovered	NTSC config/symbols.txt	DmaToSprSync at US 0x20B3E0 (hand-named); US/PAL size alignment	dma_to_spr_sync
func_0020C268	InitDma	recovered	NTSC config/symbols.txt	InitDma at US 0x20B418 (hand-named); US/PAL size alignment	init_dma
func_0020C7A0	update_mission_list	candidate	Lombyte recovered_names.json	proposal (medium, gameplay/missions) at US 0x20B950; US/PAL size alignment	
func_0020C940	check_mission_condition	candidate	Lombyte recovered_names.json	proposal (medium, gameplay/missions) at US 0x20BAF0; US/PAL size alignment	
func_0020CA50	collect_mission_ids	candidate	Lombyte recovered_names.json	proposal (medium, gameplay/missions) at US 0x20BC00; US/PAL size alignment	
func_0020D348	CreateMoby	recovered	config/symbol_names.txt	text: NTSC/PAL function-size alignment	create_moby
func_0020D440	InitMobyInstance	recovered	config/symbol_names.txt	text: NTSC/PAL function-size alignment	init_moby_instance
func_0020D678	DeleteMoby	recovered	config/symbol_names.txt	text: NTSC/PAL function-size alignment	mark_moby_for_removal
func_0020D6D0	update_moby_animation_state	descriptive	Lombyte recovered_names.json	proposal (high, gameplay/animation) at US 0x20C880; US/PAL size alignment	
func_0020D790	update_moby_voice	candidate	Lombyte recovered_names.json	proposal (medium, gameplay/entities) at US 0x20C940; US/PAL size alignment	moby_loop_sound_refresh
func_0020D830	compute_interpolated_record_value	candidate	Lombyte recovered_names.json	proposal (medium, gameplay/state) at US 0x20C9E0; US/PAL size alignment	MobyAnimKeyTime
func_0020D960	AttachManipulator	recovered	config/symbol_names.txt	text: NTSC/PAL function-size alignment	attach_manipulator
func_0020D9D8	DetachManipulator	recovered	config/symbol_names.txt	text: NTSC/PAL function-size alignment	detach_manipulator
func_0020DA68	find_or_allocate_id_slot	candidate	Lombyte recovered_names.json	proposal (medium, gameplay/entities) at US 0x20CC18; US/PAL size alignment	
func_0020DAB0	prune_moby_references	candidate	Lombyte recovered_names.json	proposal (medium, gameplay/entities) at US 0x20CC60; US/PAL size alignment	
func_0020DAF8	MobyAttachToJoint	candidate	ReRAC doc_names.csv	suggested at US level 01 0x264508 (docs/formats/moby_rac1.md:69): coined: fun_0020cca8 attach rule; fingerprint	moby_attach_to_joint
func_0020DB98	transform_scaled_vertex_batch	candidate	Lombyte recovered_names.json	proposal (medium, rendering/geometry) at US 0x20CD48; US/PAL size alignment	MobyGetBoneMatrix
func_0020DC40	DmaMobyTextures	recovered	config/symbol_names.txt	text: NTSC/PAL function-size alignment	dma_moby_textures
func_0020DD48	PatchMobyGifs	recovered	config/symbol_names.txt	text: NTSC/PAL function-size alignment	patch_moby_gifs
func_0020DFF8	ProcessMobyAnimData	recovered	config/symbol_names.txt	text: NTSC/PAL function-size alignment	process_moby_anim_data
func_0020E040	InitMobyClassDists	recovered	config/symbol_names.txt	text: NTSC/PAL function-size alignment	init_moby_class_dists
func_0020E068	StashMobyClassDists	recovered	config/symbol_names.txt	text: NTSC/PAL function-size alignment	stash_moby_class_dists
func_0020E098	RestoreMobyClassDists	recovered	config/symbol_names.txt	text: NTSC/PAL function-size alignment	restore_moby_class_dists
func_0020E0C8	DrawMobysSetup	recovered	config/symbol_names.txt	text: NTSC/PAL function-size alignment	draw_mobys_setup
func_0020E180	DrawMobyList	recovered	config/symbol_names.txt	text: NTSC/PAL function-size alignment	draw_moby_list
func_0020E200	DrawMobysCleanUp	recovered	config/symbol_names.txt	text: NTSC/PAL function-size alignment	draw_mobys_clean_up
func_0020E2B0	DrawMobys	recovered	config/symbol_names.txt	text: NTSC/PAL function-size alignment	draw_mobys
func_0020EEE8	moby_anim_sphere_lerp	candidate	ReRAC doc_names.csv	suggested at US boot 0x20E098 (docs/plan/moby_animation.md:19): doc name MobyAnimSphereLerp; US/PAL size alignment	
func_002116A0	moby_mark_joint_chain	candidate	ReRAC doc_names.csv	suggested at US boot 0x210850 (docs/formats/moby_rac1.md:70): doc name MobyMarkJointChain; US/PAL size alignment	
func_00211808	moby_anim_eval_chain	descriptive	ReRAC doc_names.csv	verified at US boot 0x2109B8 (docs/formats/moby_rac1.md:70): doc name MobyAnimEvalChain; US/PAL size alignment	
func_00212578	MobyAnimProc	recovered	NTSC config/symbols.txt	MobyAnimProc at US 0x211728 (hand-named); US/PAL size alignment	moby_anim_proc
func_00213BB8	assign_moby_class_data	candidate	Lombyte recovered_names.json	proposal (medium, gameplay/entities) at US 0x212D68; US/PAL size alignment	MobyClassRegister,moby_class_register
func_00213C78	MobyUpdateLoop	candidate	ReRAC doc_names.csv	suggested at US level 01 0x2793D8 (docs/plan/moby_update_catalogue.md:35): coined: per-frame moby loop (anim advance; update fn; matrix); fingerprint	
func_00213D28	set_moby_animation	candidate	Lombyte recovered_names.json	proposal (medium, gameplay/animation) at US 0x212ED8; US/PAL size alignment	hard_cut,moby_change_sequence
func_00213DE0	blend_moby_animation	candidate	Lombyte recovered_names.json	proposal (medium, gameplay/animation) at US 0x212F90; US/PAL size alignment	MobyAnimBlend,moby_set_anim_snapshot
func_00213F28	blend_moby_animation_ex	candidate	Lombyte recovered_names.json	proposal (medium, gameplay/animation) at US 0x2130D8; US/PAL size alignment	MobyAnimBlendEx,moby_anim_blend_ex
func_002140B0	random_integer_below	descriptive	Lombyte recovered_names.json	proposal (high, math/random) at US 0x213260; US/PAL size alignment	randi
func_002140F8	random_float_between	descriptive	Lombyte recovered_names.json	proposal (high, math/random) at US 0x2132A8; US/PAL size alignment	randf
func_00214158	random_angle_radians	descriptive	Lombyte recovered_names.json	proposal (high, math/random) at US 0x213308; US/PAL size alignment	rand_angle
func_00214220	cosine_interpolate	candidate	Lombyte recovered_names.json	proposal (medium, math/interpolation) at US 0x2133D0; US/PAL size alignment	
func_00214358	probe_ground_height	candidate	Lombyte recovered_names.json	proposal (medium, gameplay/entities) at US 0x213508; US/PAL size alignment	GroundHeight
func_00214440	SetWaterLevel	candidate	ReRAC doc_names.csv	suggested at US level 01 0x26ED38 (docs/plan/collision_queries.md:83): coined: records water level into 0x13f640; fingerprint	
func_00214550	update_moby_shadow_range	candidate	Lombyte recovered_names.json	proposal (medium, gameplay/entities) at US 0x213700; US/PAL size alignment	
func_00214D28	approach_value	candidate	Lombyte recovered_names.json	proposal (medium, math/interpolation) at US 0x213ED8; US/PAL size alignment	Approach
func_00214F78	normalize_vector_triplet	descriptive	Lombyte recovered_names.json	proposal (high, math/vectors) at US 0x214128; US/PAL size alignment	NormaliseMatrixColumns
func_00215380	build_quaternion_from_axis_angle	descriptive	Lombyte recovered_names.json	proposal (high, math/rotations) at US 0x214530; US/PAL size alignment	
func_00215570	is_point_inside_clip_volume	descriptive	Lombyte recovered_names.json	proposal (high, rendering/culling) at US 0x214720; US/PAL size alignment	PointInCuboid
func_00215650	rotate_vector_by_quaternion	candidate	Lombyte recovered_names.json	proposal (medium, math/rotations) at US 0x214800; US/PAL size alignment	
func_002156E0	build_look_at_matrix	descriptive	Lombyte recovered_names.json	proposal (high, rendering/view) at US 0x214890; US/PAL size alignment	
func_00215A10	load_display_text_resource_entry	descriptive	Lombyte recovered_names.json	proposal (high, ui/text) at US 0x214BC0; US/PAL size alignment	
func_00215A98	round_float_to_decimal_places	descriptive	Lombyte recovered_names.json	proposal (high, math/conversion) at US 0x214C48; US/PAL size alignment	
func_00215B18	is_value_within_interpolated_window	candidate	Lombyte recovered_names.json	proposal (medium, gameplay/state) at US 0x214CC8; US/PAL size alignment	
func_00215C00	build_spherical_offset	candidate	Lombyte recovered_names.json	proposal (medium, gameplay/camera) at US 0x214DB0; US/PAL size alignment	
func_00215F80	try_set_help_message	descriptive	Lombyte recovered_names.json	proposal (high, ui/help) at US 0x215130; US/PAL size alignment	
func_00216028	force_help_message	descriptive	Lombyte recovered_names.json	proposal (high, ui/help) at US 0x2151D8; US/PAL size alignment	
func_00216098	compute_clamped_count_difference	candidate	Lombyte recovered_names.json	proposal (medium, ui/menus) at US 0x215248; US/PAL size alignment	
func_002160E0	count_nonzero_entries_up_to_40	descriptive	Lombyte recovered_names.json	proposal (high, ui/menus) at US 0x215290; US/PAL size alignment	
func_00216150	count_nonzero_entries_up_to_10	descriptive	Lombyte recovered_names.json	proposal (high, ui/menus) at US 0x215300; US/PAL size alignment	
func_00216198	count_nonzero_entries_up_to_30	descriptive	Lombyte recovered_names.json	proposal (high, ui/menus) at US 0x215348; US/PAL size alignment	
func_002161E0	reset_music	candidate	Lombyte recovered_names.json	proposal (medium, audio/music) at US 0x215390; US/PAL size alignment	MusicStreamInit
func_00216270	register_audio_stream_callback	descriptive	Lombyte recovered_names.json	proposal (high, audio/streaming) at US 0x215420; US/PAL size alignment	UpdatePad
func_00216290	music_start_track_60000	candidate	Lombyte recovered_names.json	proposal (medium, audio/music) at US 0x215440; US/PAL size alignment	
func_00216368	music_start_track_50000	candidate	Lombyte recovered_names.json	proposal (medium, audio/music) at US 0x215518; US/PAL size alignment	
func_00216450	music_start_track_40000	candidate	Lombyte recovered_names.json	proposal (medium, audio/music) at US 0x215600; US/PAL size alignment	
func_00216528	music_start_track_30000	candidate	Lombyte recovered_names.json	proposal (medium, audio/music) at US 0x2156D8; US/PAL size alignment	
func_00216620	music_start_track_20000	candidate	Lombyte recovered_names.json	proposal (medium, audio/music) at US 0x2157D0; US/PAL size alignment	
func_002166F0	music_start_track_10000	candidate	Lombyte recovered_names.json	proposal (medium, audio/music) at US 0x2158A0; US/PAL size alignment	
func_002167C0	music_start_track_by_id	descriptive	Lombyte recovered_names.json	proposal (high, audio/music) at US 0x215970; US/PAL size alignment	PlayDialogue
func_00216960	continue_audio_stream_if_ready	candidate	Lombyte recovered_names.json	proposal (medium, audio/streaming) at US 0x215B10; US/PAL size alignment	
func_002169B8	music_PreseekTrack	recovered	config/symbol_names.txt	text: NTSC/PAL function-size alignment	music_preseek_track,music_start_track
func_00216A90	music_StartTrack	recovered	config/symbol_names.txt	text: NTSC/PAL function-size alignment	music_start_track
func_00216B68	music_StartTrackBody	recovered	config/symbol_names.txt	text: NTSC/PAL function-size alignment	StartTrackBody,music_start_track_body
func_00216C50	music_Transition	recovered	NTSC config/symbols.txt	music_Transition__Fiiii at US 0x215E00 (hand-named); US/PAL size alignment	music_transition
func_00216D88	music_Stop	recovered	config/symbol_names.txt	text: NTSC/PAL function-size alignment	music_stop
func_00216EF0	music_Pause	recovered	config/symbol_names.txt	text: NTSC/PAL function-size alignment	
func_00216F28	music_Unpause	recovered	config/symbol_names.txt	text: NTSC/PAL function-size alignment	
func_00216F48	music_UpdateStream	recovered	config/symbol_names.txt	text: NTSC/PAL function-size alignment	music_update_stream
func_00217130	music_Update	recovered	config/symbol_names.txt	text: NTSC/PAL function-size alignment	music_update
func_00217588	request_audio_stream_break	descriptive	Lombyte recovered_names.json	proposal (high, audio/streaming) at US 0x2166E8; US/PAL size alignment	
func_002175C8	submit_audio_stream_io_request	candidate	Lombyte recovered_names.json	proposal (medium, audio/streaming) at US 0x216728; US/PAL size alignment	
func_00217628	start_audio_stream_read	descriptive	Lombyte recovered_names.json	proposal (high, audio/streaming) at US 0x216788; US/PAL size alignment	
func_002176C8	Load	recovered	config/symbol_names.txt	text: NTSC/PAL function-size alignment	load
func_00217748	update_audio_stream_until_idle	candidate	Lombyte recovered_names.json	proposal (medium, audio/streaming) at US 0x2168A8; US/PAL size alignment	
func_002177F0	finish_audio_stream_read	candidate	Lombyte recovered_names.json	proposal (medium, audio/streaming) at US 0x216950; US/PAL size alignment	
func_00217860	update_sound_handle_a	candidate	Lombyte recovered_names.json	proposal (low, audio/streaming) at US 0x2169C0; US/PAL size alignment	
func_002178C0	update_sound_handle_b	candidate	Lombyte recovered_names.json	proposal (low, audio/streaming) at US 0x216A20; US/PAL size alignment	
func_00217A08	set_sound_handle_id	candidate	Lombyte recovered_names.json	proposal (medium, audio/voices) at US 0x216B68; US/PAL size alignment	
func_00217A60	MusicTimeRemainingCallback	candidate	ReRAC doc_names.csv	suggested at US level 01 0x27AFB8 (docs/plan/audio.md:197): coined: arms fade; fingerprint	
func_00217EC0	pad_resetState	descriptive	NTSC config/symbols.txt	pad_resetState__Fv at US 0x217020 (2026-09 naming loop); US/PAL size alignment	
func_00217EE8	init_pads	candidate	Lombyte recovered_names.json	proposal (medium, input/pad) at US 0x217048; US/PAL size alignment	
func_00218188	ClearPadInput	recovered	config/symbol_names.txt	text: NTSC/PAL function-size alignment	clear_pad_input
func_00218908	UpdatePad	recovered	config/symbol_names.txt	text: NTSC/PAL function-size alignment	
func_00218928	CreatePart	candidate	ReRAC doc_names.csv	inferred at US level 01 0x27C498 (docs/plan/particles.md:13): Lombyte name; stub a1=0 then jumps to CreatePart2; fingerprint	
func_00218A80	UpdateParts	recovered	NTSC config/symbols.txt	UpdateParts at US 0x217B88 (hand-named); US/PAL size alignment	update_parts
func_00218B10	PartProc	recovered	NTSC config/symbols.txt	PartProc at US 0x217C18 (hand-named); US/PAL size alignment	part_proc
func_00219704	_part_load_tex	recovered	NTSC config/symbols.txt	_part_load_tex at US 0x21880C (hand-named); US/PAL size alignment	
func_00219780	PartType02Spawn	candidate	ReRAC doc_names.csv	suggested at US level 01 0x27DC98 (docs/plan/particles.md:60): coined: particle type 2 spawner (only CreatePart call site); fingerprint	
func_00219C70	PauseAllSounds	recovered	config/symbol_names.txt	text: NTSC/PAL function-size alignment	EnterMenuMode,pause_all_sounds
func_0021CE60	DrawMapScreen	recovered	config/symbol_names.txt	text: NTSC/PAL function-size alignment	
func_0021D9C8	load_selection_list	candidate	Lombyte recovered_names.json	proposal (medium, ui/menus) at US 0x21C9C8; US/PAL size alignment	
func_0021DE08	DrawSoundMenu	recovered	config/symbol_names.txt	text: NTSC/PAL function-size alignment	draw_sound_menu
func_0021E2D0	MenuTextSwap	candidate	ReRAC doc_names.csv	suggested at US level 01 0x290CD0 (docs/plan/hud_text.md:202): coined: streams/swaps all_text for menus (second of pair); fingerprint	
func_0021E340	MenuTextLoad	candidate	ReRAC doc_names.csv	suggested at US level 01 0x290D40 (docs/plan/hud_text.md:202): coined: streams/swaps all_text for menus (first of pair); fingerprint	
func_0021EFA0	update_item_preview_moby	candidate	Lombyte recovered_names.json	proposal (medium, ui/menus) at US 0x21DF98; US/PAL size alignment	
func_0021F898	DrawQuitGameMenu	recovered	config/symbol_names.txt	text: NTSC/PAL function-size alignment	draw_quit_game_menu
func_0021FB28	DrawItemsMenu	recovered	config/symbol_names.txt	text: NTSC/PAL function-size alignment	draw_items_menu
func_0021FF80	DrawGBsShipMenu__maybe	recovered	config/symbol_names.txt	text: NTSC/PAL function-size alignment	GoldBoltPanelDraw,setup_menu_display_text
func_00220338	draw_map_screen_overlay	descriptive	Lombyte recovered_names.json	proposal (high, ui/map) at US 0x21F330; US/PAL size alignment	
func_00220370	DrawMissionsMenu	recovered	config/symbol_names.txt	text: NTSC/PAL function-size alignment	draw_missions_menu
func_00220600	draw_mission_menu_labels	candidate	Lombyte recovered_names.json	proposal (medium, ui/menus/missions) at US 0x21F5F8; US/PAL size alignment	
func_002208F8	draw_menu_selection_marker	descriptive	Lombyte recovered_names.json	proposal (high, ui/menus) at US 0x21F8E8; US/PAL size alignment	
func_00220C90	draw_transition_overlay	candidate	Lombyte recovered_names.json	proposal (medium, rendering/transitions) at US 0x21FC68; US/PAL size alignment	StreamedImageDraw
func_002217C8	draw_two_texture_panels	descriptive	Lombyte recovered_names.json	proposal (high, rendering) at US 0x220790; US/PAL size alignment	
func_00221B58	draw_pause_ring	candidate	Lombyte recovered_names.json	proposal (medium, ui/menus) at US 0x220B20; US/PAL size alignment	
func_00222070	DrawCheatsMenu	recovered	config/symbol_names.txt	text: NTSC/PAL function-size alignment	ToggleListDraw,draw_cheats_menu
func_00222640	build_pause_item_list	candidate	Lombyte recovered_names.json	proposal (medium, ui/menus) at US 0x2215F8; US/PAL size alignment	
func_00222B98	draw_prompt_box	candidate	Lombyte recovered_names.json	proposal (medium, ui/menus) at US 0x221B50; US/PAL size alignment	
func_002239F0	ObtainAllGoldWeaponsMenu	recovered	config/symbol_names.txt	text: NTSC/PAL function-size alignment	obtain_all_gold_weapons_menu
func_00223B40	DrawEndScreenMenuMaybe	recovered	config/symbol_names.txt	text: NTSC/PAL function-size alignment	draw_localized_three_option_menu
func_002255F8	LoadHandGadget	recovered	NTSC config/symbols.txt	LoadHandGadget at US 0x224368 (hand-named); US/PAL size alignment	load_hand_gadget
func_00225E00	HandItemUpdate	candidate	ReRAC doc_names.csv	suggested at US level 01 0x298578 (docs/formats/moby_rac1.md:60): coined: update fn of hand items (wrench 71 etc.); fingerprint	hand_item_update
func_00225FB8	HeadItemUpdate	candidate	ReRAC doc_names.csv	suggested at US level 01 0x298730 (docs/formats/moby_rac1.md:64): coined: update fn of head items; fingerprint	head_item_update
func_002260A8	FeetItemUpdate	candidate	ReRAC doc_names.csv	suggested at US level 01 0x298820 (docs/formats/moby_rac1.md:65): coined: update fn of feet items; fingerprint	feet_item_update
func_00226250	BackItemUpdate	candidate	ReRAC doc_names.csv	suggested at US level 01 0x2989C8 (docs/formats/moby_rac1.md:62): coined: update fn of back items 601/607-609; fingerprint	back_item_update
func_00226410	spawn_extra479	candidate	ReRAC doc_names.csv	suggested at US boot 0x225180 (docs/formats/moby_rac1.md:67): doc name SpawnExtra479; US/PAL size alignment	
func_00226720	spawn_hand_gadget_moby	candidate	ReRAC doc_names.csv	suggested at US boot 0x225490 (docs/formats/moby_rac1.md:54): doc name SpawnHandGadgetMoby; US/PAL size alignment	
func_002267C0	delete_moby	candidate	Lombyte recovered_names.json	proposal (medium, ui/menus) at US 0x225530; US/PAL size alignment	
func_00226CF8	draw_moby_entries_from_object	candidate	Lombyte recovered_names.json	proposal (medium, rendering/entities) at US 0x225A68; US/PAL size alignment	
func_00226EA8	select_next_stream_buffer	candidate	Lombyte recovered_names.json	proposal (medium, audio/streaming) at US 0x225C18; US/PAL size alignment	
func_00226F68	complete_stream_buffer_transfer	candidate	Lombyte recovered_names.json	proposal (medium, audio/streaming) at US 0x225CD8; US/PAL size alignment	
func_00227018	get_stream_buffer_size	descriptive	Lombyte recovered_names.json	proposal (high, audio/streaming) at US 0x225D88; US/PAL size alignment	
func_002270B0	clear_record_flag_by_key	descriptive	Lombyte recovered_names.json	proposal (high, audio/streaming) at US 0x225E20; US/PAL size alignment	
func_00228268	clear_scene_state_buffers	candidate	Lombyte recovered_names.json	proposal (medium, gameplay/state) at US 0x226F50; US/PAL size alignment	
func_00228400	parse_typed_resource_record	candidate	Lombyte recovered_names.json	proposal (medium, world/data) at US 0x2270E8; US/PAL size alignment	
func_00229C08	DmaShrubTextures	recovered	config/symbol_names.txt	text: NTSC/PAL function-size alignment	dma_shrub_textures,dma_tie_textures
func_00229D48	PatchShrubGifs	descriptive	ReRAC doc_names.csv	verified at US level 01 0x29CC38 (docs/plan/shrub_lighting.md:223): level01 copy of fun_00228a30; name from render_pipeline.md:51; fingerprint	patch_shrub_gifs
func_00229E50	DrawShrubs	recovered	config/symbol_names.txt	text: NTSC/PAL function-size alignment	draw_shrubs
func_00229F00	ShrubProc	recovered	NTSC config/symbols.txt	ShrubProc at US 0x228BE8 (hand-named); US/PAL size alignment	shrub_proc
func_0022B648	BuildShrubTextureDma	recovered	NTSC config/symbols.txt	BuildShrubTextureDma at US 0x22A330 (hand-named); US/PAL size alignment	shrub_texture_paging
func_0022B8F8	LightShrubs	descriptive	ReRAC doc_names.csv	verified at US level 01 0x29E7E8 (docs/plan/shrub_lighting.md:14): was FUN_0029e7e8; boot copy not located; VU0 prog 436083; fingerprint	
func_0022C188	SkyLevelGeneric___maybe	recovered	config/symbol_names.txt	text: NTSC/PAL function-size alignment	update_sky_effects
func_0022C5A0	DrawSkyShells	candidate	ReRAC doc_names.csv	suggested at US level 01 0x29F260 (docs/plan/sky_render_notes.md:122): FUN_0029f260 standalone sky shell loop; name from render_pipeline.md:51; fingerprint	draw_sky_shells
func_0022C7E0	SetupSkyGifPaging	recovered	config/symbol_names.txt	text: NTSC/PAL function-size alignment	setup_sky_gif_paging
func_0022C870	DoSkyGifPaging	recovered	config/symbol_names.txt	text: NTSC/PAL function-size alignment	do_sky_gif_paging
func_0022C9A8	SkyDrawShell	recovered	config/symbol_names.txt	text: NTSC/PAL function-size alignment	sky_draw_shell
func_0022CA00	SkyDrawShellTextured	recovered	config/symbol_names.txt	text: NTSC/PAL function-size alignment	sky_draw_shell_textured
func_0022CC40	SkyDrawShellGouraud	recovered	config/symbol_names.txt	text: NTSC/PAL function-size alignment	sky_draw_shell_gouraud
func_0022CEB8	SkySpriteProc	recovered	NTSC config/symbols.txt	SkySpriteProc at US 0x22BBA0 (hand-named); US/PAL size alignment	sky_sprite_proc
func_0022D1DC	_ssp_load_tex	recovered	NTSC config/symbols.txt	_ssp_load_tex at US 0x22BEC4 (hand-named); US/PAL size alignment	_load_tex
func_0022D2AC	sky_transform_vertices	candidate	ReRAC doc_names.csv	suggested at US boot 0x22BF94 (docs/plan/sky_render_notes.md:19): doc name SkyTransformVertices; US/PAL size alignment	
func_0022D3F8	sky_build_gif_gouraud	candidate	ReRAC doc_names.csv	suggested at US boot 0x22C0E0 (docs/plan/sky_render_notes.md:20): doc name SkyBuildGifGouraud; US/PAL size alignment	
func_0022D8C0	SoundOcclusionOrigin	candidate	ReRAC doc_names.csv	suggested at US level 01 0x2A0190 (docs/plan/audio.md:156): coined: jittered listener origin for occlusion; fingerprint	
func_0022DA10	sound_GetFade	descriptive	NTSC config/symbols.txt	sound_GetFade__FP8SoundDeffff at US 0x22C6F8 (2026-09 naming loop); US/PAL size alignment	SoundDistanceVolume
func_0022DB00	sound_GetFade	candidate	NTSC config/symbols.txt	sound_GetFade__FP9SoundDataP4vec4 at US 0x22C7E8 (2026-09 naming loop); US/PAL size alignment; name already taken by func_0022DA10	sound_GetFade
func_0022DB48	SoundComputePan	candidate	ReRAC doc_names.csv	suggested at US level 01 0x2A0418 (docs/plan/audio.md:149): coined: pan; fingerprint	
func_0022DBE8	SoundMasterVolumeInit	candidate	ReRAC doc_names.csv	suggested at US level 01 0x2A04B8 (docs/plan/audio.md:164): coined: master volume groups init; fingerprint	
func_0022DD68	sound_update	recovered	config/symbol_names.txt	text: NTSC/PAL function-size alignment	
func_0022EA20	sound_loadBankByLocation	descriptive	NTSC config/symbols.txt	sound_loadBankByLocation__Fi at US 0x22D708 (2026-09 naming loop); US/PAL size alignment	load_audio_bank_by_location
func_0022EAB0	sound_KillChannel	descriptive	NTSC config/symbols.txt	sound_KillChannel__Fi at US 0x22D798 (2026-09 naming loop); US/PAL size alignment	release_voice_slot
func_0022EB08	SoundSlotAlloc	candidate	ReRAC doc_names.csv	suggested at US level 01 0x2A13A0 (docs/plan/audio.md:116): coined: sound slot allocation; fingerprint	sound_slot_alloc
func_0022ED80	PlayClassSound	candidate	ReRAC doc_names.csv	suggested at US level 01 0x2A1618 (docs/plan/audio.md:126): coined: class sound i of moby; doc writes fun_0022da68; fingerprint	play_class_sound
func_0022EE28	allocate_voice_for_bank_entry	candidate	Lombyte recovered_names.json	proposal (medium, audio/voices) at US 0x22DB10; US/PAL size alignment	PlayLevelSoundAtMoby
func_0022EEB8	allocate_voice_for_group_entry	candidate	Lombyte recovered_names.json	proposal (medium, audio/voices) at US 0x22DBA0; US/PAL size alignment	
func_0022EF68	enqueue_voice_request	candidate	Lombyte recovered_names.json	proposal (medium, audio/voices) at US 0x22DC50; US/PAL size alignment	RunLevelCallbacks
func_0022EFE8	sound_StopAllSounds	recovered	config/symbol_names.txt	text: NTSC/PAL function-size alignment	SoundStopAll,sound_stop_all_sounds
func_0022F128	build_object_rotation_matrix	candidate	Lombyte recovered_names.json	proposal (medium, world/transforms) at US 0x22DE10; US/PAL size alignment	
func_0022F258	draw_light_flare	candidate	Lombyte recovered_names.json	proposal (medium, gameplay/space) at US 0x22DF40; US/PAL size alignment	ShipDrawCallbackNear
func_0022FDC0	SpaceLoadingLoop	candidate	ReRAC doc_names.csv	suggested at US level 01 0x2A33B0 (docs/plan/menus.md:27): coined: mode 6 substate 4 in-space loading loop; fingerprint	clamp_camera_fov
func_002305A0	DrawWorldPaused	candidate	ReRAC doc_names.csv	suggested at US level 01 0x2A3B90 (docs/plan/render_pipeline.md:21): coined: pause/freeze variant of frame render (mode 4); fingerprint	draw_world_paused
func_00232200	dispatch_game_state_update	descriptive	ReRAC doc_names.csv	verified at US level 01 0x2A57F0 (docs/plan/render_pipeline.md:21): mode 6 path to frame render; fingerprint	
func_00232278	EnterSpaceLoadingLoop	candidate	ReRAC doc_names.csv	suggested at US level 01 0x2A5868 (docs/plan/menus.md:32): coined: enters substate 4 random space flight while disc loads; fingerprint	
func_00232EF0	play_story_transition	candidate	ReRAC doc_names.csv	suggested at US boot 0x231BD8 (docs/plan/menus.md:247): doc name PlayStoryTransition; US/PAL size alignment	
func_00233308	DoSpaceTransition	recovered	config/symbol_names.txt	text: NTSC/PAL function-size alignment	do_space_transition
func_00233AB8	ShipDrawCallback	candidate	ReRAC doc_names.csv	suggested at US level 01 0x2A70A8 (docs/plan/moby_update_catalogue.md:216): coined: ship engine draw callback; fingerprint	
func_00233FF8	initialize_sif_rpc	descriptive	Lombyte recovered_names.json	proposal (high, runtime/rpc) at US 0x232CE0; US/PAL size alignment	
func_00234158	Stash_SendData	recovered	config/symbol_names.txt	text: NTSC/PAL function-size alignment	stash_send_data
func_00234238	stash_receive_data	candidate	Lombyte recovered_names.json	proposal (medium, storage/stash) at US 0x232F20; US/PAL size alignment	
func_00234380	SetTfragDists	recovered	config/symbol_names.txt	text: NTSC/PAL function-size alignment	set_tfrag_dists
func_002344D8	DmaTfragTextures	recovered	config/symbol_names.txt	text: NTSC/PAL function-size alignment	dma_tfrag_textures
func_00234620	PatchTfragGifs	recovered	config/symbol_names.txt	text: NTSC/PAL function-size alignment	patch_tfrag_gifs
func_002346C0	DrawTfrag	recovered	config/symbol_names.txt	text: NTSC/PAL function-size alignment	draw_tfrag
func_002347F0	VU0_loadMicroProgram	recovered	config/symbol_names.txt	text: NTSC/PAL function-size alignment	start_vif1_dma_transfer
func_002348E8	VU1_initChain	recovered	config/symbol_names.txt	text: NTSC/PAL function-size alignment	vu1_init_chain
func_00234948	VU1_swapChain	recovered	config/symbol_names.txt	text: NTSC/PAL function-size alignment	swap_render_buffer_chain
func_002349B8	VU1_sendChain	recovered	config/symbol_names.txt	text: NTSC/PAL function-size alignment	
func_00234AC8	VU1_syncChain	recovered	config/symbol_names.txt	text: NTSC/PAL function-size alignment	
func_00234B48	VU1_addDataRef	recovered	config/symbol_names.txt	text: NTSC/PAL function-size alignment	vu1_add_data_ref
func_00234BA0	write_vif_unpack_packet	descriptive	Lombyte recovered_names.json	proposal (high, rendering/packets) at US 0x233888; US/PAL size alignment	
func_00234C98	VU1_addGSregister	recovered	config/symbol_names.txt	text: NTSC/PAL function-size alignment	vu1_add_g_sregister
func_00234D58	VU1_setScissor	recovered	config/symbol_names.txt	text: NTSC/PAL function-size alignment	vu1_set_scissor
func_00234E80	VU1_texFlush	recovered	config/symbol_names.txt	text: NTSC/PAL function-size alignment	
func_00234EE0	VU1_gsRegsNormal	recovered	config/symbol_names.txt	text: NTSC/PAL function-size alignment	
func_00235018	DMAC_VIF1_Enable	recovered	config/symbol_names.txt	text: NTSC/PAL function-size alignment	dmac_vif1_enable
func_002350A8	DMAC_VIF1_Disable	recovered	config/symbol_names.txt	text: NTSC/PAL function-size alignment	dmac_vif1_disable
func_00235218	print_register_values_and_halt	descriptive	Lombyte recovered_names.json	proposal (high, runtime/diagnostics) at US 0x233F00; US/PAL size alignment	
func_00235290	Vif1ChainCmd	descriptive	NTSC config/symbols.txt	Vif1ChainCmd__Fi at US 0x233F78 (2026-09 naming loop); US/PAL size alignment	VU1_addIrqTag
func_002352C8	TfragProc	recovered	NTSC config/symbols.txt	TfragProc at US 0x233FB0 (hand-named); US/PAL size alignment	tfrag_proc
func_00235EF0	ComputeTfragTextureUsage	recovered	NTSC config/symbols.txt	ComputeTfragTextureUsage at US 0x234BD8 (hand-named); US/PAL size alignment	compute_tfrag_texture_usage
func_002362B0	LightTfrags	recovered	NTSC config/symbols.txt	LightTfrags at US 0x234F98 (hand-named); US/PAL size alignment	light_tfrags
func_00236958	DmaTieTextures	recovered	config/symbol_names.txt	text: NTSC/PAL function-size alignment	dma_tie_textures
func_00236A98	PatchTieGifs	recovered	config/symbol_names.txt	text: NTSC/PAL function-size alignment	patch_tie_texture_fields
func_00236B58	copy_render_buffer_pair	descriptive	Lombyte recovered_names.json	proposal (high, rendering/buffers) at US 0x235840; US/PAL size alignment	
func_00236BB0	register_entity_render_resources	candidate	Lombyte recovered_names.json	proposal (medium, rendering/entities) at US 0x235898; US/PAL size alignment	
func_00236BE0	DrawTies_1	recovered	config/symbol_names.txt	text: NTSC/PAL function-size alignment	draw_ties_1
func_00236CA8	DrawTies_2	recovered	config/symbol_names.txt	text: NTSC/PAL function-size alignment	draw_ties_2
func_00236F00	TieProc	recovered	NTSC config/symbols.txt	TieProc at US 0x235BE8 (hand-named); US/PAL size alignment	tie_proc
func_002383D8	BuildTieTextureDma	recovered	NTSC config/symbols.txt	BuildTieTextureDma at US 0x2370C0 (hand-named); US/PAL size alignment	tie_texture_paging
func_00238688	LightTies	recovered	NTSC config/symbols.txt	LightTies at US 0x237370 (hand-named); US/PAL size alignment	light_ties
func_00238D90	moby_screen_rect	candidate	ReRAC doc_names.csv	suggested at US boot 0x237A78 (docs/plan/menus.md:136): doc name MobyScreenRect; US/PAL size alignment	
func_002391A8	set_scrolling_status_message	descriptive	Lombyte recovered_names.json	proposal (high, ui/text) at US 0x237E90; US/PAL size alignment	
func_00239838	update_scrolling_status_message	descriptive	Lombyte recovered_names.json	proposal (high, ui/text) at US 0x238520; US/PAL size alignment	VendorDrawTicker
func_00239948	VendorDrawSalesmanVideo	candidate	ReRAC doc_names.csv	suggested at US level 01 0x2B1B58 (docs/plan/menus.md:208): coined: salesman video target; fingerprint	
func_002399A0	format_scaled_display_value	candidate	Lombyte recovered_names.json	proposal (medium, ui/menus) at US 0x238688; US/PAL size alignment	
func_00239A00	VendorDrawIconStrip	candidate	ReRAC doc_names.csv	suggested at US level 01 0x2B1C10 (docs/plan/menus.md:210): coined: icon strip target; fingerprint	
func_00239CF8	VendorDrawItemPanel	candidate	ReRAC doc_names.csv	suggested at US level 01 0x2B1F08 (docs/plan/menus.md:212): coined: item panel target; fingerprint	
func_0023AA08	setupViewContext	descriptive	NTSC config/symbols.txt	setupViewContext at US 0x239750 (2026-09 naming loop); US/PAL size alignment	
func_0023AA38	VendorDrawScreens	candidate	ReRAC doc_names.csv	suggested at US level 01 0x2B3130 (docs/plan/menus.md:203): coined: draws off-screen monitor targets; does not decompile; fingerprint	
func_0023B018	find_zone_at_point	candidate	Lombyte recovered_names.json	proposal (medium, gameplay/vendor) at US 0x239D60; US/PAL size alignment	
func_0023B210	RippleHeightQuery	candidate	ReRAC doc_names.csv	suggested at US level 01 0x2B8910 (docs/plan/world_animation.md:144): coined: water height (+normal) from active patch or flat plane; fingerprint	
func_0023BB40	switchThread	recovered	config/symbol_names.txt	text: NTSC/PAL function-size alignment	switch_thread
func_0023BB60	isAudioOK	recovered	config/symbol_names.txt	text: NTSC/PAL function-size alignment	is_audio_ok
func_0023BB90	initAll	recovered	config/symbol_names.txt	text: NTSC/PAL function-size alignment	initialize_audio_system
func_0023BE38	termAll	recovered	config/symbol_names.txt	text: NTSC/PAL function-size alignment	terminate_audio_system
func_0023BF48	ErrMessage	recovered	config/symbol_names.txt	text: NTSC/PAL function-size alignment	CustomDrawMeshUpdate,log_audio_error
func_0023BF70	proceedAudio	recovered	config/symbol_names.txt	text: NTSC/PAL function-size alignment	process_audio_stream
func_0023BFA0	audioDecCreate	recovered	config/symbol_names.txt	text: NTSC/PAL function-size alignment	audio_dec_create
func_0023C060	audioDecDelete	recovered	config/symbol_names.txt	text: NTSC/PAL function-size alignment	audio_dec_delete
func_0023C088	audioDecStart	recovered	config/symbol_names.txt	text: NTSC/PAL function-size alignment	audio_dec_start
func_0023C0E0	audioDecReset	recovered	config/symbol_names.txt	text: NTSC/PAL function-size alignment	audio_dec_reset
func_0023C128	audioDecBeginPut	recovered	config/symbol_names.txt	text: NTSC/PAL function-size alignment	audio_dec_begin_put
func_0023C1F8	audioDecEndPut	recovered	config/symbol_names.txt	text: NTSC/PAL function-size alignment	audio_dec_end_put
func_0023C2B0	audioDecIsPageFull	descriptive	NTSC config/symbols.txt	audioDecIsPageFull at US 0x23AEE0 (2026-09 naming loop); US/PAL size alignment	
func_0023C2C0	audioDecSend	recovered	config/symbol_names.txt	text: NTSC/PAL function-size alignment	audio_dec_send
func_0023C2E8	sendToSPU	recovered	config/symbol_names.txt	text: NTSC/PAL function-size alignment	send_to_spu
func_0023C390	sendADPCM	recovered	config/symbol_names.txt	text: NTSC/PAL function-size alignment	send_adpcm
func_0023C5E0	setImageTag	recovered	config/symbol_names.txt	text: NTSC/PAL function-size alignment	build_image_transfer_tag
func_0023C7A8	vblankHandler	recovered	config/symbol_names.txt	text: NTSC/PAL function-size alignment	
func_0023C910	handler_endimage	recovered	config/symbol_names.txt	text: NTSC/PAL function-size alignment	handle_end_image
func_0023C960	startDisplay	recovered	config/symbol_names.txt	text: NTSC/PAL function-size alignment	wait_for_display_vsync
func_0023C9B0	endDisplay	recovered	config/symbol_names.txt	text: NTSC/PAL function-size alignment	
func_0023C9C0	videoCallback	recovered	config/symbol_names.txt	text: NTSC/PAL function-size alignment	video_callback
func_0023CAF8	pcmCallback	recovered	config/symbol_names.txt	text: NTSC/PAL function-size alignment	pcm_callback
func_0023CBE0	cpy2area	recovered	config/symbol_names.txt	text: NTSC/PAL function-size alignment	copy_video_buffer_region
func_0023CD10	readBufCreate	recovered	NTSC config/symbols.txt	readBufCreate__FP7ReadBuf at US 0x23B940 (hand-named); US/PAL size alignment	
func_0023CD28	readBufDelete	recovered	NTSC config/symbols.txt	readBufDelete__FP7ReadBuf at US 0x23B958 (hand-named); US/PAL size alignment	
func_0023CD30	readBufBeginPut	recovered	config/symbol_names.txt	text: NTSC/PAL function-size alignment	
func_0023CD60	readBufEndPut	recovered	config/symbol_names.txt	text: NTSC/PAL function-size alignment	
func_0023CDA8	readBufBeginGet	recovered	config/symbol_names.txt	text: NTSC/PAL function-size alignment	read_buf_begin_get
func_0023CDF0	readBufEndGet	recovered	config/symbol_names.txt	text: NTSC/PAL function-size alignment	
func_0023CE28	strFileDelete	descriptive	NTSC config/symbols.txt	strFileDelete__FP7StrFile at US 0x23BA58 (2026-09 naming loop); US/PAL size alignment	
func_0023CEC8	getFIFOindex	recovered	config/symbol_names.txt	text: NTSC/PAL function-size alignment	get_fifo_index
func_0023CF10	setD3_CHCR	recovered	config/symbol_names.txt	text: NTSC/PAL function-size alignment	set_dma_channel_3_control_register
func_0023CF80	setD4_CHCR	recovered	config/symbol_names.txt	text: NTSC/PAL function-size alignment	set_dma_channel_4_control_register
func_0023CFF0	scTag2	recovered	config/symbol_names.txt	text: NTSC/PAL function-size alignment	
func_0023D018	viBufCreate	recovered	config/symbol_names.txt	text: NTSC/PAL function-size alignment	vi_buf_create
func_0023D090	viBufReset	recovered	config/symbol_names.txt	text: NTSC/PAL function-size alignment	vi_buf_reset
func_0023D1F0	viBufBeginPut	recovered	config/symbol_names.txt	text: NTSC/PAL function-size alignment	vi_buf_begin_put
func_0023D2E8	viBufEndPut	recovered	config/symbol_names.txt	text: NTSC/PAL function-size alignment	vi_buf_end_put
func_0023D340	viBufAddDMA	recovered	config/symbol_names.txt	text: NTSC/PAL function-size alignment	vi_buf_add_dma
func_0023D540	viBufStopDMA	recovered	config/symbol_names.txt	text: NTSC/PAL function-size alignment	vi_buf_stop_dma
func_0023D650	viBufRestartDMA	recovered	config/symbol_names.txt	text: NTSC/PAL function-size alignment	vi_buf_restart_dma
func_0023D988	viBufDelete	recovered	config/symbol_names.txt	text: NTSC/PAL function-size alignment	vi_buf_delete
func_0023D9E0	viBufCount	recovered	config/symbol_names.txt	text: NTSC/PAL function-size alignment	vi_buf_count
func_0023DA30	viBufFlush	recovered	config/symbol_names.txt	text: NTSC/PAL function-size alignment	vi_buf_flush
func_0023DA88	viBufModifyPts	recovered	config/symbol_names.txt	text: NTSC/PAL function-size alignment	vi_buf_modify_pts
func_0023DBE0	viBufPutTs	recovered	config/symbol_names.txt	text: NTSC/PAL function-size alignment	vi_buf_put_ts
func_0023DCF0	viBufGetTs	recovered	config/symbol_names.txt	text: NTSC/PAL function-size alignment	vi_buf_get_ts
func_0023DE98	videoDecCreate	recovered	config/symbol_names.txt	text: NTSC/PAL function-size alignment	video_dec_create
func_0023DFA0	videoDecSetStream	recovered	config/symbol_names.txt	text: NTSC/PAL function-size alignment	video_dec_set_stream
func_0023DFC0	videoDecBeginPut	recovered	config/symbol_names.txt	text: NTSC/PAL function-size alignment	video_dec_begin_put
func_0023DFE0	videoDecEndPut	recovered	config/symbol_names.txt	text: NTSC/PAL function-size alignment	video_dec_end_put
func_0023E000	videoDecReset	recovered	config/symbol_names.txt	text: NTSC/PAL function-size alignment	
func_0023E008	videoDecDelete	recovered	config/symbol_names.txt	text: NTSC/PAL function-size alignment	video_dec_delete
func_0023E040	videoDecAbort	recovered	config/symbol_names.txt	text: NTSC/PAL function-size alignment	
func_0023E050	videoDecGetState	recovered	config/symbol_names.txt	text: NTSC/PAL function-size alignment	
func_0023E058	videoDecSetState	recovered	config/symbol_names.txt	text: NTSC/PAL function-size alignment	
func_0023E068	videoDecPutTs	recovered	config/symbol_names.txt	text: NTSC/PAL function-size alignment	video_dec_put_ts
func_0023E0B0	videoDecInputCount	recovered	config/symbol_names.txt	text: NTSC/PAL function-size alignment	video_dec_input_count
func_0023E0D8	videoDecFlush	recovered	config/symbol_names.txt	text: NTSC/PAL function-size alignment	video_dec_flush
func_0023E1B0	videoDecIsFlushed	recovered	config/symbol_names.txt	text: NTSC/PAL function-size alignment	video_dec_is_flushed
func_0023E1F8	videoDecMain	recovered	config/symbol_names.txt	text: NTSC/PAL function-size alignment	run_video_decoder
func_0023E298	decBs0	recovered	config/symbol_names.txt	text: NTSC/PAL function-size alignment	decode_bitstream_0
func_0023E450	mpegError	recovered	config/symbol_names.txt	text: NTSC/PAL function-size alignment	handle_mpeg_error
func_0023E478	mpegNodata	recovered	config/symbol_names.txt	text: NTSC/PAL function-size alignment	handle_mpeg_no_data
func_0023E4B0	mpeg_stop_dma	candidate	Lombyte recovered_names.json	proposal (medium, video/decoder) at US 0x23D0E0; US/PAL size alignment	
func_0023E4E0	mpegRestartVideoDMA	descriptive	NTSC config/symbols.txt	mpegRestartVideoDMA__Fv at US 0x23D110 (2026-09 naming loop); US/PAL size alignment	
func_0023E510	get_mpeg_timestamp	candidate	Lombyte recovered_names.json	proposal (medium, video/decoder/callbacks) at US 0x23D140; US/PAL size alignment	
func_0023E560	voBufCreate	recovered	NTSC config/symbols.txt	voBufCreate__FP5VoBufP6VoDataP5VoTagi at US 0x23D190 (hand-named); US/PAL size alignment	vo_buf_create
func_0023E5B0	voBufDelete	recovered	NTSC config/symbols.txt	voBufDelete__FP5VoBuf at US 0x23D1E0 (hand-named); US/PAL size alignment	
func_0023E5B8	voBufReset	recovered	config/symbol_names.txt	text: NTSC/PAL function-size alignment	
func_0023E5C8	voBufIsFull	recovered	config/symbol_names.txt	text: NTSC/PAL function-size alignment	
func_0023E5E0	voBufIncCount	recovered	config/symbol_names.txt	text: NTSC/PAL function-size alignment	vo_buf_inc_count
func_0023E658	voBufGetData	recovered	config/symbol_names.txt	text: NTSC/PAL function-size alignment	vo_buf_get_data
func_0023E698	voBufIsEmpty	recovered	config/symbol_names.txt	text: NTSC/PAL function-size alignment	
func_0023E6A8	voBufGetTag	recovered	config/symbol_names.txt	text: NTSC/PAL function-size alignment	vo_buf_get_tag
func_0023E710	voBufDecCount	recovered	config/symbol_names.txt	text: NTSC/PAL function-size alignment	
func_L00_001ED600	CameraResetBehindHero	candidate	ReRAC doc_names.csv	suggested at US level 01 0x20EE80 (docs/plan/player_controller.md:283): coined: hard reset behind the hero after 30 blocked ticks; fingerprint	
func_L00_001EFF50	CollCellLookup	candidate	ReRAC doc_names.csv	suggested at US level 01 0x2117D0 (docs/plan/collision_queries.md:38): coined: cell lookup z/y/x tree -> leaf word; fingerprint	
func_L00_001F10E0	coll_sphere	descriptive	ReRAC doc_names.csv	verified at US level 01 0x212960 (docs/plan/player_controller.md:224): port name (collision_queries.md:107); sphere query; fingerprint	
func_L00_001F1D20	coll_capsule	descriptive	ReRAC doc_names.csv	verified at US level 01 0x2135A0 (docs/plan/player_controller.md:220): port name (collision_queries.md:107); vertical capsule query; fingerprint	
func_L00_001F2BE8	coll_sphere_mobys	descriptive	ReRAC doc_names.csv	verified at US level 01 0x214468 (docs/plan/collision_queries.md:36): port name (line 108); sphere vs mobys only; fingerprint	
func_L00_001F34F0	coll_sphere_hero_groups	descriptive	ReRAC doc_names.csv	verified at US level 01 0x214D70 (docs/plan/player_controller.md:220): port name (collision_queries.md:108); sphere vs hero groups; fingerprint	
func_L00_001F3958	CollType	descriptive	ReRAC doc_names.csv	verified at US level 01 0x2151D8 (docs/plan/collision_queries.md:39): surface id from CollOutput+0x1c; boot 0x1f0b58; fingerprint	
func_L00_001F3988	CollSoundClass	descriptive	ReRAC doc_names.csv	verified at US level 01 0x215208 (docs/plan/collision_queries.md:40): footstep sound class from CollOutput+0x1c; fingerprint	
func_L00_001F4918	DebugCameraUpdate	candidate	ReRAC doc_names.csv	suggested at US level 01 0x216198 (docs/plan/menus.md:29): coined: mode -1 debug free camera/menu update; fingerprint	
func_L00_001F5C60	DebugCameraRender	candidate	ReRAC doc_names.csv	suggested at US level 01 0x2174E0 (docs/plan/menus.md:29): coined: mode -1 debug render; fingerprint	
func_L00_001F75F8	ParseOcclGrid	candidate	ReRAC doc_names.csv	verified at US level 01 0x218E78 (docs/plan/occlusion_culling.md:128): grid lookup; fingerprint; name already taken by func_001F2A38	ParseOcclGrid
func_L00_001F91B0	GameplayRender	candidate	ReRAC doc_names.csv	suggested at US level 01 0x21AA30 (docs/plan/menus.md:21): coined: mode 0 render (doc says Lombyte DrawDebugProfiler is main world render); fingerprint	
func_L00_001F92C0	PageMenuModeRender	candidate	ReRAC doc_names.csv	suggested at US level 01 0x21AB50 (docs/plan/menus.md:24): coined: mode 3 render; calls 0x28d080(0); fingerprint	
func_L00_001F9D40	GrabFrameSnapshot	candidate	ReRAC doc_names.csv	suggested at US level 01 0x21B5C0 (docs/plan/menus.md:183): coined: snapshots rendered world for vendor; fingerprint	
func_L00_001FDE48	DrawEnvOverlayMesh	candidate	ReRAC doc_names.csv	suggested at US level 01 0x21FDA8 (docs/plan/world_animation.md:192): coined: draws the 1848 meshes; fingerprint	
func_L00_001FF860	Atan2	candidate	ReRAC doc_names.csv	suggested at US level 01 0x2217C0 (docs/plan/moby_update_catalogue.md:299): coined: atan2; fingerprint	
func_L00_00200290	FastBSphereCheck	descriptive	ReRAC doc_names.csv	verified at US level 01 0x2221F0 (docs/plan/particles.md:312): bounding-sphere view test; verified from disassembly; fingerprint	
func_L00_00203F20	Help_Request	descriptive	ReRAC doc_names.csv	verified at US level 01 0x225818 (docs/plan/hud_text.md:153): (msg_id;slot); fingerprint	
func_L00_00205278	HeroInit	candidate	ReRAC doc_names.csv	suggested at US level 01 0x226B70 (docs/plan/moby_update_catalogue.md:109): coined: hero init (zeroes hero block; finds moby +0xa6==0); fingerprint	
func_L00_002056D8	HeroTakeDamage	candidate	ReRAC doc_names.csv	suggested at US level 01 0x226FA8 (docs/plan/hud_text.md:185): coined: damage path calling health show; maybe-mid-function; fingerprint	
func_L00_002064C0	HudBoltAlertShow	candidate	ReRAC doc_names.csv	suggested at US level 01 0x227D90 (docs/plan/hud_text.md:188): coined: nearby-bolt alert show [L]; fingerprint	
func_L00_00208E98	HeroSyncMoby	candidate	ReRAC doc_names.csv	suggested at US level 01 0x229F20 (docs/plan/player_controller.md:92): coined: moby sync (pos; Euler; rows); fingerprint	
func_L00_002098B8	HeroComputeAttachMatrices	candidate	ReRAC doc_names.csv	suggested at US level 01 0x22A940 (docs/formats/moby_rac1.md:77): coined: attach matrices for items; fingerprint	
func_L00_00209940	HeroItemPoseFromRatchet	candidate	ReRAC doc_names.csv	suggested at US level 01 0x22A9C8 (docs/formats/moby_rac1.md:81): coined: builds item keyframe from Ratchet local pose; fingerprint	
func_L00_0020B310	HeroScanTargets	candidate	ReRAC doc_names.csv	suggested at US level 01 0x22C080 (docs/plan/moby_update_catalogue.md:64): coined: hero code scanning target array; maybe-mid-function; fingerprint	
func_L00_0020BC30	HeroWallLedgeCheckA	candidate	ReRAC doc_names.csv	suggested at US level 01 0x22C9A0 (docs/plan/collision_queries.md:86): coined: wall/ledge check (rejects ids 9/0xc or 10/0xc; slope test); fingerprint	
func_L00_0020DB30	GetClankModule	candidate	ReRAC doc_names.csv	suggested at US level 01 0x22DDD8 (docs/plan/player_controller.md:101): coined: Clank module query 0x22ddd8(3); fingerprint	
func_L00_0020F118	HeroItemsCreate	candidate	ReRAC doc_names.csv	suggested at US level 01 0x22F3C0 (docs/plan/moby_update_catalogue.md:242): coined: creates Clank and pack mobys via CreateMoby; fingerprint	
func_L00_0020FC18	HeroItemsAttach	candidate	ReRAC doc_names.csv	suggested at US level 01 0x22FEC0 (docs/formats/moby_rac1.md:77): coined: per-item attach and advance; fingerprint	
func_L00_00210558	UpdateWrenchSelected	candidate	ReRAC doc_names.csv	suggested at US level 01 0x2307E0 (docs/formats/moby_rac1.md:79): coined: sets 0x15ed90 to 1 when wrench selected; fingerprint	
func_L00_00210FE0	HeroItemsUpdate	candidate	ReRAC doc_names.csv	suggested at US level 01 0x231268 (docs/formats/moby_rac1.md:77): coined: calls item create and attach; fingerprint	
func_L00_00211D28	HeroMotionUpdate	candidate	ReRAC doc_names.csv	suggested at US level 01 0x231D18 (docs/plan/player_controller.md:48): coined: hero stick -> per-state physics -> move+collide -> timer++; fingerprint	
func_L00_00211F80	StickTarget	candidate	ReRAC doc_names.csv	inferred at US level 01 0x231F70 (docs/plan/player_controller.md:142): doc name StickTarget(scale; mode); fingerprint	
func_L00_002124E8	TurnTo	candidate	ReRAC doc_names.csv	inferred at US level 01 0x232490 (docs/plan/player_controller.md:140): doc name TurnTo(k;d;max) -> 0x270b58; fingerprint	
func_L00_00212740	SpeedStep	candidate	ReRAC doc_names.csv	inferred at US level 01 0x2326E8 (docs/plan/player_controller.md:145): doc name SpeedStep(acc; dec); fingerprint	
func_L00_00212790	SetPlanarVel	candidate	ReRAC doc_names.csv	inferred at US level 01 0x232738 (docs/plan/player_controller.md:146): doc name SetPlanarVel(yaw); fingerprint	
func_L00_00212878	HeroSteepWallStop	candidate	ReRAC doc_names.csv	suggested at US level 01 0x232820 (docs/plan/player_controller.md:166): coined: stops climbing steep walls after leaving ground; fingerprint	
func_L00_002136A8	HeroStepUpSnap	candidate	ReRAC doc_names.csv	suggested at US level 01 0x233588 (docs/plan/player_controller.md:230): coined: step-up / snap to ground; fingerprint	
func_L00_00213E60	HeroCapsuleResolve	candidate	ReRAC doc_names.csv	suggested at US level 01 0x233D08 (docs/plan/player_controller.md:218): coined: capsule resolve -> 0x233940; fingerprint	
func_L00_00215A90	HeroLean	candidate	ReRAC doc_names.csv	suggested at US level 01 0x235638 (docs/plan/player_controller.md:170): coined: procedural lean via joint modifiers; fingerprint	
func_L00_00216E98	HeroDecayMomentum	candidate	ReRAC doc_names.csv	suggested at US level 01 0x236678 (docs/plan/player_controller.md:151): coined: momentum shrinks by dec each tick; fingerprint	
func_L00_002178A0	HeroEdgeBrake	candidate	ReRAC doc_names.csv	suggested at US level 01 0x236A68 (docs/plan/player_controller.md:153): coined: edge brake line cast ahead; fingerprint	
func_L00_00221A98	HeroMoveCollide	candidate	ReRAC doc_names.csv	suggested at US level 01 0x23C458 (docs/plan/player_controller.md:87): coined: move+collide; fingerprint	
func_L00_00222580	HeroClassifyStick	candidate	ReRAC doc_names.csv	suggested at US level 01 0x23CEB0 (docs/plan/player_controller.md:323): coined: stick classification (not decoded); fingerprint	
func_L00_00229348	HeroChooseJump	candidate	ReRAC doc_names.csv	suggested at US level 01 0x241968 (docs/plan/player_controller.md:110): coined: crouch jump 0xb vs jump 7 selection; fingerprint	
func_L00_002293E8	HeroWalkRunAnim	candidate	ReRAC doc_names.csv	suggested at US level 01 0x241A08 (docs/plan/player_controller.md:168): coined: walk/run anim selection with hysteresis; fingerprint	
func_L00_00229E30	HeroCrouchJumps	candidate	ReRAC doc_names.csv	suggested at US level 01 0x242420 (docs/plan/player_controller.md:120): coined: crouch jumps from state 4; fingerprint	
func_L00_00232560	HeroPickFidget	candidate	ReRAC doc_names.csv	suggested at US level 01 0x2473E0 (docs/formats/moby_rac1.md:82): coined: picks fidget from pack table; fingerprint	
func_L00_00232C10	SetAnim	candidate	ReRAC doc_names.csv	inferred at US level 01 0x247A90 (docs/plan/player_controller.md:249): doc name SetAnim(blend; seq; frame); fingerprint	
func_L00_00232EF0	RatchetAnimAdvance	candidate	ReRAC doc_names.csv	suggested at US level 01 0x247D48 (docs/plan/player_controller.md:86): coined: Ratchet's own anim advance; fingerprint	
func_L00_002346C0	AddAmmo	candidate	ReRAC doc_names.csv	suggested at US level 01 0x2494D8 (docs/plan/menus.md:195): coined: (id;qty) adds ammo; returns overflow; fingerprint	
func_L00_00235790	HudShowHealth	candidate	ReRAC doc_names.csv	suggested at US level 01 0x24A498 (docs/plan/hud_text.md:185): coined: shows health slot; fingerprint	
func_L00_00235960	HudMoveBank	candidate	ReRAC doc_names.csv	suggested at US level 01 0x24A668 (docs/plan/menus.md:99): coined: moves HUD bank on menu entry; fingerprint	
func_L00_00237B70	DefaultVtbl_DeleteMoby	descriptive	ReRAC doc_names.csv	verified at US level 01 0x3040D8 (docs/plan/moby_update_catalogue.md:20): default moby vtbl 0x20c3ac slot 5 (0x20c3c0): 7-instruction wrapper that calls DeleteMoby 0x2636c0; fingerprint	
func_L00_00237B90	HudRaceTimerDraw	candidate	ReRAC doc_names.csv	suggested at US level 01 0x24C898 (docs/plan/hud_text.md:191): coined: race timer draw; fingerprint	
func_L00_00238478	QuickSelectInit	candidate	ReRAC doc_names.csv	suggested at US level 01 0x24D180 (docs/plan/menus.md:67): coined: quick-select HUD slot 3 init callback; fingerprint	
func_L00_00238530	QuickSelectUpdate	candidate	ReRAC doc_names.csv	suggested at US level 01 0x24D238 (docs/plan/menus.md:67): coined: quick-select HUD slot 3 update callback; fingerprint	
func_L00_00238C30	QuickSelectDraw	candidate	ReRAC doc_names.csv	suggested at US level 01 0x24D938 (docs/plan/menus.md:67): coined: quick-select HUD slot 3 draw callback; fingerprint	
func_L00_00239FC0	HudHealthUpdate	candidate	ReRAC doc_names.csv	suggested at US level 01 0x24E238 (docs/plan/hud_text.md:185): coined: health slot update; fingerprint	
func_L00_0023A1A0	HudHealthDraw	candidate	ReRAC doc_names.csv	suggested at US level 01 0x24E418 (docs/plan/hud_text.md:185): coined: health slot draw; fingerprint	
func_L00_0023A658	HudShowBolts	candidate	ReRAC doc_names.csv	suggested at US level 01 0x24E8D0 (docs/plan/hud_text.md:186): coined: registers bolt counter slot; fingerprint	
func_L00_0023A690	HudBoltsUpdate	candidate	ReRAC doc_names.csv	suggested at US level 01 0x24E908 (docs/plan/hud_text.md:186): coined: bolt counter update; fingerprint	
func_L00_0023A788	HudBoltsDraw	candidate	ReRAC doc_names.csv	suggested at US level 01 0x24EA00 (docs/plan/hud_text.md:186): coined: bolt counter draw; fingerprint	
func_L00_0023AC68	HudBoltAlertDraw	candidate	ReRAC doc_names.csv	suggested at US level 01 0x24EED8 (docs/plan/hud_text.md:188): coined: nearby-bolt alert draw; fingerprint	
func_L00_0023B0F8	HudWeaponInit	candidate	ReRAC doc_names.csv	suggested at US level 01 0x24F368 (docs/plan/hud_text.md:187): coined: weapon+ammo slot init; fingerprint	
func_L00_0023B140	HudWeaponDraw	candidate	ReRAC doc_names.csv	suggested at US level 01 0x24F3B0 (docs/plan/hud_text.md:187): coined: weapon+ammo slot draw; fingerprint	
func_L00_0023B610	HudUpdate	candidate	ReRAC doc_names.csv	suggested at US level 01 0x24F880 (docs/plan/hud_text.md:176): coined: HUD slot update loop; fingerprint	
func_L00_0023B750	HudWeaponShow	candidate	ReRAC doc_names.csv	suggested at US level 01 0x24F9C0 (docs/plan/hud_text.md:187): coined: weapon+ammo slot show; fingerprint	
func_L00_0023BAB8	HudFrame	descriptive	ReRAC doc_names.csv	verified at US level 01 0x24FD28 (docs/plan/hud_text.md:83): (slot;frame;x;y;flags;a); fingerprint	
func_L00_0023C058	HudSpriteSubRect	candidate	ReRAC doc_names.csv	suggested at US level 01 0x2502C8 (docs/plan/hud_text.md:82): coined: HUD sprite 1:1 sub-rect; fingerprint	
func_L00_0023C458	HudSpriteRot90	candidate	ReRAC doc_names.csv	suggested at US level 01 0x2506C8 (docs/plan/hud_text.md:81): coined: HUD sprite rotated 90; fingerprint	
func_L00_0023D750	HudWeaponUpdate	candidate	ReRAC doc_names.csv	suggested at US level 01 0x2519C0 (docs/plan/hud_text.md:187): coined: weapon+ammo slot update; fingerprint	
func_L00_0023DB30	VendorStockLevelInit	candidate	ReRAC doc_names.csv	suggested at US level 01 0x251DA0 (docs/plan/menus.md:158): coined: at level load drops unknown items; adds planet's new item; fingerprint	
func_L00_0023EF78	WritePointLight_A	candidate	ReRAC doc_names.csv	suggested at US level 01 0x2525F8 (docs/plan/tfrag_lighting.md:19): coined: FUN_002525f8 writes point-light bank; fingerprint	
func_L00_0023F0D0	WritePointLight_B	candidate	ReRAC doc_names.csv	suggested at US level 01 0x252750 (docs/plan/tfrag_lighting.md:19): coined: FUN_00252750 writes point-light bank; fingerprint	
func_L00_0023F1D0	FreePointLight	candidate	ReRAC doc_names.csv	suggested at US level 01 0x252850 (docs/plan/moby_update_catalogue.md:298): coined: free point light; fingerprint	
func_L00_00240CE0	set_up_vis_gif_viewer	candidate	ReRAC doc_names.csv	inferred at US level 01 0x254360 (docs/plan/moby_untextured.md:20): ; fingerprint	
func_L00_002420C0	CollInit	candidate	ReRAC doc_names.csv	suggested at US level 01 0x255740 (docs/plan/collision_queries.md:10): coined: FUN_00255740 collision init (mesh ptr; hero groups); fingerprint	
func_L00_0024F7E0	MobyFreeSlotBookkeeping	candidate	ReRAC doc_names.csv	suggested at US level 01 0x263300 (docs/plan/moby_update_catalogue.md:34): coined: free-slot bookkeeping; first step of frame; fingerprint	
func_L00_0024FD50	MobyAnimFindFrame	candidate	ReRAC doc_names.csv	suggested at US level 01 0x263870 (docs/plan/moby_animation.md:34): coined: frame finder reading frame time; fingerprint	
func_L00_00250928	MobyEvalAttachLists	candidate	ReRAC doc_names.csv	suggested at US level 01 0x2646D0 (docs/formats/moby_rac1.md:80): coined: evaluates N joint lists into attach matrices; fingerprint	
func_L00_002510F0	EnvNearestSamplePoint	candidate	ReRAC doc_names.csv	suggested at US level 01 0x264E98 (docs/plan/audio.md:201): coined: env sample point nearest hero sets music track; maybe-mid-function; fingerprint	
func_L00_002512D8	SetMissionDone	candidate	ReRAC doc_names.csv	suggested at US level 01 0x265080 (docs/plan/moby_update_catalogue.md:222): coined: set mission byte / mission done; fingerprint	
func_L00_00251388	LightMoby	candidate	ReRAC doc_names.csv	suggested at US level 01 0x2651A0 (docs/plan/render_pipeline.md:45): FUN_002651a0; doc-suggested name; uses 0x180340 bank; fingerprint	
func_L00_002514B8	MobyAnimAdvance	descriptive	ReRAC doc_names.csv	verified at US level 01 0x265260 (docs/plan/moby_update_catalogue.md:43): boot fun_0020d580; algorithm verified in moby_animation.md; fingerprint	
func_L00_00251E30	MobyBuildMatrix	candidate	ReRAC doc_names.csv	suggested at US level 01 0x265BD8 (docs/plan/moby_update_catalogue.md:46): coined: fun_0020def8 rebuilds rotation rows/bounding sphere unless mode&4; fingerprint	
func_L00_00252018	MobyAnimEval	candidate	ReRAC doc_names.csv	suggested at US level 01 0x265DC0 (docs/plan/moby_animation.md:94): level01 copy of fun_0020e0e0; fingerprint	
func_L00_00254218	MobyCollXformCached	candidate	ReRAC doc_names.csv	suggested at US level 01 0x267FC0 (docs/plan/collision_queries.md:95): coined: moby blob transform via 8-entry cache; fingerprint	
func_L00_00255B90	MobyAnimDecodeLocalPose	candidate	ReRAC doc_names.csv	suggested at US level 01 0x269938 (docs/formats/moby_rac1.md:81): coined: Ratchet decoded local pose; fingerprint	
func_L00_002569F8	MobyProc	descriptive	ReRAC doc_names.csv	verified at US level 01 0x26A7A0 (docs/plan/moby_untextured.md:33): also docs/plan/render_pipeline.md; fingerprint	
func_L00_00257E18	EnvZoneLookup	candidate	ReRAC doc_names.csv	suggested at US level 01 0x26BBC0 (docs/plan/world_animation.md:200): coined: env zone lookup returning index and t; fingerprint	
func_L00_0025805C	HeroEnvLighting	candidate	ReRAC doc_names.csv	suggested at US level 01 0x26BE04 (docs/plan/world_animation.md:215): coined: env zone hero light-bank cross-fade; fingerprint	
func_L00_002584A8	SetDeathBits	candidate	ReRAC doc_names.csv	suggested at US level 01 0x26C250 (docs/plan/moby_update_catalogue.md:300): coined: death bits (0x14c190 + level*0x100; 0x1ba950); fingerprint	
func_L00_00258BC8	rand_range	descriptive	ReRAC doc_names.csv	verified at US level 01 0x26C970 (docs/plan/particles.md:141): r % (b-a+1) + a; fingerprint	
func_L00_00258C80	randf_sym	descriptive	ReRAC doc_names.csv	verified at US level 01 0x26CA28 (docs/plan/particles.md:143): 12-bit random float; sign from bit 16; fingerprint	
func_L00_00258DB0	rand_vec	descriptive	ReRAC doc_names.csv	verified at US level 01 0x26CB58 (docs/plan/particles.md:145): random vector of random length; verified (line 294); fingerprint	
func_L00_00259148	SpringTurn	candidate	ReRAC doc_names.csv	suggested at US level 01 0x26CEF0 (docs/plan/moby_update_catalogue.md:299): coined: spring turn; fingerprint	
func_L00_002592B0	SpringTurn2	candidate	ReRAC doc_names.csv	suggested at US level 01 0x26D058 (docs/plan/moby_update_catalogue.md:299): coined: spring turn (second variant); fingerprint	
func_L00_0025B478	MobyGetHitMessage	candidate	ReRAC doc_names.csv	suggested at US level 01 0x26F320 (docs/plan/moby_update_catalogue.md:189): coined: hit/damage message query (m; mask; keep); fingerprint	
func_L00_0025C918	Spring	candidate	ReRAC doc_names.csv	inferred at US level 01 0x270780 (docs/plan/player_controller.md:138): doc name Spring(t;k;d;max;&x;&v); fingerprint	
func_L00_0025CCF0	SpringAngle	candidate	ReRAC doc_names.csv	suggested at US level 01 0x270B58 (docs/plan/player_controller.md:140): coined: yaw spring with wrapped angle differences (called by TurnTo); fingerprint	
func_L00_0025D308	ReflectVelocity	candidate	ReRAC doc_names.csv	suggested at US level 01 0x271170 (docs/plan/particles.md:122): coined: reflects particle velocity on collision hit (factor P.3c); fingerprint	
func_L00_0025E860	SplineProject	candidate	ReRAC doc_names.csv	suggested at US level 01 0x2726C8 (docs/plan/moby_update_catalogue.md:293): coined: spline project; fingerprint	
func_L00_0025EFC0	SplineSample	candidate	ReRAC doc_names.csv	suggested at US level 01 0x272E28 (docs/plan/moby_update_catalogue.md:293): coined: spline sample; fingerprint	
func_L00_002617B0	CarryRiders	candidate	ReRAC doc_names.csv	suggested at US level 01 0x2755F8 (docs/plan/moby_update_catalogue.md:138): coined: carry riders; fingerprint	
func_L00_00261848	UnlockPlanet	candidate	ReRAC doc_names.csv	suggested at US level 01 0x2756D0 (docs/plan/menus.md:254): coined: unlocks planet; fingerprint	
func_L00_002618D8	GiveItem	candidate	ReRAC doc_names.csv	suggested at US level 01 0x275760 (docs/plan/menus.md:194): coined: (id;1) gives weapon; fingerprint	
func_L00_00263DB0	ShowPlanetBanner	candidate	ReRAC doc_names.csv	suggested at US level 01 0x277C38 (docs/plan/menus.md:258): coined: planet banner 1009+ [L]; fingerprint	
func_L00_00264570	SpawnImpactSparks	candidate	ReRAC doc_names.csv	suggested at US level 01 0x2780B0 (docs/plan/particles.md:245): coined: impact sparks via particle type 1; fingerprint	
func_L00_00264DB8	ShowBanner	descriptive	ReRAC doc_names.csv	verified at US level 01 0x2789E0 (docs/plan/hud_text.md:162): (msg_id;ticks=180); fingerprint	
func_L00_00264E28	ShowBannerf	candidate	ReRAC doc_names.csv	suggested at US level 01 0x278A50 (docs/plan/hud_text.md:162): coined: ShowBanner with printf arg; fingerprint	
func_L00_00265050	BreakFxB	candidate	ReRAC doc_names.csv	suggested at US level 01 0x278AD8 (docs/plan/moby_update_catalogue.md:296): coined: one of three break FX fns; fingerprint	
func_L00_002653A0	RaceTimerShow	candidate	ReRAC doc_names.csv	suggested at US level 01 0x278EB8 (docs/plan/hud_text.md:191): coined: race timer slot 12 show; fingerprint	
func_L00_00265558	OpenShipMenu	candidate	ReRAC doc_names.csv	suggested at US level 01 0x279070 (docs/plan/moby_update_catalogue.md:217): coined: ship menu; called with 2; fingerprint	
func_L00_002657B8	MobyLoadTimeUpdatePass	candidate	ReRAC doc_names.csv	suggested at US level 01 0x2792D0 (docs/plan/particles.md:328): coined: FUN_002792d0 runs every moby update once before first frame; fingerprint	
func_L00_002664B0	MusicRequestTrack	candidate	ReRAC doc_names.csv	suggested at US level 01 0x27A248 (docs/plan/audio.md:194): coined: (track;stinger) music change request; fingerprint	
func_L00_00267188	MusicStartCallback	candidate	ReRAC doc_names.csv	suggested at US level 01 0x27AF20 (docs/plan/audio.md:188): coined: handle callback sets state 8; fingerprint	
func_L00_00267BA8	PadPressedWithin	candidate	ReRAC doc_names.csv	suggested at US level 01 0x27B940 (docs/plan/player_controller.md:45): coined: (mask;n;*ago) mask pressed within last n ticks (input buffer); fingerprint	
func_L00_00267C48	PadComboWithin	candidate	ReRAC doc_names.csv	suggested at US level 01 0x27B9E0 (docs/plan/player_controller.md:46): coined: both buttons pressed within n ticks; at most gap apart; fingerprint	
func_L00_00268760	CreatePart2	descriptive	ReRAC doc_names.csv	verified at US level 01 0x27C4A0 (docs/plan/particles.md:14): real allocator; pool logic verified from disassembly (line 300); fingerprint	
func_L00_002688A8	KillPart	descriptive	ReRAC doc_names.csv	verified at US level 01 0x27C5E8 (docs/plan/particles.md:15): frees record; verified from disassembly (line 300); fingerprint	
func_L00_002689B0	PartType22Update	candidate	ReRAC doc_names.csv	suggested at US level 01 0x27C6F0 (docs/plan/particles.md:63): coined: particle type 22 update fn from RegisterPartTypes table; fingerprint	
func_L00_002697A0	RegisterPartTypes	candidate	ReRAC doc_names.csv	inferred at US level 01 0x27D4E0 (docs/plan/particles.md:19): fills 81-entry update table 0x1b2300; fingerprint	
func_L00_00269BE8	PartType00Update	candidate	ReRAC doc_names.csv	suggested at US level 01 0x27D928 (docs/plan/particles.md:60): coined: particle type 0 update fn from RegisterPartTypes table; fingerprint	
func_L00_00269DB0	PartType01Spawn	candidate	ReRAC doc_names.csv	suggested at US level 01 0x27DAF0 (docs/plan/particles.md:60): coined: particle type 1 spawner (only CreatePart call site) (impact sparks); fingerprint	
func_L00_00269E88	PartType01Update	candidate	ReRAC doc_names.csv	suggested at US level 01 0x27DBC8 (docs/plan/particles.md:60): coined: particle type 1 update fn from RegisterPartTypes table (impact sparks); fingerprint	
func_L00_0026A130	PartType02Update	candidate	ReRAC doc_names.csv	suggested at US level 01 0x27DE70 (docs/plan/particles.md:60): coined: particle type 2 update fn from RegisterPartTypes table; fingerprint	
func_L00_0026A398	PartType03Update	candidate	ReRAC doc_names.csv	suggested at US level 01 0x27E0D8 (docs/plan/particles.md:60): coined: particle type 3 update fn from RegisterPartTypes table; fingerprint	
func_L00_0026A7F8	PartType04Spawn	candidate	ReRAC doc_names.csv	suggested at US level 01 0x27E538 (docs/plan/particles.md:60): coined: particle type 4 spawner (only CreatePart call site); fingerprint	
func_L00_0026A910	PartType04Update	candidate	ReRAC doc_names.csv	suggested at US level 01 0x27E650 (docs/plan/particles.md:60): coined: particle type 4 update fn from RegisterPartTypes table; fingerprint	
func_L00_0026AA10	PartType05Spawn	candidate	ReRAC doc_names.csv	suggested at US level 01 0x27E750 (docs/plan/particles.md:60): coined: particle type 5 spawner (only CreatePart call site); fingerprint	
func_L00_0026AB10	PartType05Update	candidate	ReRAC doc_names.csv	suggested at US level 01 0x27E850 (docs/plan/particles.md:60): coined: particle type 5 update fn from RegisterPartTypes table; fingerprint	PartType07Update
func_L00_0026ABC0	PartType06Update	candidate	ReRAC doc_names.csv	suggested at US level 01 0x27EB08 (docs/plan/particles.md:60): coined: particle type 6 update fn from RegisterPartTypes table (data-driven emitter particle); fingerprint	
func_L00_0026B368	PartType08Spawn	candidate	ReRAC doc_names.csv	suggested at US level 01 0x27F2B0 (docs/plan/particles.md:61): coined: particle type 8 spawner (only CreatePart call site); fingerprint	
func_L00_0026B458	PartType08Update	candidate	ReRAC doc_names.csv	suggested at US level 01 0x27F3A0 (docs/plan/particles.md:61): coined: particle type 8 update fn from RegisterPartTypes table; fingerprint	
func_L00_0026B590	PartType09Update	candidate	ReRAC doc_names.csv	suggested at US level 01 0x27F4D8 (docs/plan/particles.md:61): coined: particle type 9 update fn from RegisterPartTypes table; fingerprint	
func_L00_0026B720	PartType10Update	candidate	ReRAC doc_names.csv	suggested at US level 01 0x27F788 (docs/plan/particles.md:61): coined: particle type 10 update fn from RegisterPartTypes table; fingerprint	
func_L00_0026B890	PartType11Spawn	candidate	ReRAC doc_names.csv	suggested at US level 01 0x27F8F8 (docs/plan/particles.md:61): coined: particle type 11 spawner (only CreatePart call site); fingerprint	
func_L00_0026BB18	PartType11Update	candidate	ReRAC doc_names.csv	suggested at US level 01 0x27FB80 (docs/plan/particles.md:61): coined: particle type 11 update fn from RegisterPartTypes table; fingerprint	
func_L00_0026C0D0	PartType12Spawn	candidate	ReRAC doc_names.csv	suggested at US level 01 0x280138 (docs/plan/particles.md:62): coined: particle type 12 spawner (only CreatePart call site); fingerprint	
func_L00_0026C3A0	PartType12Update	candidate	ReRAC doc_names.csv	suggested at US level 01 0x280408 (docs/plan/particles.md:62): coined: particle type 12 update fn from RegisterPartTypes table; fingerprint	
func_L00_0026C630	PartType13Spawn	candidate	ReRAC doc_names.csv	suggested at US level 01 0x280698 (docs/plan/particles.md:62): coined: particle type 13 spawner (only CreatePart call site); fingerprint	
func_L00_0026C7B0	PartType13Update	candidate	ReRAC doc_names.csv	suggested at US level 01 0x280818 (docs/plan/particles.md:62): coined: particle type 13 update fn from RegisterPartTypes table; fingerprint	
func_L00_0026C908	PartType14Update	candidate	ReRAC doc_names.csv	suggested at US level 01 0x280AC8 (docs/plan/particles.md:62): coined: particle type 14 update fn from RegisterPartTypes table; fingerprint	
func_L00_0026CA10	PartType15Spawn	candidate	ReRAC doc_names.csv	suggested at US level 01 0x280BD0 (docs/plan/particles.md:62): coined: particle type 15 spawner (only CreatePart call site); fingerprint	
func_L00_0026CB48	PartType15Update	candidate	ReRAC doc_names.csv	suggested at US level 01 0x280D08 (docs/plan/particles.md:62): coined: particle type 15 update fn from RegisterPartTypes table; fingerprint	
func_L00_0026CD70	PartType16Spawn	candidate	ReRAC doc_names.csv	suggested at US level 01 0x280F30 (docs/plan/particles.md:62): coined: particle type 16 spawner (only CreatePart call site); fingerprint	
func_L00_0026CF28	PartType16Update	candidate	ReRAC doc_names.csv	suggested at US level 01 0x2810E8 (docs/plan/particles.md:62): coined: particle type 16 update fn from RegisterPartTypes table; fingerprint	
func_L00_0026D270	PartType18Spawn	candidate	ReRAC doc_names.csv	suggested at US level 01 0x281430 (docs/plan/particles.md:63): coined: particle type 18 spawner (only CreatePart call site); fingerprint	
func_L00_0026D3F8	PartType18Update	candidate	ReRAC doc_names.csv	suggested at US level 01 0x2815B8 (docs/plan/particles.md:63): coined: particle type 18 update fn from RegisterPartTypes table; fingerprint	
func_L00_0026D588	PartType19Spawn	candidate	ReRAC doc_names.csv	suggested at US level 01 0x281748 (docs/plan/particles.md:63): coined: particle type 19 spawner (only CreatePart call site); fingerprint	
func_L00_0026D690	PartType19Update	candidate	ReRAC doc_names.csv	suggested at US level 01 0x281850 (docs/plan/particles.md:63): coined: particle type 19 update fn from RegisterPartTypes table; fingerprint	
func_L00_0026D700	PartType20Update	candidate	ReRAC doc_names.csv	suggested at US level 01 0x2818C0 (docs/plan/particles.md:63): coined: particle type 20 update fn from RegisterPartTypes table; fingerprint	
func_L00_0026DA50	PartType21Spawn	candidate	ReRAC doc_names.csv	suggested at US level 01 0x281C10 (docs/plan/particles.md:63): coined: particle type 21 spawner (only CreatePart call site); fingerprint	
func_L00_0026DB50	PartType21Update	candidate	ReRAC doc_names.csv	suggested at US level 01 0x281D10 (docs/plan/particles.md:63): coined: particle type 21 update fn from RegisterPartTypes table; fingerprint	
func_L00_0026DD70	PartType22Spawn	candidate	ReRAC doc_names.csv	suggested at US level 01 0x281F30 (docs/plan/particles.md:63): coined: particle type 22 spawner (only CreatePart call site); fingerprint	
func_L00_0026DEA0	PartType23Spawn	candidate	ReRAC doc_names.csv	suggested at US level 01 0x282060 (docs/plan/particles.md:63): coined: particle type 23 spawner (only CreatePart call site); fingerprint	
func_L00_0026E050	PartType23Update	candidate	ReRAC doc_names.csv	suggested at US level 01 0x282210 (docs/plan/particles.md:63): coined: particle type 23 update fn from RegisterPartTypes table; fingerprint	
func_L00_0026E310	PartType24Update	candidate	ReRAC doc_names.csv	suggested at US level 01 0x2824D0 (docs/plan/particles.md:64): coined: particle type 24 update fn from RegisterPartTypes table; fingerprint	
func_L00_0026E438	PartType25Spawn	candidate	ReRAC doc_names.csv	suggested at US level 01 0x2825F8 (docs/plan/particles.md:64): coined: particle type 25 spawner (only CreatePart call site); fingerprint	
func_L00_0026E5A0	PartType25Update	candidate	ReRAC doc_names.csv	suggested at US level 01 0x282760 (docs/plan/particles.md:64): coined: particle type 25 update fn from RegisterPartTypes table; fingerprint	
func_L00_0026E940	PartType26Spawn	candidate	ReRAC doc_names.csv	suggested at US level 01 0x282B00 (docs/plan/particles.md:64): coined: particle type 26 spawner (only CreatePart call site); fingerprint	
func_L00_0026EA80	PartType26Update	candidate	ReRAC doc_names.csv	suggested at US level 01 0x282C40 (docs/plan/particles.md:64): coined: particle type 26 update fn from RegisterPartTypes table; fingerprint	
func_L00_0026EBC0	PartType27Spawn	candidate	ReRAC doc_names.csv	suggested at US level 01 0x282D80 (docs/plan/particles.md:64): coined: particle type 27 spawner (only CreatePart call site); fingerprint	
func_L00_0026ECA0	PartType27Update	candidate	ReRAC doc_names.csv	suggested at US level 01 0x282E60 (docs/plan/particles.md:64): coined: particle type 27 update fn from RegisterPartTypes table; fingerprint	
func_L00_0026ED30	PartType28Spawn	candidate	ReRAC doc_names.csv	suggested at US level 01 0x282EF0 (docs/plan/particles.md:64): coined: particle type 28 spawner (only CreatePart call site); fingerprint	
func_L00_0026EFF0	PartType28Update	candidate	ReRAC doc_names.csv	suggested at US level 01 0x2831B0 (docs/plan/particles.md:64): coined: particle type 28 update fn from RegisterPartTypes table; fingerprint	
func_L00_0026F248	PartType29Update	candidate	ReRAC doc_names.csv	suggested at US level 01 0x283408 (docs/plan/particles.md:64): coined: particle type 29 update fn from RegisterPartTypes table; fingerprint	
func_L00_0026F510	PartType30Update	candidate	ReRAC doc_names.csv	suggested at US level 01 0x2836D0 (docs/plan/particles.md:65): coined: particle type 30 update fn from RegisterPartTypes table; fingerprint	
func_L00_0026FA28	PartType31Update	candidate	ReRAC doc_names.csv	suggested at US level 01 0x283BE8 (docs/plan/particles.md:65): coined: particle type 31 update fn from RegisterPartTypes table; fingerprint	
func_L00_0026FBC8	PartType32Spawn	candidate	ReRAC doc_names.csv	suggested at US level 01 0x283D88 (docs/plan/particles.md:65): coined: particle type 32 spawner (only CreatePart call site); fingerprint	
func_L00_0026FCE8	PartType32Update	candidate	ReRAC doc_names.csv	suggested at US level 01 0x283EA8 (docs/plan/particles.md:65): coined: particle type 32 update fn from RegisterPartTypes table; fingerprint	
func_L00_0026FEE8	PartType33Update	candidate	ReRAC doc_names.csv	suggested at US level 01 0x2840A8 (docs/plan/particles.md:65): coined: particle type 33 update fn from RegisterPartTypes table; fingerprint	PartType63Update
func_L00_0026FF20	PartType34Spawn	candidate	ReRAC doc_names.csv	suggested at US level 01 0x2840E0 (docs/plan/particles.md:65): coined: particle type 34 spawner (only CreatePart call site); fingerprint	
func_L00_00270120	PartType34Update	candidate	ReRAC doc_names.csv	suggested at US level 01 0x2842E0 (docs/plan/particles.md:65): coined: particle type 34 update fn from RegisterPartTypes table; fingerprint	
func_L00_002703E8	PartType35Spawn	candidate	ReRAC doc_names.csv	suggested at US level 01 0x2845A8 (docs/plan/particles.md:65): coined: particle type 35 spawner (only CreatePart call site); fingerprint	
func_L00_00270500	PartType35Update	candidate	ReRAC doc_names.csv	suggested at US level 01 0x2846C0 (docs/plan/particles.md:65): coined: particle type 35 update fn from RegisterPartTypes table; fingerprint	
func_L00_00270738	PartType36Update	candidate	ReRAC doc_names.csv	suggested at US level 01 0x2848F8 (docs/plan/particles.md:65): coined: particle type 36 update fn from RegisterPartTypes table; fingerprint	
func_L00_002708A0	PartType37Update	candidate	ReRAC doc_names.csv	suggested at US level 01 0x284A60 (docs/plan/particles.md:66): coined: particle type 37 update fn from RegisterPartTypes table; fingerprint	
func_L00_002709A0	PartType38Update	candidate	ReRAC doc_names.csv	suggested at US level 01 0x284B60 (docs/plan/particles.md:66): coined: particle type 38 update fn from RegisterPartTypes table; fingerprint	
func_L00_00270AD8	PartType39Update	candidate	ReRAC doc_names.csv	suggested at US level 01 0x284C98 (docs/plan/particles.md:66): coined: particle type 39 update fn from RegisterPartTypes table; fingerprint	
func_L00_00270BC8	PartType40Spawn	candidate	ReRAC doc_names.csv	suggested at US level 01 0x284D88 (docs/plan/particles.md:66): coined: particle type 40 spawner (only CreatePart call site); fingerprint	
func_L00_00270DB0	PartType40Update	candidate	ReRAC doc_names.csv	suggested at US level 01 0x284F70 (docs/plan/particles.md:66): coined: particle type 40 update fn from RegisterPartTypes table; fingerprint	
func_L00_002715B0	PartType41Update	candidate	ReRAC doc_names.csv	suggested at US level 01 0x2858A8 (docs/plan/particles.md:66): coined: particle type 41 update fn from RegisterPartTypes table; fingerprint	
func_L00_002715F8	PartType42Spawn	candidate	ReRAC doc_names.csv	suggested at US level 01 0x2858F0 (docs/plan/particles.md:66): coined: particle type 42 spawner (only CreatePart call site); fingerprint	
func_L00_002717E8	PartType42Update	candidate	ReRAC doc_names.csv	suggested at US level 01 0x285AE0 (docs/plan/particles.md:66): coined: particle type 42 update fn from RegisterPartTypes table; fingerprint	
func_L00_00271F40	PartType43Update	candidate	ReRAC doc_names.csv	suggested at US level 01 0x286238 (docs/plan/particles.md:66): coined: particle type 43 update fn from RegisterPartTypes table; fingerprint	
func_L00_00272158	PartType44Spawn	candidate	ReRAC doc_names.csv	suggested at US level 01 0x286450 (docs/plan/particles.md:67): coined: particle type 44 spawner (only CreatePart call site); fingerprint	
func_L00_002722F0	PartType44Update	candidate	ReRAC doc_names.csv	suggested at US level 01 0x2865E8 (docs/plan/particles.md:67): coined: particle type 44 update fn from RegisterPartTypes table; fingerprint	
func_L00_00272488	PartType45Spawn	candidate	ReRAC doc_names.csv	suggested at US level 01 0x286780 (docs/plan/particles.md:67): coined: particle type 45 spawner (only CreatePart call site); fingerprint	
func_L00_002725E8	PartType45Update	candidate	ReRAC doc_names.csv	suggested at US level 01 0x2868E0 (docs/plan/particles.md:67): coined: particle type 45 update fn from RegisterPartTypes table; fingerprint	
func_L00_00272770	PartType46Spawn	candidate	ReRAC doc_names.csv	suggested at US level 01 0x286A68 (docs/plan/particles.md:67): coined: particle type 46 spawner (only CreatePart call site); fingerprint	
func_L00_00272890	PartType46Update	candidate	ReRAC doc_names.csv	suggested at US level 01 0x286B88 (docs/plan/particles.md:67): coined: particle type 46 update fn from RegisterPartTypes table; fingerprint	
func_L00_002729B8	PartType47Spawn	candidate	ReRAC doc_names.csv	suggested at US level 01 0x286CB0 (docs/plan/particles.md:67): coined: particle type 47 spawner (only CreatePart call site); fingerprint	
func_L00_00272A88	PartType47Update	candidate	ReRAC doc_names.csv	suggested at US level 01 0x286D80 (docs/plan/particles.md:67): coined: particle type 47 update fn from RegisterPartTypes table; fingerprint	
func_L00_00272B28	PartType48Update	candidate	ReRAC doc_names.csv	suggested at US level 01 0x286E20 (docs/plan/particles.md:67): coined: particle type 48 update fn from RegisterPartTypes table; fingerprint	
func_L00_00272BC0	PartType49Update	candidate	ReRAC doc_names.csv	suggested at US level 01 0x286EB8 (docs/plan/particles.md:67): coined: particle type 49 update fn from RegisterPartTypes table; fingerprint	
func_L00_00272C98	PartType50Update	candidate	ReRAC doc_names.csv	suggested at US level 01 0x286F90 (docs/plan/particles.md:68): coined: particle type 50 update fn from RegisterPartTypes table; fingerprint	
func_L00_00272D68	PartType51Update	candidate	ReRAC doc_names.csv	suggested at US level 01 0x287060 (docs/plan/particles.md:68): coined: particle type 51 update fn from RegisterPartTypes table; fingerprint	
func_L00_00272E60	PartType52Update	candidate	ReRAC doc_names.csv	suggested at US level 01 0x287288 (docs/plan/particles.md:68): coined: particle type 52 update fn from RegisterPartTypes table; fingerprint	
func_L00_00272F00	PartType53Spawn	candidate	ReRAC doc_names.csv	suggested at US level 01 0x287328 (docs/plan/particles.md:68): coined: particle type 53 spawner (only CreatePart call site); fingerprint	
func_L00_00273090	PartType53Update	candidate	ReRAC doc_names.csv	suggested at US level 01 0x2874B8 (docs/plan/particles.md:68): coined: particle type 53 update fn from RegisterPartTypes table; fingerprint	
func_L00_002732D8	PartType54Update	candidate	ReRAC doc_names.csv	suggested at US level 01 0x287700 (docs/plan/particles.md:68): coined: particle type 54 update fn from RegisterPartTypes table; fingerprint	
func_L00_00273478	PartType55Spawn	candidate	ReRAC doc_names.csv	suggested at US level 01 0x2878A0 (docs/plan/particles.md:68): coined: particle type 55 spawner (only CreatePart call site); fingerprint	
func_L00_00273578	PartType55Update	candidate	ReRAC doc_names.csv	suggested at US level 01 0x2879A0 (docs/plan/particles.md:68): coined: particle type 55 update fn from RegisterPartTypes table; fingerprint	
func_L00_002736D8	PartType56Update	candidate	ReRAC doc_names.csv	suggested at US level 01 0x287BD8 (docs/plan/particles.md:69): coined: particle type 56 update fn from RegisterPartTypes table (mist puff); fingerprint	
func_L00_00273788	PartType57Update	candidate	ReRAC doc_names.csv	suggested at US level 01 0x287D90 (docs/plan/particles.md:69): coined: particle type 57 update fn from RegisterPartTypes table (flat ripple); fingerprint	
func_L00_00273868	PartType58Spawn	candidate	ReRAC doc_names.csv	suggested at US level 01 0x287E70 (docs/plan/particles.md:69): coined: particle type 58 spawner (only CreatePart call site); fingerprint	
func_L00_00273A60	PartType58Update	candidate	ReRAC doc_names.csv	suggested at US level 01 0x288068 (docs/plan/particles.md:69): coined: particle type 58 update fn from RegisterPartTypes table; fingerprint	
func_L00_00273E08	PartType59Spawn	candidate	ReRAC doc_names.csv	suggested at US level 01 0x288410 (docs/plan/particles.md:69): coined: particle type 59 spawner (only CreatePart call site) (glow); fingerprint	
func_L00_00273F28	PartType59Update	candidate	ReRAC doc_names.csv	suggested at US level 01 0x288530 (docs/plan/particles.md:69): coined: particle type 59 update fn from RegisterPartTypes table (glow); fingerprint	
func_L00_00273F80	PartType60Spawn	candidate	ReRAC doc_names.csv	suggested at US level 01 0x288588 (docs/plan/particles.md:69): coined: particle type 60 spawner (only CreatePart call site) (sparkle); fingerprint	
func_L00_00274138	PartType60Update	candidate	ReRAC doc_names.csv	suggested at US level 01 0x288740 (docs/plan/particles.md:69): coined: particle type 60 update fn from RegisterPartTypes table (sparkle); fingerprint	
func_L00_002742E8	PartType61Update	candidate	ReRAC doc_names.csv	suggested at US level 01 0x2888F0 (docs/plan/particles.md:69): coined: particle type 61 update fn from RegisterPartTypes table; fingerprint	
func_L00_002745A8	PartType62Spawn	candidate	ReRAC doc_names.csv	suggested at US level 01 0x288BB0 (docs/plan/particles.md:70): coined: particle type 62 spawner (only CreatePart call site); fingerprint	
func_L00_002746A0	PartType62Update	candidate	ReRAC doc_names.csv	suggested at US level 01 0x288CA8 (docs/plan/particles.md:70): coined: particle type 62 update fn from RegisterPartTypes table; fingerprint	
func_L00_00274788	PartType64Spawn	candidate	ReRAC doc_names.csv	suggested at US level 01 0x288D90 (docs/plan/particles.md:70): coined: particle type 64 spawner (only CreatePart call site); fingerprint	
func_L00_00274908	PartType64Update	candidate	ReRAC doc_names.csv	suggested at US level 01 0x288F10 (docs/plan/particles.md:70): coined: particle type 64 update fn from RegisterPartTypes table; fingerprint	
func_L00_00274D80	PartType65Update	candidate	ReRAC doc_names.csv	suggested at US level 01 0x289388 (docs/plan/particles.md:70): coined: particle type 65 update fn from RegisterPartTypes table; fingerprint	
func_L00_00275040	PartType66Spawn	candidate	ReRAC doc_names.csv	suggested at US level 01 0x289648 (docs/plan/particles.md:70): coined: particle type 66 spawner (only CreatePart call site); fingerprint	
func_L00_002751A8	PartType66Update	candidate	ReRAC doc_names.csv	suggested at US level 01 0x2897B0 (docs/plan/particles.md:70): coined: particle type 66 update fn from RegisterPartTypes table; fingerprint	
func_L00_00275248	PartType67Spawn	candidate	ReRAC doc_names.csv	suggested at US level 01 0x289850 (docs/plan/particles.md:70): coined: particle type 67 spawner (only CreatePart call site); fingerprint	
func_L00_002753B8	PartType67Update	candidate	ReRAC doc_names.csv	suggested at US level 01 0x2899C0 (docs/plan/particles.md:70): coined: particle type 67 update fn from RegisterPartTypes table; fingerprint	
func_L00_002756B8	PartType68Update	candidate	ReRAC doc_names.csv	suggested at US level 01 0x289CC0 (docs/plan/particles.md:71): coined: particle type 68 update fn from RegisterPartTypes table; fingerprint	
func_L00_00275910	PartType69Update	candidate	ReRAC doc_names.csv	suggested at US level 01 0x289DF0 (docs/plan/particles.md:71): coined: particle type 69 update fn from RegisterPartTypes table; fingerprint	
func_L00_00275C80	PartType70Update	candidate	ReRAC doc_names.csv	suggested at US level 01 0x28A078 (docs/plan/particles.md:71): coined: particle type 70 update fn from RegisterPartTypes table; fingerprint	
func_L00_00275CE8	PartType71Update	candidate	ReRAC doc_names.csv	suggested at US level 01 0x28A0E0 (docs/plan/particles.md:71): coined: particle type 71 update fn from RegisterPartTypes table; fingerprint	
func_L00_00275FF8	PartType72Spawn	candidate	ReRAC doc_names.csv	suggested at US level 01 0x28A3F0 (docs/plan/particles.md:71): coined: particle type 72 spawner (only CreatePart call site); fingerprint	
func_L00_00276180	PartType72Update	candidate	ReRAC doc_names.csv	suggested at US level 01 0x28A578 (docs/plan/particles.md:71): coined: particle type 72 update fn from RegisterPartTypes table; fingerprint	
func_L00_002761C0	PartType73Update	candidate	ReRAC doc_names.csv	suggested at US level 01 0x28A5B8 (docs/plan/particles.md:71): coined: particle type 73 update fn from RegisterPartTypes table; fingerprint	
func_L00_002763B0	PartType74Update	candidate	ReRAC doc_names.csv	suggested at US level 01 0x28A908 (docs/plan/particles.md:71): coined: particle type 74 update fn from RegisterPartTypes table; fingerprint	
func_L00_00276590	PartType75Update	candidate	ReRAC doc_names.csv	suggested at US level 01 0x28AAE8 (docs/plan/particles.md:71): coined: particle type 75 update fn from RegisterPartTypes table; fingerprint	
func_L00_002766B0	PartType76Update	candidate	ReRAC doc_names.csv	suggested at US level 01 0x28AC08 (docs/plan/particles.md:72): coined: particle type 76 update fn from RegisterPartTypes table; fingerprint	
func_L00_00276700	PartType77Update	candidate	ReRAC doc_names.csv	suggested at US level 01 0x28AC58 (docs/plan/particles.md:72): coined: particle type 77 update fn from RegisterPartTypes table; fingerprint	
func_L00_002767B0	PartType78Spawn	candidate	ReRAC doc_names.csv	suggested at US level 01 0x28AD08 (docs/plan/particles.md:72): coined: particle type 78 spawner (only CreatePart call site); fingerprint	
func_L00_00276940	PartType78Update	candidate	ReRAC doc_names.csv	suggested at US level 01 0x28AE98 (docs/plan/particles.md:72): coined: particle type 78 update fn from RegisterPartTypes table; fingerprint	
func_L00_00276C08	PartType79Update	candidate	ReRAC doc_names.csv	suggested at US level 01 0x28B160 (docs/plan/particles.md:72): coined: particle type 79 update fn from RegisterPartTypes table; fingerprint	
func_L00_00276D50	PartType80Update	candidate	ReRAC doc_names.csv	suggested at US level 01 0x28B2A8 (docs/plan/particles.md:72): coined: particle type 80 update fn from RegisterPartTypes table; fingerprint	
func_L00_002777C0	PageMenuClose	candidate	ReRAC doc_names.csv	suggested at US level 01 0x28C6C8 (docs/plan/menus.md:117): coined: close; restores HUD bank; frees mobys; runs post-action; fingerprint	
func_L00_002781D8	PageMenuDraw	candidate	ReRAC doc_names.csv	suggested at US level 01 0x28D080 (docs/plan/menus.md:24): coined: page menu render (snapshot; black 0x30; mobys; widgets); fingerprint	
func_L00_0028A5A8	UpdateSkyShellsStatic	descriptive	ReRAC doc_names.csv	verified at US level 01 0x29EDB0 (docs/plan/render_pipeline.md:51): static (identity) sky-shell loop, taken when level index 0x15ed84 != 1 (DrawSky 0x252570); fingerprint	
func_L00_0028A6F8	UpdateSkyShellsAnimated	descriptive	ReRAC doc_names.csv	verified at US level 01 0x29EE10 (docs/plan/render_pipeline.md:51): animated sky-shell loop (shells 2-4 rotate with 0x15f5cc), taken when level index 0x15ed84 == 1 (DrawSky 0x252570); fingerprint	
func_L00_0028D958	SkyBsphereCheck	candidate	ReRAC doc_names.csv	inferred at US level 01 0x2A00B0 (docs/plan/sky_render_notes.md:18): per-cluster bounding-sphere cull; existing level01 name; fingerprint	
func_L00_0028EB98	SoundIsAlive	candidate	ReRAC doc_names.csv	suggested at US level 01 0x2A12F0 (docs/plan/audio.md:131): coined: (moby;slot) alive?; fingerprint	
func_L00_0028EBF0	release_voice_slot	candidate	ReRAC doc_names.csv	inferred at US level 01 0x2A1348 (docs/plan/moby_update_catalogue.md:295): alt SoundRelease (docs/plan/audio.md:131; suggested); fingerprint	
func_L00_0028EF68	PlayClassSoundByClass	candidate	ReRAC doc_names.csv	suggested at US level 01 0x2A16C0 (docs/plan/audio.md:127): coined: class sound looked up by o_class; fingerprint	
func_L00_0028F0B0	PlayLevelSoundAtInstance	candidate	ReRAC doc_names.csv	suggested at US level 01 0x2A1808 (docs/plan/audio.md:128): coined: level def at sound instance; fingerprint	
func_L00_0028F140	PlayFootstepSound	candidate	ReRAC doc_names.csv	suggested at US level 01 0x2A1898 (docs/plan/collision_queries.md:82): coined: sound = tbl[level] + class*4 + foot*2 + variant + base; fingerprint	
func_L00_0028F210	SoundSetPitchBend	candidate	ReRAC doc_names.csv	suggested at US level 01 0x2A1988 (docs/plan/audio.md:130): coined: set slot pitch bend; fingerprint	SoundSetVolume
func_L00_0028F230	SoundInstanceUpdate	candidate	ReRAC doc_names.csv	suggested at US level 01 0x2A19A8 (docs/plan/audio.md:177): coined: dispatches sound instance update; fingerprint	
func_L00_0028F458	ShipUpdate	candidate	ReRAC doc_names.csv	suggested at US level 01 0x2A1C40 (docs/plan/moby_update_catalogue.md:214): coined: engine-shared ship update set on moby+0x74; fingerprint	
func_L00_0028FCA0	EnterShipMode	candidate	ReRAC doc_names.csv	suggested at US level 01 0x2A24B8 (docs/plan/menus.md:27): coined: (sub) sets mode 6 and substate; take-off with 0; fingerprint	
func_L00_0028FFB0	ShipTakeOff	candidate	ReRAC doc_names.csv	suggested at US level 01 0x2A27C8 (docs/plan/menus.md:52): coined: take-off; calls 0x2a24b8(0); fingerprint	
func_L00_00290030	ShipTravelTo	candidate	ReRAC doc_names.csv	suggested at US level 01 0x2A2848 (docs/plan/menus.md:27): coined: (dest) ship travel after planet select; landing or fly-away; fingerprint	
func_L00_002963D8	BuildTfragTextureDma	descriptive	ReRAC doc_names.csv	verified at US level 01 0x2A8BF0 (docs/plan/render_pipeline.md:41): tfrag texture upload chain; fingerprint	
func_L00_00299148	IncrementTickCounter	candidate	ReRAC doc_names.csv	suggested at US level 01 0x2AB960 (docs/plan/player_controller.md:25): coined: end of gameplay tick; tick counter 0x15f5cc++; fingerprint	
func_L00_0029A300	CutsceneModeUpdate	candidate	ReRAC doc_names.csv	suggested at US level 01 0x2ACA80 (docs/plan/menus.md:23): coined: mode 2 in-engine cutscene update; fingerprint	
func_L00_0029A7D0	DialogStreamUpdate	candidate	ReRAC doc_names.csv	suggested at US level 01 0x2ACF50 (docs/plan/moby_update_catalogue.md:221): coined: dialog stream fn; doc does not distinguish it from 0x2ac330; fingerprint	
func_L00_0029A868	PlayMovieC	candidate	ReRAC doc_names.csv	suggested at US level 01 0x2ACFE8 (docs/plan/menus.md:22): coined: starts PSS movie variant (post-action 6; arg 0x1ba254); fingerprint	
func_L00_0029A8D0	PlayMovieB	candidate	ReRAC doc_names.csv	suggested at US level 01 0x2AD050 (docs/plan/menus.md:22): coined: starts PSS movie variant (post-action 4); fingerprint	
func_L00_0029A940	StartPssMovie	candidate	ReRAC doc_names.csv	suggested at US level 01 0x2AD0C0 (docs/plan/menus.md:22): coined: (lsn;size;planet) enters mode 1 movie; fingerprint	
func_L00_0029AB38	MovieExitToGameplay	candidate	ReRAC doc_names.csv	suggested at US level 01 0x2AD2B8 (docs/plan/menus.md:21): coined: returns from PSS movie mode 1 to mode 0; fingerprint	
func_L00_0029AD18	MovieModeUpdate	candidate	ReRAC doc_names.csv	suggested at US level 01 0x2AD498 (docs/plan/menus.md:22): coined: mode 1 PSS movie update (save VRAM; play; restore); fingerprint	
func_L00_0029ADD8	EnterSlideshowMode	candidate	ReRAC doc_names.csv	suggested at US level 01 0x2AD558 (docs/plan/menus.md:28): coined: enters mode 7 (menu post-action 7); fingerprint	
func_L00_0029B770	VendorBuildItemList	candidate	ReRAC doc_names.csv	suggested at US level 01 0x2ADEF0 (docs/plan/menus.md:153): coined: builds vendor item list 0x1caa10; fingerprint	
func_L00_0029BED8	VendorExit	candidate	ReRAC doc_names.csv	suggested at US level 01 0x2AE660 (docs/plan/menus.md:200): coined: camera back to hero; sound 6; mode 0; music unpaused; fingerprint	
func_L00_0029C070	VendorStartWeaponDemo	candidate	ReRAC doc_names.csv	suggested at US level 01 0x2AE7F8 (docs/plan/menus.md:199): coined: enters substate 3 weapon demo scene; fingerprint	
func_L00_002A0C20	VendorDrawGlassQuads	candidate	ReRAC doc_names.csv	suggested at US level 01 0x2B3700 (docs/plan/menus.md:221): coined: glass quads on vendor bones; fingerprint	
func_L00_002A11E8	VendorDrawHologramCone	candidate	ReRAC doc_names.csv	suggested at US level 01 0x2B3CC8 (docs/plan/menus.md:221): coined: hologram cone 4 quads; fingerprint	
func_L00_002A1540	VendorModeRender	candidate	ReRAC doc_names.csv	suggested at US level 01 0x2B4020 (docs/plan/menus.md:26): coined: mode 5 vendor render; calls 0x2b3130; fingerprint	
func_L00_002A21A8	DownloadFrameBuffer	candidate	ReRAC doc_names.csv	suggested at US level 01 0x2B4C88 (docs/plan/menus.md:35): coined: (buf;fbp;size) downloads GS frame buffer to EE RAM snapshot; fingerprint	
func_L00_002A2258	UploadFrameSnapshot	candidate	ReRAC doc_names.csv	suggested at US level 01 0x2B4D38 (docs/plan/menus.md:36): coined: re-uploads snapshot each frame with IMAGE GIFtags; fingerprint	
func_L00_002A5158	RippleDisturb	candidate	ReRAC doc_names.csv	suggested at US level 01 0x2B82A8 (docs/plan/world_animation.md:121): coined: disturbance (x; y; r; amp; patches; n; additive); fingerprint	
func_L00_002A5B20	LevelAmbienceUpdate	candidate	ReRAC doc_names.csv	suggested at US level 01 0x2B9A68 (docs/plan/moby_update_catalogue.md:37): coined: level ambience; fingerprint	
func_L00_002A5F68	TextureScrollUpdate	candidate	ReRAC doc_names.csv	suggested at US level 01 0x2BA658 (docs/plan/moby_update_catalogue.md:157): coined: update fn class 809; fingerprint	
func_L00_002A7078	BoltUpdate	candidate	ReRAC doc_names.csv	suggested at US level 01 0x2BB758 (docs/plan/moby_update_catalogue.md:111): coined: update fn of bolt classes 13-16; fingerprint	
func_L00_002A7E10	CollectBolt	candidate	ReRAC doc_names.csv	suggested at US level 01 0x2BC4F0 (docs/plan/moby_update_catalogue.md:111): coined: bolts += value; HUD; fingerprint	
func_L00_002AB910	DrawSpriteHelper_D	candidate	ReRAC doc_names.csv	suggested at US level 01 0x2BFE40 (docs/plan/render_pipeline.md:51): coined: FUN_002bfe40 touches 0x101010; billboard/sprite draw helper; fingerprint	
func_L00_002B0D30	FxDebrisGroupUpdateA	candidate	ReRAC doc_names.csv	suggested at US level 01 0x2C5218 (docs/plan/moby_update_catalogue.md:177): coined: update fn of classes 149; 348-364 (look like FX/debris); fingerprint	
func_L00_002B6BC8	CameraCollLineFix	candidate	ReRAC doc_names.csv	suggested at US level 01 0x2CB540 (docs/plan/occlusion_culling.md:58): coined: FUN_002cb540 CollLine_Fix camera-placement path; sets fallback 1; fingerprint	
func_L00_002C6720	FxDebrisGroupUpdateB	candidate	ReRAC doc_names.csv	suggested at US level 01 0x2DB028 (docs/plan/moby_update_catalogue.md:177): coined: update fn of classes 204; 213-226; 1006; 1438-1449 (FX/debris); fingerprint	
func_L00_002D06C8	CrateUpdate	candidate	ReRAC doc_names.csv	suggested at US level 01 0x2EA178 (docs/plan/moby_update_catalogue.md:118): coined: update fn crate classes 500/501/502/505/511; fingerprint	
func_L00_002D19E8	CrateDropBolts	candidate	ReRAC doc_names.csv	suggested at US level 01 0x2EB498 (docs/plan/moby_update_catalogue.md:118): coined: spawns N bolt mobys from crate; fingerprint	
func_L00_002D1E68	CrateBreakFx	candidate	ReRAC doc_names.csv	suggested at US level 01 0x2EB918 (docs/plan/moby_update_catalogue.md:118): coined: crate break FX/debris; fingerprint	
func_L00_002D4C80	ClankPackUpdate	candidate	ReRAC doc_names.csv	suggested at US level 01 0x2F30C0 (docs/plan/moby_update_catalogue.md:245): coined: update fn class 607; seq 6 in hero state 8; fingerprint	
func_L00_002D7298	InfobotUpdate	candidate	ReRAC doc_names.csv	suggested at US level 01 0x2FBF80 (docs/plan/moby_update_catalogue.md:148): coined: update fn class 750; fingerprint	
func_L00_002D83D8	ParticleFieldUpdate	candidate	ReRAC doc_names.csv	suggested at US level 01 0x2FDBC0 (docs/plan/moby_update_catalogue.md:151): coined: update fn class 760; fingerprint	
func_L00_002D8898	Class760DrawCallback	candidate	ReRAC doc_names.csv	suggested at US level 01 0x2FE080 (docs/plan/world_animation.md:171): coined: waterfall foam/mist quads callback; fingerprint	
func_L00_002D95E8	CrateSpawnIconMoby	candidate	ReRAC doc_names.csv	suggested at US level 01 0x300528 (docs/plan/moby_update_catalogue.md:119): coined: ammo crate 501 init spawns icon moby 806; fingerprint	
func_L00_002E0AE8	MenuMobyUpdate	candidate	ReRAC doc_names.csv	suggested at US level 01 0x309898 (docs/plan/menus.md:100): coined: class 0x472 menu moby update; fingerprint	
func_L00_002E5158	GrassUpdate	candidate	ReRAC doc_names.csv	suggested at US level 01 0x2FA720 (docs/plan/moby_update_catalogue.md:142): coined: update fn classes 724/725; fingerprint	
func_L00_002E5238	FxGroupUpdate	candidate	ReRAC doc_names.csv	suggested at US level 01 0x30CD18 (docs/plan/moby_update_catalogue.md:18): coined: update fn shared by 13 FX classes (1736-1817); fingerprint	
func_L00_002E74B0	CamType0HeroStateTweaks	candidate	ReRAC doc_names.csv	suggested at US level 01 0x3111D8 (docs/plan/player_controller.md:291): coined: state-dependent camera tweaks; fingerprint	
func_L00_002E7B68	CamType0InitSnap	candidate	ReRAC doc_names.csv	suggested at US level 01 0x311890 (docs/plan/player_controller.md:317): coined: camera init snap behind hero; fingerprint	
func_L00_002E8210	CamType0Init	candidate	ReRAC doc_names.csv	suggested at US level 01 0x311F38 (docs/plan/player_controller.md:263): coined: type-0 follow camera init; fingerprint	
func_L00_002EB0D8	CameraType0Update	candidate	ReRAC doc_names.csv	suggested at US level 01 0x314E00 (docs/plan/roadmap.md:88): coined: type-0 follow camera; fingerprint	
func_L00_002EBF50	CameraScript	candidate	ReRAC doc_names.csv	suggested at US level 01 0x316EF8 (docs/plan/moby_update_catalogue.md:301): coined: camera script; fingerprint	
func_L00_002EC0C8	CameraScript2	candidate	ReRAC doc_names.csv	suggested at US level 01 0x317070 (docs/plan/moby_update_catalogue.md:301): coined: camera script (second fn); fingerprint	
func_L00_002EEE00	SndInstSphereUpdate	candidate	ReRAC doc_names.csv	suggested at US level 01 0x3197A0 (docs/plan/audio.md:180): coined: class 0 sphere; fingerprint	
func_L00_002EEF88	SndInstBoxOneShotUpdate	candidate	ReRAC doc_names.csv	suggested at US level 01 0x319CC8 (docs/plan/audio.md:181): coined: class 2 box one-shot; fingerprint	
func_L01_0021F9C8	EmitStripST	candidate	ReRAC doc_names.csv	suggested at US level 01 0x21FA98 (docs/plan/world_animation.md:65): coined: strip emitter re-sending ST (copy with CTXT=1); fingerprint	
func_L01_002283E0	HeroFootstepSound	candidate	ReRAC doc_names.csv	suggested at US level 01 0x227E48 (docs/plan/collision_queries.md:82): coined: footstep sound (calls 0x2a1898); fingerprint	
func_L01_00228598	HeroUpdateAlt	candidate	ReRAC doc_names.csv	suggested at US level 01 0x228000 (docs/plan/moby_update_catalogue.md:231): coined: hero update path when hero mode != 0; fingerprint	
func_L01_00228E08	HeroUpdate	descriptive	ReRAC doc_names.csv	verified at US level 01 0x228870 (docs/plan/player_controller.md:23): coined: hero update per tick (mask 1); fingerprint	
func_L01_0022D340	HeroSurfaceReaction	candidate	ReRAC doc_names.csv	suggested at US level 01 0x22CD48 (docs/plan/player_controller.md:89): coined: surface reaction (water; special floors); fingerprint	
func_L01_0022D688	HeroWallLedgeCheckB	candidate	ReRAC doc_names.csv	suggested at US level 01 0x22D090 (docs/plan/player_controller.md:90): coined: hero update step 4; collision_queries.md:86 lists it among wall/ledge checks; fingerprint	
func_L01_0022DE30	HeroWallLedgeCheckC	candidate	ReRAC doc_names.csv	suggested at US level 01 0x22D838 (docs/plan/collision_queries.md:86): coined: wall/ledge check (rejects ids 9/0xc or 10/0xc; slope test); fingerprint	
func_L01_002320F8	HeroSizeCapsule	candidate	ReRAC doc_names.csv	suggested at US level 01 0x231AE0 (docs/plan/player_controller.md:88): coined: sizes the capsule; fingerprint	
func_L01_002328A8	HeroSpeedFromTable	candidate	ReRAC doc_names.csv	suggested at US level 01 0x232290 (docs/plan/player_controller.md:159): coined: picks walk/run speed from table 0x17c238; fingerprint	
func_L01_00232F90	HeroWallCheck	candidate	ReRAC doc_names.csv	suggested at US level 01 0x232978 (docs/plan/player_controller.md:155): coined: wall check; removes velocity into wall; fingerprint	
func_L01_002333D8	HeroGroundProbe	candidate	ReRAC doc_names.csv	suggested at US level 01 0x232DC0 (docs/plan/player_controller.md:225): coined: ground probe via CollLine_Fix flags 2; fingerprint	
func_L01_00233F58	HeroCapsulePasses	candidate	ReRAC doc_names.csv	suggested at US level 01 0x233940 (docs/plan/player_controller.md:218): coined: up to 8 capsule passes + hero groups; fingerprint	
func_L01_002343F8	HeroMovePipeline	candidate	ReRAC doc_names.csv	suggested at US level 01 0x233DE0 (docs/plan/player_controller.md:215): coined: move and collision pipeline; fingerprint	
func_L01_00234970	AirAccel	candidate	ReRAC doc_names.csv	inferred at US level 01 0x234358 (docs/plan/player_controller.md:177): doc name AirAccel(a); fingerprint	
func_L01_002377A8	HeroStatePhysics	candidate	ReRAC doc_names.csv	suggested at US level 01 0x2370B8 (docs/plan/player_controller.md:87): coined: per-state physics; fingerprint	
func_L01_0023CE00	HeroTickStateTimer	candidate	ReRAC doc_names.csv	suggested at US level 01 0x23C710 (docs/plan/player_controller.md:67): coined: state timer ++ after the move; maybe-mid-function; fingerprint	
func_L01_00241620	HeroPdaGadget	candidate	ReRAC doc_names.csv	suggested at US level 01 0x240ED8 (docs/plan/menus.md:150): coined: PDA gadget hero code calling 0x2ae1a0(0); maybe-mid-function; fingerprint	
func_L01_002428E0	HeroLandingNextState	candidate	ReRAC doc_names.csv	suggested at US level 01 0x242198 (docs/plan/player_controller.md:125): coined: picks next state after landing; fingerprint	
func_L01_00252E80	DrawSky	candidate	ReRAC doc_names.csv	suggested at US level 01 0x252570 (docs/plan/sky_render_notes.md:14): FUN_00252570; name suggested in render_pipeline.md:51; called from DrawDebugProfiler; fingerprint	
func_L01_00262BC0	RippleHeightsToSpr	candidate	ReRAC doc_names.csv	suggested at US level 01 0x261C10 (docs/plan/world_animation.md:134): coined: copies heights + halos to scratchpad; fingerprint	
func_L01_00262D28	RippleLerpBuffers	candidate	ReRAC doc_names.csv	suggested at US level 01 0x261D78 (docs/plan/world_animation.md:131): coined: lerp(prev; cur; f) into buffer 2; fingerprint	
func_L01_00262DA8	RippleVertex	candidate	ReRAC doc_names.csv	suggested at US level 01 0x261DF8 (docs/plan/world_animation.md:88): coined: per-vertex normal; grey light; env reflection UV; fingerprint	
func_L01_00262FE8	RipplePatchStep	candidate	ReRAC doc_names.csv	suggested at US level 01 0x262038 (docs/plan/world_animation.md:88): coined: 8-neighbour wave step per active patch; fingerprint	
func_L01_00263338	RippleEmitSubBlock	candidate	ReRAC doc_names.csv	suggested at US level 01 0x262388 (docs/plan/world_animation.md:163): coined: emits a 4x4 sub-block as 46-vertex strips; fingerprint	
func_L01_002635C8	WaterStripVertexUV	candidate	ReRAC doc_names.csv	suggested at US level 01 0x262618 (docs/plan/world_animation.md:56): coined: per-vertex VU0 macro (wobble; z blend; 2-layer UV); fingerprint	
func_L01_0026E8E0	SeedJumpPattern	candidate	ReRAC doc_names.csv	suggested at US level 01 0x26D930 (docs/plan/moby_update_catalogue.md:199): coined: 577 init seeds a jump pattern; maybe-mid-function; fingerprint	
func_L01_0026EFB8	MobyGroupCount	candidate	ReRAC doc_names.csv	suggested at US level 01 0x26E008 (docs/plan/moby_update_catalogue.md:293): coined: group count; fingerprint	
func_L01_00277FD8	LineOfSightTest	candidate	ReRAC doc_names.csv	suggested at US level 01 0x276FE8 (docs/plan/moby_update_catalogue.md:123): coined: LOS test; fingerprint	
func_L01_00278FA8	HeroOnMoby	candidate	ReRAC doc_names.csv	suggested at US level 01 0x277FB8 (docs/plan/moby_update_catalogue.md:293): coined: hero-on-moby test; fingerprint	
func_L01_00279790	BreakFxA	candidate	ReRAC doc_names.csv	suggested at US level 01 0x2787A0 (docs/plan/moby_update_catalogue.md:296): coined: one of three break FX fns; fingerprint	
func_L01_00279E10	BreakFxC	candidate	ReRAC doc_names.csv	suggested at US level 01 0x278E20 (docs/plan/moby_update_catalogue.md:296): coined: one of three break FX fns; fingerprint	
func_L01_0027F6C8	PartType06Spawn	candidate	ReRAC doc_names.csv	suggested at US level 01 0x27E900 (docs/plan/particles.md:60): coined: particle type 6 spawner (only CreatePart call site) (data-driven emitter particle); fingerprint	
func_L01_00280428	PartType10Spawn	candidate	ReRAC doc_names.csv	suggested at US level 01 0x27F660 (docs/plan/particles.md:61): coined: particle type 10 spawner (only CreatePart call site); fingerprint	
func_L01_00281738	PartType14Spawn	candidate	ReRAC doc_names.csv	suggested at US level 01 0x280970 (docs/plan/particles.md:62): coined: particle type 14 spawner (only CreatePart call site); fingerprint	
func_L01_00286530	PartType41Spawn	candidate	ReRAC doc_names.csv	suggested at US level 01 0x285768 (docs/plan/particles.md:66): coined: particle type 41 spawner (only CreatePart call site); fingerprint	
func_L01_00287F20	PartType52Spawn	candidate	ReRAC doc_names.csv	suggested at US level 01 0x287158 (docs/plan/particles.md:68): coined: particle type 52 spawner (only CreatePart call site); fingerprint	
func_L01_002888C8	PartType56Spawn	candidate	ReRAC doc_names.csv	suggested at US level 01 0x287B00 (docs/plan/particles.md:69): coined: particle type 56 spawner (only CreatePart call site) (mist puff); fingerprint	
func_L01_00288A48	PartType57Spawn	candidate	ReRAC doc_names.csv	suggested at US level 01 0x287C80 (docs/plan/particles.md:69): coined: particle type 57 spawner (only CreatePart call site) (flat ripple); fingerprint	
func_L01_0028B570	PartType74Spawn	candidate	ReRAC doc_names.csv	suggested at US level 01 0x28A7A8 (docs/plan/particles.md:71): coined: particle type 74 spawner (only CreatePart call site); fingerprint	
func_L01_002B8C00	RipplePatchesInit	candidate	ReRAC doc_names.csv	suggested at US level 01 0x2B7A48 (docs/plan/world_animation.md:88): coined: ripple module init (theta; steps; radius; speed; zero heights); fingerprint	
func_L01_002B90E8	RippleSimStep	candidate	ReRAC doc_names.csv	suggested at US level 01 0x2B7F30 (docs/plan/world_animation.md:130): coined: runs one ripple sim step; fingerprint	
func_L01_002B9198	RippleSimClock	candidate	ReRAC doc_names.csv	suggested at US level 01 0x2B7FE0 (docs/plan/world_animation.md:129): coined: sim accumulator; step every 8 ticks; fingerprint	
func_L01_002B9288	RippleUpdateUV	candidate	ReRAC doc_names.csv	suggested at US level 01 0x2B80D0 (docs/plan/world_animation.md:158): coined: shared water UV scroll + wobble angles; fingerprint	
func_L01_002B9DC0	RippleBuildGrid	candidate	ReRAC doc_names.csv	suggested at US level 01 0x2B8C08 (docs/plan/world_animation.md:150): coined: 17x17 vertex grid from heights; fingerprint	
func_L01_002BA150	DrawSpriteHelper_B	candidate	ReRAC doc_names.csv	suggested at US level 01 0x2B8F98 (docs/plan/render_pipeline.md:16): coined: FUN_002b8f98 billboard/sprite helper using VU1 prog 0x10e818; fingerprint	
func_L01_002BA380	RippleDraw	candidate	ReRAC doc_names.csv	suggested at US level 01 0x2B91C8 (docs/plan/world_animation.md:137): coined: draws active ripple patches; fingerprint	
func_L01_002BA898	DrawStaticStrips	candidate	ReRAC doc_names.csv	suggested at US level 01 0x2B96E0 (docs/plan/moby_update_catalogue.md:132): coined: draw static strips; fingerprint	
func_L01_002BB068	PathPlatformUpdate	candidate	ReRAC doc_names.csv	suggested at US level 01 0x2B9EB0 (docs/plan/moby_update_catalogue.md:143): coined: update fn class 726; fingerprint	
func_L01_002BE2C8	ParticleEmitterUpdate	candidate	ReRAC doc_names.csv	suggested at US level 01 0x2BD100 (docs/plan/moby_update_catalogue.md:112): coined: update fn class 27; pvar-driven bursts; fingerprint	
func_L01_002E1FE0	BoltCrankUpdate	candidate	ReRAC doc_names.csv	suggested at US level 01 0x2E0C68 (docs/plan/moby_update_catalogue.md:114): coined: update fn class 280; fingerprint	
func_L01_002E2E38	ItemOfferUpdate	candidate	ReRAC doc_names.csv	suggested at US level 01 0x2E1AC0 (docs/plan/moby_update_catalogue.md:115): coined: update fn classes 304 and 1456-1465; fingerprint	
func_L01_002E7FC8	PathEnemyUpdate	candidate	ReRAC doc_names.csv	suggested at US level 01 0x2E6BF0 (docs/plan/moby_update_catalogue.md:117): coined: update fn class 459 (spline enemy); fingerprint	
func_L01_002EF078	AmoeboidUpdate	candidate	ReRAC doc_names.csv	suggested at US level 01 0x2EDCA0 (docs/plan/moby_update_catalogue.md:123): coined: update fn classes 572/865/866; fingerprint	
func_L01_002F1038	GroundCritterUpdate	candidate	ReRAC doc_names.csv	suggested at US level 01 0x2EFC60 (docs/plan/moby_update_catalogue.md:125): coined: update fn class 577; fingerprint	
func_L01_002F3F40	CommandedNpcUpdate	candidate	ReRAC doc_names.csv	suggested at US level 01 0x2F2B68 (docs/plan/moby_update_catalogue.md:126): coined: update fn class 604; fingerprint	
func_L01_002F4290	NearestAreaMarkerUpdate	candidate	ReRAC doc_names.csv	suggested at US level 01 0x2F2EB8 (docs/plan/moby_update_catalogue.md:127): coined: update fn class 605; fingerprint	
func_L01_002F44F8	WaterCurrentUpdate	candidate	ReRAC doc_names.csv	suggested at US level 01 0x2F3120 (docs/plan/moby_update_catalogue.md:128): coined: update fn class 613; fingerprint	
func_L01_002F5720	CrankRotatorUpdate	candidate	ReRAC doc_names.csv	suggested at US level 01 0x2F4348 (docs/plan/moby_update_catalogue.md:129): coined: update fn class 641; fingerprint	
func_L01_002F5800	BlargFlyerUpdate	candidate	ReRAC doc_names.csv	suggested at US level 01 0x2F4428 (docs/plan/moby_update_catalogue.md:130): coined: update fn class 660; fingerprint	
func_L01_002F5AE8	CrankSliderUpdate	candidate	ReRAC doc_names.csv	suggested at US level 01 0x2F4710 (docs/plan/moby_update_catalogue.md:129): coined: update fn class 665; fingerprint	
func_L01_002F5D38	DropshipUpdate	candidate	ReRAC doc_names.csv	suggested at US level 01 0x2F4960 (docs/plan/moby_update_catalogue.md:131): coined: update fn class 666; fingerprint	
func_L01_002F6540	FlyerPathDriver	candidate	ReRAC doc_names.csv	suggested at US level 01 0x2F5168 (docs/plan/moby_update_catalogue.md:130): coined: shared flyer path driver; fingerprint	
func_L01_002F74D0	Class676DrawCallback	candidate	ReRAC doc_names.csv	suggested at US level 01 0x2F60F8 (docs/plan/world_animation.md:29): coined: class 676 per-frame draw callback; fingerprint	Class678DrawCallback,Class761DrawCallback
func_L01_002F7558	CustomDrawSurfacesUpdate	candidate	ReRAC doc_names.csv	suggested at US level 01 0x2F6180 (docs/plan/moby_update_catalogue.md:133): coined: update fn class 678; fingerprint	
func_L01_002F7700	WaterCurrent679Update	candidate	ReRAC doc_names.csv	suggested at US level 01 0x2F6328 (docs/plan/moby_update_catalogue.md:128): coined: update fn class 679; fingerprint	
func_L01_002F8B00	GunshipUpdate	candidate	ReRAC doc_names.csv	suggested at US level 01 0x2F7728 (docs/plan/moby_update_catalogue.md:134): coined: update fn class 688; fingerprint	
func_L01_002F9640	FloatingPushableUpdate	candidate	ReRAC doc_names.csv	suggested at US level 01 0x2F8268 (docs/plan/moby_update_catalogue.md:135): coined: update fn class 695; fingerprint	
func_L01_002F9908	SpawnDebrisMoby	candidate	ReRAC doc_names.csv	suggested at US level 01 0x2F8530 (docs/plan/moby_update_catalogue.md:296): coined: debris moby; fingerprint	
func_L01_002FA030	ImpactSmokeEmitterUpdate	candidate	ReRAC doc_names.csv	suggested at US level 01 0x2F8C58 (docs/plan/moby_update_catalogue.md:136): coined: update fn class 700; fingerprint	
func_L01_002FA458	CollapsingPlatformUpdate	candidate	ReRAC doc_names.csv	suggested at US level 01 0x2F9080 (docs/plan/moby_update_catalogue.md:137): coined: update fn class 701; fingerprint	
func_L01_002FA998	ElevatorUpdate	candidate	ReRAC doc_names.csv	suggested at US level 01 0x2F95C0 (docs/plan/moby_update_catalogue.md:138): coined: update fn classes 703/715; fingerprint	
func_L01_002FABE8	BreakableRockUpdate	candidate	ReRAC doc_names.csv	suggested at US level 01 0x2F9810 (docs/plan/moby_update_catalogue.md:139): coined: update fn class 704; fingerprint	
func_L01_002FAFC8	OscillatingSpinnerUpdate	candidate	ReRAC doc_names.csv	suggested at US level 01 0x2F9BF0 (docs/plan/moby_update_catalogue.md:140): coined: update fn class 705; fingerprint	
func_L01_002FB158	ProjectileBreakableUpdate	candidate	ReRAC doc_names.csv	suggested at US level 01 0x2F9D80 (docs/plan/moby_update_catalogue.md:141): coined: update fn classes 709-711; fingerprint	
func_L01_002FBBD8	BreakableWallUpdate	candidate	ReRAC doc_names.csv	suggested at US level 01 0x2FA800 (docs/plan/moby_update_catalogue.md:144): coined: update fn class 729; fingerprint	
func_L01_002FC140	MissionNpcUpdate	candidate	ReRAC doc_names.csv	suggested at US level 01 0x2FAD68 (docs/plan/moby_update_catalogue.md:145): coined: update fn classes 730/790; fingerprint	
func_L01_002FC988	CameraTriggerUpdate	candidate	ReRAC doc_names.csv	suggested at US level 01 0x2FB5B0 (docs/plan/moby_update_catalogue.md:146): coined: update fn class 737; fingerprint	
func_L01_002FCC80	HingedBridgeUpdate	candidate	ReRAC doc_names.csv	suggested at US level 01 0x2FB8A8 (docs/plan/moby_update_catalogue.md:147): coined: update fn class 746; fingerprint	
func_L01_002FE498	Class751DrawCallback	candidate	ReRAC doc_names.csv	suggested at US level 01 0x2FD0C0 (docs/plan/world_animation.md:137): coined: 751 draw callback -> 0x2b91c8(0x1e34c0; 21); fingerprint	
func_L01_002FE4C0	WaterSurfaceFxUpdate	candidate	ReRAC doc_names.csv	suggested at US level 01 0x2FD0E8 (docs/plan/moby_update_catalogue.md:149): coined: update fn class 751; fingerprint	
func_L01_002FED78	BreakablePotUpdate	candidate	ReRAC doc_names.csv	suggested at US level 01 0x2FD9A0 (docs/plan/moby_update_catalogue.md:150): coined: update fn class 754; fingerprint	
func_L01_002FFF30	PulsingMeshUpdate	candidate	ReRAC doc_names.csv	suggested at US level 01 0x2FEB58 (docs/plan/moby_update_catalogue.md:152): coined: update fn class 761; fingerprint	
func_L01_00300140	SlidingDoorUpdate	candidate	ReRAC doc_names.csv	suggested at US level 01 0x2FED68 (docs/plan/moby_update_catalogue.md:153): coined: update fn classes 768/769; fingerprint	
func_L01_003004F0	TalkingNpcUpdate	candidate	ReRAC doc_names.csv	suggested at US level 01 0x2FF118 (docs/plan/moby_update_catalogue.md:154): coined: update fn class 774; fingerprint	
func_L01_00300C38	BreakablePropUpdate	candidate	ReRAC doc_names.csv	suggested at US level 01 0x2FF860 (docs/plan/moby_update_catalogue.md:155): coined: update fn class 778; fingerprint	
func_L01_003010A8	Class787Update	candidate	ReRAC doc_names.csv	suggested at US level 01 0x2FFCD0 (docs/plan/world_animation.md:126): coined: drip class 787 (maybe its spawn fn; not update); fingerprint	
func_L01_003015F8	CheckpointTriggerUpdate	candidate	ReRAC doc_names.csv	suggested at US level 01 0x300220 (docs/plan/moby_update_catalogue.md:156): coined: update fn class 805; fingerprint	
func_L01_00303590	EnemySpawnerUpdate	candidate	ReRAC doc_names.csv	suggested at US level 01 0x3021B8 (docs/plan/moby_update_catalogue.md:158): coined: update fn class 815; fingerprint	
func_L01_00303A20	RcRangeLimiterUpdate	candidate	ReRAC doc_names.csv	suggested at US level 01 0x302648 (docs/plan/moby_update_catalogue.md:159): coined: update fn class 832; fingerprint	
func_L01_00309020	ShootableUpdate	candidate	ReRAC doc_names.csv	suggested at US level 01 0x307C48 (docs/plan/moby_update_catalogue.md:160): coined: update fn class 1042; fingerprint	
func_L01_00309078	GoldBoltUpdate	candidate	ReRAC doc_names.csv	suggested at US level 01 0x307CA0 (docs/plan/moby_update_catalogue.md:161): coined: update fn class 1134; fingerprint	
func_L01_00309FB0	TeleporterPadUpdate	candidate	ReRAC doc_names.csv	suggested at US level 01 0x308BD8 (docs/plan/moby_update_catalogue.md:162): coined: update fn class 1135; fingerprint	
func_L01_0030AFD0	Class1225DrawCallback	candidate	ReRAC doc_names.csv	suggested at US level 01 0x309BF8 (docs/plan/world_animation.md:29): coined: class 1225 per-frame draw callback; fingerprint	
func_L01_0030B070	CustomDrawGlowUpdate	candidate	ReRAC doc_names.csv	suggested at US level 01 0x309C98 (docs/plan/moby_update_catalogue.md:9): coined: update fn class 1225; not defined in Ghidra; fingerprint	
func_L01_0030C090	HelpHintDirectorUpdate	candidate	ReRAC doc_names.csv	suggested at US level 01 0x30ACB8 (docs/plan/moby_update_catalogue.md:164): coined: update fn class 1341; fingerprint	
func_L01_0030C9F0	WanderingLightUpdate	candidate	ReRAC doc_names.csv	suggested at US level 01 0x30B618 (docs/plan/moby_update_catalogue.md:165): coined: update fn class 1504; fingerprint	
func_L01_0030D568	CutsceneFxUpdate	candidate	ReRAC doc_names.csv	suggested at US level 01 0x30C190 (docs/plan/moby_update_catalogue.md:166): coined: update fn class 1546; fingerprint	
func_L01_0030E4C8	BreakableCrateVariantUpdate	candidate	ReRAC doc_names.csv	suggested at US level 01 0x30D0F0 (docs/plan/moby_update_catalogue.md:167): coined: update fn class 1813; fingerprint	
func_L01_0030F318	MouseCritterUpdate	candidate	ReRAC doc_names.csv	suggested at US level 01 0x30DF40 (docs/plan/moby_update_catalogue.md:168): coined: update fn class 1818; fingerprint	
func_L01_003102F0	EnvOverlayVertex	candidate	ReRAC doc_names.csv	suggested at US level 01 0x30EF18 (docs/plan/world_animation.md:187): coined: per-vertex sphere-map UV; fingerprint	
func_L01_003104B8	Class1848DrawCallback	candidate	ReRAC doc_names.csv	suggested at US level 01 0x30F0E0 (docs/plan/world_animation.md:183): coined: 1848 sphere-map overlay draw callback; fingerprint	
func_L01_003105E0	UvScrollerUpdate	candidate	ReRAC doc_names.csv	suggested at US level 01 0x30F208 (docs/plan/moby_update_catalogue.md:169): coined: update fn class 1848; fingerprint	
func_L01_0031AD00	SndInstBoxVolumeUpdate	candidate	ReRAC doc_names.csv	suggested at US level 01 0x319928 (docs/plan/audio.md:181): coined: class 1 box volume by depth; fingerprint	
func_L01_0031B2F0	SndInstReverbBoxUpdate	candidate	ReRAC doc_names.csv	suggested at US level 01 0x319F18 (docs/plan/audio.md:173): coined: sound-instance class 3 reverb box; fingerprint	
func_L01_0031B450	SndInstUnderwaterLoopUpdate	candidate	ReRAC doc_names.csv	suggested at US level 01 0x31A078 (docs/plan/audio.md:181): coined: class 5 underwater loop; fingerprint	
func_L01_0031B500	SndInstMusicBoxUpdate	candidate	ReRAC doc_names.csv	suggested at US level 01 0x31A128 (docs/plan/audio.md:182): coined: class 6 music box; fingerprint	
func_L05_00319F78	SetWaterPlane	candidate	ReRAC doc_names.csv	suggested at US level 05 0x318A68 (docs/plan/world_animation.md:147): coined: level-05 code setting flat water plane; maybe-mid-function; fingerprint	
D_0013D490	gSpecialItems	descriptive	RaC1 PAL memory map	sheet row "Zoomerator (first of the special-item flags: Zoomerator, Raritanium, Codebot, Premium/Ultra Nanotech)"	
D_0013D510	gSkillPoints	descriptive	RaC1 PAL memory map	sheet row "Take Aim (first of the 30 skill-point flags)"	
D_0013D5CA	gHaveHeliPack	descriptive	RaC1 PAL memory map	sheet row "Heli-Pack owned"	
D_0013D5DD	gHaveMorphORay	descriptive	RaC1 PAL memory map	sheet row "Morph-o-Ray owned"	
D_0013D5E4	gHaveMagneboots	descriptive	RaC1 PAL memory map	sheet row "Magneboots owned"	
D_0013D5E7	gHaveHologuise	descriptive	RaC1 PAL memory map	sheet row "Hologuise owned"	
D_0013D5E9	gHaveMapOMatic	descriptive	RaC1 PAL memory map	sheet row "Map-o-matic owned"	
D_0013D5EB	gHavePersuader	descriptive	RaC1 PAL memory map	sheet row "Persuader owned"	
D_0013D618	gGalaxyList	descriptive	RaC1 PAL memory map	sheet row "Galaxy list: planets in the order they were discovered"	
D_0013E629	gGoldSuckCannon	descriptive	RaC1 PAL memory map	sheet row "Suck Cannon gold"	
D_0013F4D0	gHeroPos	descriptive	RaC1 PAL memory map	sheet row "X/Y/Z coordinate of Ratchet"	
D_0015EE98	gBolts	descriptive	RaC1 PAL memory map	sheet row "Bolts"	
D_0015EEA0	gMaxNanotech	descriptive	RaC1 PAL memory map	sheet row "Ratchet max nanotech"	
D_0015EEB0	gCheats	descriptive	RaC1 PAL memory map	sheet row "Actors have oversized craniums (first of the 8 cheat flags)"	
D_0015EEB4	gCheatMirroredLevels	descriptive	RaC1 PAL memory map	sheet row "Levels are mirrored (cheat flag 4)"	
D_0015EEE8	gStereo	descriptive	RaC1 PAL memory map	sheet row "Stereo/Mono setting"	
D_0015EF1C	gHelpDeskVoice	descriptive	RaC1 PAL memory map	sheet row "HelpDesk voice setting"	
D_0015EF1D	gHelpDeskText	descriptive	RaC1 PAL memory map	sheet row "HelpDesk text setting"	
D_0015EF40	gSubtitles	descriptive	RaC1 PAL memory map	sheet row "Subtitles setting"	
D_0015F6A8	gGameMode	descriptive	TCRF Debug Mode	TCRF Debug Mode trigger and game mode register (0: Paused, 2: Gameplay, 0xFFFFFFFF: Debug Menu)	gDebugMenuState,gMode
func_00121DC8	sceGsDefDispEnv	recovered	retail debug strings	sceGsDefDispEnv:Not support displaymode for 0x%x!!	
func_001224B0	sceGsPutDrawEnv	recovered	retail debug strings	sceGsPutDrawEnv: DMA Ch.2 does not terminate	
func_00122630	sceGsSetDefLoadImage	recovered	retail debug strings	sceGsSetDefLoadImage: too big size	
func_00122958	sceGsExecLoadImage	recovered	retail debug strings	sceGsExecLoadImage: DMA Ch.2 does not terminate	
func_001247E8	sceDbcSetWorkAddr	recovered	retail debug strings	sceDbcSetWorkAddr: rpc error	
func_00124858	sceDbcCreateSocket	recovered	retail debug strings	sceDbcCreateSocket: rpc error	
func_00124920	sceDbcGetDepNumber	recovered	retail debug strings	sceDbcGetDepNumber: rpc error	
func_00124A70	sceDbcReceiveData	recovered	retail debug strings	sceDbcReceiveData: rpc error	
func_00127960	_sliceA0	recovered	retail debug strings	_sliceA0(): error happens	
func_0012E060	snd_BankLoadByLoc	recovered	retail debug strings	989snd.c: RPC call has failed inside snd_BankLoadByLoc	
func_0012E1C8	snd_BankLoadFromEE_CB	recovered	retail debug strings	snd_BankLoadFromEE_CB: Load already in progress!	
func_0023E298	sceMpegGetPicture	recovered	retail debug strings	sceMpegGetPicture() decode error	
D_001A04D0	gCardStateNames	descriptive	retail pointer table	string table for CardState enum at 0x001A04D0	
D_001A05C0	gGameSaveData	descriptive	memcard.c data layout	global game progression save data blob	
D_001A08C0	gLevelSaveData	descriptive	memcard.c data layout	array of 20 level save data records	
