# name	address	size	segment  (generated by tools/gen_function_list.py)
func_0011A180	0x0011A180	0x20	core_text
func_0011A1A0	0x0011A1A0	0xC	core_text
func_0011A1B0	0x0011A1B0	0xC	core_text
func_0011A1C0	0x0011A1C0	0x4	core_text
func_0011A1C8	0x0011A1C8	0x24	core_text
func_0011A1F0	0x0011A1F0	0xEC	core_text
func_0011A2DC	0x0011A2DC	0x94	core_text
func_0011A370	0x0011A370	0xAC	core_text
func_0011A41C	0x0011A41C	0xFC	core_text
func_0011A518	0x0011A518	0xB8	core_text
func_0011A5D0	0x0011A5D0	0x130	core_text
func_0011A700	0x0011A700	0x1A0	core_text
func_0011A8A0	0x0011A8A0	0x14C	core_text
func_0011A9EC	0x0011A9EC	0x118	core_text
func_0011AB04	0x0011AB04	0x144	core_text
func_0011AC48	0x0011AC48	0x1B4	core_text
func_0011AE00	0x0011AE00	0x1C8	core_text
func_0011AFC8	0x0011AFC8	0x1C8	core_text
func_0011B190	0x0011B190	0x1EC	core_text
func_0011B380	0x0011B380	0x444	core_text
func_0011B7C8	0x0011B7C8	0x614	core_text
func_0011BDE0	0x0011BDE0	0x1A8	core_text
func_0011BF88	0x0011BF88	0x58	core_text
func_0011BFE0	0x0011BFE0	0x5C	core_text
func_0011C040	0x0011C040	0x60	core_text
func_0011C0A0	0x0011C0A0	0x60	core_text
func_0011C100	0x0011C100	0x60	core_text
func_0011C160	0x0011C160	0x5C	core_text
func_0011C1C0	0x0011C1C0	0x60	core_text
func_0011C220	0x0011C220	0xB4	core_text
func_0011C2D8	0x0011C2D8	0x10C	core_text
func_0011C3E8	0x0011C3E8	0x128	core_text
func_0011C510	0x0011C510	0x58	core_text
func_0011C568	0x0011C568	0x74	core_text
func_0011C5E0	0x0011C5E0	0xDC	core_text
func_0011C6C0	0x0011C6C0	0x8C	core_text
func_0011C750	0x0011C750	0x44	core_text
func_0011C798	0x0011C798	0xA8	core_text
func_0011C840	0x0011C840	0xDC	core_text
func_0011C920	0x0011C920	0x2C	core_text
func_0011C950	0x0011C950	0x20	core_text
func_0011C970	0x0011C970	0x4C	core_text
func_0011C9C0	0x0011C9C0	0x30	core_text
func_0011C9F0	0x0011C9F0	0x114	core_text
func_0011CB08	0x0011CB08	0x40C	core_text
func_0011CF18	0x0011CF18	0x104	core_text
func_0011D020	0x0011D020	0x3C4	core_text
func_0011D3E8	0x0011D3E8	0x94	core_text
func_0011D480	0x0011D480	0x88	core_text
func_0011D508	0x0011D508	0xC4	core_text
func_0011D5D0	0x0011D5D0	0x4	core_text
func_0011D5D8	0x0011D5D8	0x64	core_text
func_0011D640	0x0011D640	0x84	core_text
func_0011D6C8	0x0011D6C8	0x28	core_text
func_0011D6F0	0x0011D6F0	0x1C	core_text
func_0011D710	0x0011D710	0x168	core_text
func_0011D878	0x0011D878	0xA4	core_text
func_0011D920	0x0011D920	0x80	core_text
func_0011D9A0	0x0011D9A0	0x8	core_text
func_0011D9A8	0x0011D9A8	0x98	core_text
func_0011DA40	0x0011DA40	0x64	core_text
func_0011DAA8	0x0011DAA8	0x80	core_text
func_0011DB28	0x0011DB28	0x68	core_text
func_0011DB90	0x0011DB90	0x20	core_text
func_0011DBB0	0x0011DBB0	0x194	core_text
func_0011DD48	0x0011DD48	0xB10	core_text
func_0011E858	0x0011E858	0xF0	core_text
func_0011E948	0x0011E948	0x54	core_text
func_0011E9A0	0x0011E9A0	0x4	core_text
func_0011E9A8	0x0011E9A8	0xE8	core_text
func_0011EA90	0x0011EA90	0x10	core_text
func_0011EAA0	0x0011EAA0	0x30	core_text
func_0011EAD0	0x0011EAD0	0x9C	core_text
func_0011EB70	0x0011EB70	0x1C	core_text
func_0011EB90	0x0011EB90	0x28	core_text
func_0011EBB8	0x0011EBB8	0xD4	core_text
func_0011EC90	0x0011EC90	0x60	core_text
func_0011ECF0	0x0011ECF0	0x8	core_text
func_0011ECF8	0x0011ECF8	0x8	core_text
func_0011ED00	0x0011ED00	0xC8	core_text
func_0011EDC8	0x0011EDC8	0x130	core_text
func_0011EEF8	0x0011EEF8	0x4	core_text
func_0011EF00	0x0011EF00	0x60	core_text
func_0011EF60	0x0011EF60	0x50	core_text
func_0011EFB0	0x0011EFB0	0x48	core_text
func_0011EFF8	0x0011EFF8	0x33C	core_text
func_0011F338	0x0011F338	0x60	core_text
func_0011F398	0x0011F398	0x40	core_text
func_0011F3D8	0x0011F3D8	0xA8	core_text
func_0011F480	0x0011F480	0x34	core_text
func_0011F4B8	0x0011F4B8	0x108	core_text
func_0011F5C0	0x0011F5C0	0x134	core_text
func_0011F6F8	0x0011F6F8	0x84	core_text
func_0011F780	0x0011F780	0xC0	core_text
func_0011F840	0x0011F840	0x38	core_text
func_0011F878	0x0011F878	0x208	core_text
func_0011FA80	0x0011FA80	0x100	core_text
func_0011FB80	0x0011FB80	0x154	core_text
func_0011FCD8	0x0011FCD8	0x68	core_text
func_0011FD40	0x0011FD40	0x18C	core_text
func_0011FED0	0x0011FED0	0xC8	core_text
func_0011FF98	0x0011FF98	0x198	core_text
func_00120130	0x00120130	0x17C	core_text
func_001202B0	0x001202B0	0xC0	core_text
func_00120370	0x00120370	0x4	core_text
func_00120378	0x00120378	0x30	core_text
func_001203A8	0x001203A8	0x14	core_text
func_001203C0	0x001203C0	0x9DC	core_text
func_00120DA0	0x00120DA0	0x60	core_text
func_00120E00	0x00120E00	0xEF8	core_text
func_00121CF8	0x00121CF8	0x2C	core_text
func_00121D28	0x00121D28	0x4	core_text
func_00121D30	0x00121D30	0x210	core_text
func_00121F40	0x00121F40	0x34	core_text
func_00121F78	0x00121F78	0x24	core_text
func_00121FA0	0x00121FA0	0x7C	core_text
func_00122020	0x00122020	0x6C	core_text
func_00122090	0x00122090	0x7C	core_text
func_00122110	0x00122110	0x4C	core_text
func_00122160	0x00122160	0x74	core_text
func_001221D8	0x001221D8	0x6C	core_text
func_00122248	0x00122248	0x78	core_text
func_001222C0	0x001222C0	0x9C	core_text
func_00122360	0x00122360	0x5BC	core_text
func_00122920	0x00122920	0x108	core_text
func_00122A28	0x00122A28	0xCC	core_text
func_00122AF8	0x00122AF8	0x1044	core_text
func_00123B40	0x00123B40	0x1B0	core_text
func_00123CF0	0x00123CF0	0x108	core_text
func_00123DF8	0x00123DF8	0x30	core_text
func_00123E28	0x00123E28	0xF04	core_text
func_00124D30	0x00124D30	0x264	core_text
func_00124F98	0x00124F98	0x730	core_text
func_001256C8	0x001256C8	0x2F4	core_text
func_001259C0	0x001259C0	0x16C	core_text
func_00125B30	0x00125B30	0x57C	core_text
func_001260B0	0x001260B0	0xBC	core_text
func_00126170	0x00126170	0x1D0	core_text
func_00126340	0x00126340	0xAC	core_text
func_001263F0	0x001263F0	0xF0	core_text
func_001264E0	0x001264E0	0x4	core_text
func_001264E8	0x001264E8	0x22C	core_text
func_00126718	0x00126718	0x34	core_text
func_00126750	0x00126750	0x40	core_text
func_00126790	0x00126790	0x10	core_text
func_001267A0	0x001267A0	0x10	core_text
func_001267B0	0x001267B0	0x10	core_text
func_001267C0	0x001267C0	0x10	core_text
func_001267D0	0x001267D0	0x10	core_text
func_001267E0	0x001267E0	0x10	core_text
func_001267F0	0x001267F0	0x10	core_text
func_00126800	0x00126800	0x10	core_text
func_00126810	0x00126810	0x10	core_text
func_00126820	0x00126820	0x10	core_text
func_00126830	0x00126830	0x10	core_text
func_00126840	0x00126840	0x10	core_text
func_00126850	0x00126850	0x10	core_text
func_00126860	0x00126860	0x10	core_text
func_00126870	0x00126870	0x10	core_text
func_00126880	0x00126880	0x10	core_text
func_00126890	0x00126890	0x10	core_text
func_001268A0	0x001268A0	0x10	core_text
func_001268B0	0x001268B0	0x10	core_text
func_001268C0	0x001268C0	0x10	core_text
func_001268D0	0x001268D0	0x10	core_text
func_001268E0	0x001268E0	0x10	core_text
func_001268F0	0x001268F0	0x10	core_text
func_00126900	0x00126900	0x10	core_text
func_00126910	0x00126910	0x10	core_text
func_00126920	0x00126920	0x10	core_text
func_00126930	0x00126930	0x10	core_text
func_00126940	0x00126940	0x10	core_text
func_00126950	0x00126950	0x10	core_text
func_00126960	0x00126960	0x10	core_text
func_00126970	0x00126970	0x10	core_text
func_00126980	0x00126980	0x10	core_text
func_00126990	0x00126990	0x10	core_text
func_001269A0	0x001269A0	0x10	core_text
func_001269B0	0x001269B0	0x10	core_text
func_001269C0	0x001269C0	0x10	core_text
func_001269D0	0x001269D0	0x10	core_text
func_001269E0	0x001269E0	0x10	core_text
func_001269F0	0x001269F0	0x10	core_text
func_00126A00	0x00126A00	0x10	core_text
func_00126A10	0x00126A10	0x10	core_text
func_00126A20	0x00126A20	0x10	core_text
func_00126A30	0x00126A30	0x10	core_text
func_00126A40	0x00126A40	0x10	core_text
func_00126A50	0x00126A50	0x10	core_text
func_00126A60	0x00126A60	0x10	core_text
func_00126A70	0x00126A70	0x10	core_text
func_00126A80	0x00126A80	0x10	core_text
func_00126A90	0x00126A90	0x10	core_text
func_00126AA0	0x00126AA0	0x10	core_text
func_00126AB0	0x00126AB0	0x10	core_text
func_00126AC0	0x00126AC0	0x10	core_text
func_00126AD0	0x00126AD0	0x10	core_text
func_00126AE0	0x00126AE0	0x10	core_text
func_00126AF0	0x00126AF0	0x10	core_text
func_00126B00	0x00126B00	0x10	core_text
func_00126B10	0x00126B10	0x10	core_text
func_00126B20	0x00126B20	0x10	core_text
func_00126B30	0x00126B30	0x10	core_text
func_00126B40	0x00126B40	0x10	core_text
func_00126B50	0x00126B50	0x10	core_text
func_00126B60	0x00126B60	0x10	core_text
func_00126B70	0x00126B70	0x10	core_text
func_00126B80	0x00126B80	0x10	core_text
func_00126B90	0x00126B90	0x10	core_text
func_00126BA0	0x00126BA0	0x10	core_text
func_00126BB0	0x00126BB0	0x10	core_text
func_00126BC0	0x00126BC0	0x10	core_text
func_00126BD0	0x00126BD0	0x10	core_text
func_00126BE0	0x00126BE0	0x10	core_text
func_00126BF0	0x00126BF0	0x10	core_text
func_00126C00	0x00126C00	0x10	core_text
func_00126C10	0x00126C10	0x10	core_text
func_00126C20	0x00126C20	0x10	core_text
func_00126C30	0x00126C30	0x10	core_text
func_00126C40	0x00126C40	0x10	core_text
func_00126C50	0x00126C50	0x10	core_text
func_00126C60	0x00126C60	0x10	core_text
func_00126C70	0x00126C70	0x10	core_text
func_00126C80	0x00126C80	0x10	core_text
func_00126C90	0x00126C90	0x10	core_text
func_00126CA0	0x00126CA0	0x10	core_text
func_00126CB0	0x00126CB0	0x10	core_text
func_00126CC0	0x00126CC0	0x10	core_text
func_00126CD0	0x00126CD0	0x10	core_text
func_00126CE0	0x00126CE0	0x10	core_text
func_00126CF0	0x00126CF0	0x10	core_text
func_00126D00	0x00126D00	0x10	core_text
func_00126D10	0x00126D10	0x10	core_text
func_00126D20	0x00126D20	0x10	core_text
func_00126D30	0x00126D30	0x10	core_text
func_00126D40	0x00126D40	0x10	core_text
func_00126D50	0x00126D50	0x10	core_text
func_00126D60	0x00126D60	0x10	core_text
func_00126D70	0x00126D70	0x10	core_text
func_00126D80	0x00126D80	0x10	core_text
func_00126D90	0x00126D90	0x10	core_text
func_00126DA0	0x00126DA0	0x10	core_text
func_00126DB0	0x00126DB0	0x10	core_text
func_00126DC0	0x00126DC0	0x10	core_text
func_00126DD0	0x00126DD0	0x10	core_text
func_00126DE0	0x00126DE0	0x10	core_text
func_00126DF0	0x00126DF0	0x10	core_text
func_00126E00	0x00126E00	0x10	core_text
func_00126E10	0x00126E10	0x10	core_text
func_00126E20	0x00126E20	0x10	core_text
func_00126E30	0x00126E30	0x10	core_text
func_00126E40	0x00126E40	0x10	core_text
func_00126E50	0x00126E50	0x10	core_text
func_00126E60	0x00126E60	0x10	core_text
func_00126E70	0x00126E70	0x10	core_text
func_00126E80	0x00126E80	0x10	core_text
func_00126E90	0x00126E90	0x10	core_text
func_00126EA0	0x00126EA0	0x10	core_text
func_00126EB0	0x00126EB0	0x10	core_text
func_00126EC0	0x00126EC0	0x10	core_text
func_00126ED0	0x00126ED0	0x10	core_text
func_00126EE0	0x00126EE0	0x10	core_text
func_00126EF0	0x00126EF0	0x10	core_text
func_00126F00	0x00126F00	0x10	core_text
func_00126F10	0x00126F10	0x10	core_text
func_00126F20	0x00126F20	0x10	core_text
func_00126F30	0x00126F30	0x10	core_text
func_00126F40	0x00126F40	0x10	core_text
func_00126F50	0x00126F50	0x10	core_text
func_00126F60	0x00126F60	0x10	core_text
func_00126F70	0x00126F70	0x10	core_text
func_00126F80	0x00126F80	0x10	core_text
func_00126F90	0x00126F90	0x10	core_text
func_00126FA0	0x00126FA0	0x10	core_text
func_00126FB0	0x00126FB0	0x10	core_text
func_00126FC0	0x00126FC0	0x10	core_text
func_00126FD0	0x00126FD0	0x10	core_text
func_00126FE0	0x00126FE0	0x10	core_text
func_00126FF0	0x00126FF0	0x10	core_text
func_00127000	0x00127000	0x10	core_text
func_00127010	0x00127010	0x10	core_text
func_00127020	0x00127020	0xC	core_text
func_00127030	0x00127030	0x90	core_text
func_001270C0	0x001270C0	0xA4	core_text
func_00127168	0x00127168	0x7C	core_text
func_001271E8	0x001271E8	0x74	core_text
func_00127260	0x00127260	0x28	core_text
func_00127288	0x00127288	0x8	core_text
func_00127290	0x00127290	0x8	core_text
func_00127298	0x00127298	0xAC	core_text
func_00127348	0x00127348	0x14	core_text
func_00127360	0x00127360	0x8	core_text
func_00127368	0x00127368	0x28	core_text
func_00127390	0x00127390	0xA4	core_text
func_00127438	0x00127438	0x7C	core_text
func_001274B8	0x001274B8	0x4	core_text
func_001274C0	0x001274C0	0xA4	core_text
func_00127568	0x00127568	0x7C	core_text
func_001275E8	0x001275E8	0x8	core_text
func_001275F0	0x001275F0	0x10	core_text
func_00127600	0x00127600	0x68	core_text
func_00127668	0x00127668	0x68	core_text
func_001276D0	0x001276D0	0x68	core_text
func_00127738	0x00127738	0x68	core_text
func_001277A0	0x001277A0	0xD8	core_text
func_00127878	0x00127878	0xEC	core_text
func_00127968	0x00127968	0x94	core_text
func_00127A00	0x00127A00	0x4	core_text
func_00127A08	0x00127A08	0xC8	core_text
func_00127AD0	0x00127AD0	0x178	core_text
func_00127C48	0x00127C48	0x28	core_text
func_00127C70	0x00127C70	0x44	core_text
func_00127CB8	0x00127CB8	0x4	core_text
func_00127CC0	0x00127CC0	0x30	core_text
func_00127CF0	0x00127CF0	0x24	core_text
func_00127D18	0x00127D18	0x4	core_text
func_00127D20	0x00127D20	0x34	core_text
func_00127D58	0x00127D58	0x34	core_text
func_00127D90	0x00127D90	0xC	core_text
func_00127DA0	0x00127DA0	0x24	core_text
func_00127DC4	0x00127DC4	0x4	core_text
func_00127DC8	0x00127DC8	0x24	core_text
func_00127DF0	0x00127DF0	0x3C	core_text
func_00127E30	0x00127E30	0x3C	core_text
func_00127E70	0x00127E70	0x194	core_text
func_00128008	0x00128008	0x174	core_text
func_00128180	0x00128180	0xD0	core_text
func_00128250	0x00128250	0xBC	core_text
func_0012830C	0x0012830C	0x4	core_text
func_00128310	0x00128310	0x38	core_text
func_00128348	0x00128348	0xB0	core_text
func_001283F8	0x001283F8	0x34	core_text
func_00128430	0x00128430	0x90	core_text
func_001284C0	0x001284C0	0x1D8	core_text
func_00128698	0x00128698	0xD14	core_text
func_001293B0	0x001293B0	0x58	core_text
func_00129408	0x00129408	0x28	core_text
func_00129430	0x00129430	0x28	core_text
func_00129458	0x00129458	0x4C	core_text
func_001294A8	0x001294A8	0x48	core_text
func_001294F0	0x001294F0	0x80	core_text
func_00129570	0x00129570	0x80	core_text
func_001295F0	0x001295F0	0x1C	core_text
func_00129610	0x00129610	0xC	core_text
func_00129620	0x00129620	0x18	core_text
func_00129638	0x00129638	0x1C	core_text
func_00129658	0x00129658	0x4	core_text
func_00129660	0x00129660	0x280	core_text
func_001298E0	0x001298E0	0x34	core_text
func_00129918	0x00129918	0x78	core_text
func_00129990	0x00129990	0x4C	core_text
func_001299E0	0x001299E0	0x134	core_text
func_00129B18	0x00129B18	0x3C	core_text
func_00129B58	0x00129B58	0x3C	core_text
func_00129B98	0x00129B98	0x148	core_text
func_00129CE0	0x00129CE0	0xAC	core_text
func_00129D8C	0x00129D8C	0x4	core_text
func_00129D90	0x00129D90	0x19C	core_text
func_00129F30	0x00129F30	0x24	core_text
func_00129F58	0x00129F58	0xA8	core_text
func_0012A000	0x0012A000	0x1C	core_text
func_0012A020	0x0012A020	0x30	core_text
func_0012A050	0x0012A050	0x40	core_text
func_0012A090	0x0012A090	0xCC	core_text
func_0012A160	0x0012A160	0x40	core_text
func_0012A1A0	0x0012A1A0	0xD0	core_text
func_0012A270	0x0012A270	0x164	core_text
func_0012A3D8	0x0012A3D8	0x4C	core_text
func_0012A428	0x0012A428	0x40	core_text
func_0012A468	0x0012A468	0xCC	core_text
func_0012A538	0x0012A538	0x14C	core_text
func_0012A688	0x0012A688	0x8C	core_text
func_0012A718	0x0012A718	0x200	core_text
func_0012A918	0x0012A918	0x3C	core_text
func_0012A958	0x0012A958	0x14	core_text
func_0012A970	0x0012A970	0x70	core_text
func_0012A9E0	0x0012A9E0	0x4	core_text
func_0012A9E8	0x0012A9E8	0x88	core_text
func_0012AA70	0x0012AA70	0xEC	core_text
func_0012AB60	0x0012AB60	0x6C	core_text
func_0012ABD0	0x0012ABD0	0x3B4	core_text
func_0012AF88	0x0012AF88	0x54	core_text
func_0012AFE0	0x0012AFE0	0x2C	core_text
func_0012B010	0x0012B010	0xC	core_text
func_0012B020	0x0012B020	0x44	core_text
func_0012B068	0x0012B068	0x208	core_text
func_0012B270	0x0012B270	0x8C	core_text
func_0012B300	0x0012B300	0x34	core_text
func_0012B338	0x0012B338	0x290	core_text
func_0012B5C8	0x0012B5C8	0x178	core_text
func_0012B740	0x0012B740	0x23C	core_text
func_0012B980	0x0012B980	0x26C	core_text
func_0012BBF0	0x0012BBF0	0x2C0	core_text
func_0012BEB0	0x0012BEB0	0x5C	core_text
func_0012BF10	0x0012BF10	0x2A8	core_text
func_0012C1B8	0x0012C1B8	0x88	core_text
func_0012C240	0x0012C240	0x70	core_text
func_0012C2B0	0x0012C2B0	0x80	core_text
func_0012C330	0x0012C330	0x78	core_text
func_0012C3A8	0x0012C3A8	0x1C	core_text
func_0012C3C8	0x0012C3C8	0x70	core_text
func_0012C438	0x0012C438	0x70	core_text
func_0012C4A8	0x0012C4A8	0x10	core_text
func_0012C4B8	0x0012C4B8	0x100	core_text
func_0012C5B8	0x0012C5B8	0x8C	core_text
func_0012C648	0x0012C648	0x38	core_text
func_0012C680	0x0012C680	0x208	core_text
func_0012C888	0x0012C888	0x208	core_text
func_0012CA90	0x0012CA90	0x90	core_text
func_0012CB20	0x0012CB20	0xA0	core_text
func_0012CBC0	0x0012CBC0	0x1C	core_text
func_0012CBE0	0x0012CBE0	0x1C	core_text
func_0012CC00	0x0012CC00	0x30	core_text
func_0012CC30	0x0012CC30	0x154	core_text
func_0012CD88	0x0012CD88	0x28	core_text
func_0012CDB0	0x0012CDB0	0x50	core_text
func_0012CE00	0x0012CE00	0x110	core_text
func_0012CF10	0x0012CF10	0x4	core_text
func_0012CF18	0x0012CF18	0x10	core_text
func_0012CF28	0x0012CF28	0x38	core_text
func_0012CF60	0x0012CF60	0x10	core_text
func_0012CF70	0x0012CF70	0x10	core_text
func_0012CF80	0x0012CF80	0xC4	core_text
func_0012D048	0x0012D048	0x10	core_text
func_0012D058	0x0012D058	0x40	core_text
func_0012D098	0x0012D098	0x1F4	core_text
func_0012D28C	0x0012D28C	0x194	core_text
func_0012D420	0x0012D420	0x50	core_text
func_0012D470	0x0012D470	0x18	core_text
func_0012D488	0x0012D488	0x60	core_text
func_0012D4E8	0x0012D4E8	0x40	core_text
func_0012D528	0x0012D528	0x40	core_text
func_0012D568	0x0012D568	0x10	core_text
func_0012D578	0x0012D578	0x4	core_text
func_0012D580	0x0012D580	0xFC	core_text
func_0012D680	0x0012D680	0x10	core_text
func_0012D690	0x0012D690	0x54	core_text
func_0012D6E4	0x0012D6E4	0x4	core_text
func_0012D6E8	0x0012D6E8	0x10	core_text
func_0012D6F8	0x0012D6F8	0x10	core_text
func_0012D708	0x0012D708	0x38	core_text
func_0012D740	0x0012D740	0x10	core_text
func_0012D750	0x0012D750	0x68	core_text
func_0012D7B8	0x0012D7B8	0xAC	core_text
func_0012D864	0x0012D864	0x4	core_text
func_0012D868	0x0012D868	0x10	core_text
func_0012D878	0x0012D878	0x30	core_text
func_0012D8A8	0x0012D8A8	0x10	core_text
func_0012D8B8	0x0012D8B8	0x118	core_text
func_0012D9D0	0x0012D9D0	0x8	core_text
func_0012D9D8	0x0012D9D8	0x48	core_text
func_0012DA20	0x0012DA20	0x28	core_text
func_0012DA48	0x0012DA48	0x8	core_text
func_0012DA50	0x0012DA50	0x10	core_text
func_0012DA60	0x0012DA60	0x10	core_text
func_0012DA70	0x0012DA70	0x38	core_text
func_0012DAA8	0x0012DAA8	0x10	core_text
func_0012DAB8	0x0012DAB8	0xD4	core_text
func_0012DB8C	0x0012DB8C	0x74	core_text
func_0012DC00	0x0012DC00	0x10	core_text
func_0012DC10	0x0012DC10	0x10	core_text
func_0012DC20	0x0012DC20	0x10	core_text
func_0012DC30	0x0012DC30	0x154	core_text
func_0012DD88	0x0012DD88	0x4	core_text
func_0012DD90	0x0012DD90	0x90	core_text
func_0012DE20	0x0012DE20	0x4	core_text
func_0012DE28	0x0012DE28	0x190	core_text
func_0012DFB8	0x0012DFB8	0x84	core_text
func_0012E040	0x0012E040	0x38	core_text
func_0012E078	0x0012E078	0x2A4	core_text
func_0012E320	0x0012E320	0x4C	core_text
func_0012E370	0x0012E370	0x7C	core_text
func_0012E3F0	0x0012E3F0	0x70	core_text
func_0012E460	0x0012E460	0x48	core_text
func_0012E4A8	0x0012E4A8	0xA0	core_text
func_0012E548	0x0012E548	0x4C	core_text
func_0012E598	0x0012E598	0x4	core_text
func_0012E5A0	0x0012E5A0	0xAC	core_text
func_0012E650	0x0012E650	0x4C	core_text
func_0012E6A0	0x0012E6A0	0x2C	core_text
func_0012E6D0	0x0012E6D0	0xF4	core_text
func_0012E7C8	0x0012E7C8	0x7C	core_text
func_0012E848	0x0012E848	0x70	core_text
func_0012E8B8	0x0012E8B8	0x10	core_text
func_0012E8C8	0x0012E8C8	0x4C	core_text
func_0012E918	0x0012E918	0x5C	core_text
func_0012E978	0x0012E978	0x12C	core_text
func_0012EAA8	0x0012EAA8	0xF0	core_text
func_0012EB98	0x0012EB98	0xA8	core_text
func_0012EC40	0x0012EC40	0x24	core_text
func_0012EC68	0x0012EC68	0xC0	core_text
func_0012ED28	0x0012ED28	0x54	core_text
func_0012ED80	0x0012ED80	0xA8	core_text
func_0012EE28	0x0012EE28	0xB8	core_text
func_0012EEE0	0x0012EEE0	0x20	core_text
func_0012EF00	0x0012EF00	0x6EC	core_text
func_0012F5EC	0x0012F5EC	0x4	core_text
func_0012F5F0	0x0012F5F0	0x5C	core_text
func_0012F64C	0x0012F64C	0x4	core_text
func_0012F650	0x0012F650	0xEC	core_text
func_0012F73C	0x0012F73C	0xC	core_text
func_0012F748	0x0012F748	0x98	core_text
func_0012F7E0	0x0012F7E0	0x668	core_text
func_0012FE48	0x0012FE48	0x60	core_text
func_0012FEA8	0x0012FEA8	0x8	core_text
func_0012FEB0	0x0012FEB0	0x5D0	core_text
func_00130480	0x00130480	0x540	core_text
func_001309C0	0x001309C0	0x12C	core_text
func_00130AF0	0x00130AF0	0x9C	core_text
func_00130B90	0x00130B90	0x240	core_text
func_00130DD0	0x00130DD0	0x58	core_text
func_00130E28	0x00130E28	0x64	core_text
func_00130E90	0x00130E90	0x2A8	core_text
func_00131138	0x00131138	0x168	core_text
func_001312A0	0x001312A0	0x114	core_text
func_001313B8	0x001313B8	0x4C	core_text
func_00131408	0x00131408	0xB8	core_text
func_001314C0	0x001314C0	0x94	core_text
func_00131558	0x00131558	0xA0	core_text
func_001315F8	0x001315F8	0x2C	core_text
func_00131628	0x00131628	0x54	core_text
func_0013167C	0x0013167C	0x4	core_text
func_00131680	0x00131680	0x10C	core_text
func_00131790	0x00131790	0x90	core_text
func_00131820	0x00131820	0xC8	core_text
func_001318E8	0x001318E8	0x2C	core_text
func_00131918	0x00131918	0x40	core_text
func_00131958	0x00131958	0x8	core_text
func_00131960	0x00131960	0x8	core_text
func_00131968	0x00131968	0xA0	core_text
func_00131A08	0x00131A08	0x88	core_text
func_00131A90	0x00131A90	0x3F0	core_text
func_00131E80	0x00131E80	0xD28	core_text
func_00132BA8	0x00132BA8	0x304	core_text
func_00132EAC	0x00132EAC	0x4	core_text
func_00132EB0	0x00132EB0	0x39C	core_text
func_0013324C	0x0013324C	0x4	core_text
func_00133250	0x00133250	0x2B4	core_text
func_00133504	0x00133504	0x4	core_text
func_00133508	0x00133508	0x324	core_text
func_0013382C	0x0013382C	0x4	core_text
func_00133830	0x00133830	0x130	core_text
func_00133960	0x00133960	0x88C	core_text
func_001341EC	0x001341EC	0x4	core_text
func_001341F0	0x001341F0	0x3E0	core_text
func_001345D0	0x001345D0	0x138	core_text
func_00134708	0x00134708	0x158	core_text
func_00134860	0x00134860	0x94C	core_text
func_001351AC	0x001351AC	0x4	core_text
func_001351B0	0x001351B0	0x104	core_text
func_001352B4	0x001352B4	0x4	core_text
func_001352B8	0x001352B8	0x44	core_text
func_001352FC	0x001352FC	0x4	core_text
func_00135300	0x00135300	0x34	core_text
func_00135334	0x00135334	0x4	core_text
func_00135338	0x00135338	0x20	core_text
func_00135358	0x00135358	0x38	core_text
func_00135390	0x00135390	0x24	core_text
func_001353B4	0x001353B4	0x4	core_text
func_001353B8	0x001353B8	0x1FC	core_text
func_001355B4	0x001355B4	0x4	core_text
func_001355B8	0x001355B8	0x1B4	core_text
func_0013576C	0x0013576C	0x4	core_text
func_00135770	0x00135770	0xD4	core_text
func_00135844	0x00135844	0x4	core_text
func_00135848	0x00135848	0x30	core_text
func_00135878	0x00135878	0xE8	core_text
func_00135960	0x00135960	0x1C	core_text
func_0013597C	0x0013597C	0x4	core_text
func_00135980	0x00135980	0x24	core_text
func_001359A4	0x001359A4	0x4	core_text
func_001359A8	0x001359A8	0xE4	core_text
func_00135A8C	0x00135A8C	0x4	core_text
func_00135A90	0x00135A90	0x24	core_text
func_00135AB4	0x00135AB4	0x4	core_text
func_00135AB8	0x00135AB8	0x160	core_text
func_00135C18	0x00135C18	0x11C	core_text
func_00135D34	0x00135D34	0x434	core_text
func_00136168	0x00136168	0x10C	core_text
func_00136274	0x00136274	0x4	core_text
func_00136278	0x00136278	0xFC	core_text
func_00136374	0x00136374	0x4	core_text
func_00136378	0x00136378	0x174	core_text
func_001364EC	0x001364EC	0x4	core_text
func_001364F0	0x001364F0	0x148	core_text
func_00136638	0x00136638	0x14C	core_text
func_00136784	0x00136784	0x4	core_text
func_00136788	0x00136788	0x508	core_text
func_00136C90	0x00136C90	0x114	core_text
func_00136DA4	0x00136DA4	0x4	core_text
func_00136DA8	0x00136DA8	0x68	core_text
func_00136E10	0x00136E10	0xA0	core_text
func_00136EB0	0x00136EB0	0xC0	core_text
func_00136F70	0x00136F70	0xE4	core_text
func_00137058	0x00137058	0xA0	core_text
func_001370F8	0x001370F8	0x80	core_text
func_00137178	0x00137178	0x54	core_text
func_001371D0	0x001371D0	0x78	core_text
func_00137248	0x00137248	0xC	core_text
func_00137258	0x00137258	0x158	core_text
func_001373B0	0x001373B0	0x98	core_text
func_00137448	0x00137448	0xA0	core_text
func_001374E8	0x001374E8	0x6C	core_text
func_00137558	0x00137558	0x158	core_text
func_001376B0	0x001376B0	0x2E8	core_text
func_00137998	0x00137998	0x218	core_text
func_00137BB0	0x00137BB0	0x220	core_text
func_00137DD0	0x00137DD0	0x1E0	core_text
func_00137FB0	0x00137FB0	0x98	core_text
func_00138048	0x00138048	0xB8	core_text
func_00138100	0x00138100	0xB4	core_text
func_001381B4	0x001381B4	0xD4	core_text
func_00138288	0x00138288	0xC4	core_text
func_0013834C	0x0013834C	0x194	core_text
func_001384E0	0x001384E0	0xC	core_text
func_001384EC	0x001384EC	0x4	core_text
func_001384F0	0x001384F0	0xA0	core_text
func_00138590	0x00138590	0x10	core_text
func_001385A0	0x001385A0	0x374	core_text
func_00138914	0x00138914	0xC0	core_text
func_001389D4	0x001389D4	0x4	core_text
func_001389D8	0x001389D8	0xC8	core_text
func_00138AA0	0x00138AA0	0x1E4	core_text
func_00138C84	0x00138C84	0xEC	core_text
func_00138D70	0x00138D70	0x94	core_text
func_00138E04	0x00138E04	0x1E8	core_text
func_00138FEC	0x00138FEC	0x144	core_text
func_00139130	0x00139130	0x17C	core_text
func_001392AC	0x001392AC	0x690	core_text
func_0013993C	0x0013993C	0x4	core_text
func_00139940	0x00139940	0xA0	core_text
func_001399E0	0x001399E0	0x70	core_text
func_00139A50	0x00139A50	0x4	core_text
func_00139A58	0x00139A58	0x28	core_text
func_00139A80	0x00139A80	0x34	core_text
func_00139AB8	0x00139AB8	0x28	core_text
func_00139AE0	0x00139AE0	0xDC	core_text
func_00139BC0	0x00139BC0	0x1D8	core_text
func_00139D98	0x00139D98	0x70	core_text
func_00139E08	0x00139E08	0x1C	core_text
func_00139E28	0x00139E28	0x98	core_text
func_00139EC0	0x00139EC0	0x230	core_text
func_0013A0F0	0x0013A0F0	0x58	core_text
func_0013A148	0x0013A148	0xC	core_text
func_0013A158	0x0013A158	0x4	core_text
func_0013A160	0x0013A160	0x128	core_text
func_0013A288	0x0013A288	0x34	core_text
func_0013A2C0	0x0013A2C0	0xBC	core_text
func_0013A380	0x0013A380	0xE0	core_text
func_0013A460	0x0013A460	0xB0	core_text
func_0013A510	0x0013A510	0x114	core_text
func_0013A628	0x0013A628	0x178	core_text
func_0013A7A0	0x0013A7A0	0xC4	core_text
func_0013A868	0x0013A868	0x58	core_text
func_0013A8C0	0x0013A8C0	0x17C	core_text
func_0013AA40	0x0013AA40	0x14C	core_text
func_0013AB90	0x0013AB90	0xD4	core_text
func_0013AC68	0x0013AC68	0x11C	core_text
func_0013AD88	0x0013AD88	0xDC	core_text
func_0013AE68	0x0013AE68	0x8	core_text
func_0013AE70	0x0013AE70	0x28	core_text
func_0013AE98	0x0013AE98	0x5C	core_text
func_0013AEF8	0x0013AEF8	0x100	core_text
func_0013AFF8	0x0013AFF8	0x1C	core_text
func_0013B018	0x0013B018	0x6C	core_text
func_0013B088	0x0013B088	0x6C	core_text
func_0013B0F8	0x0013B0F8	0x6C	core_text
func_0013B168	0x0013B168	0x64	core_text
func_0013B1CC	0x0013B1CC	0x150	core_text
func_0013B320	0x0013B320	0x48	core_text
func_0013B368	0x0013B368	0xF4	core_text
func_0013B460	0x0013B460	0xAC	core_text
func_0013B510	0x0013B510	0x114	core_text
func_0013B628	0x0013B628	0x1E4	core_text
func_0013B810	0x0013B810	0xB8	core_text
func_0013B8C8	0x0013B8C8	0x158	core_text
func_0013BA20	0x0013BA20	0x74	core_text
func_0013BA98	0x0013BA98	0x78	core_text
func_0013BB10	0x0013BB10	0x4	core_text
func_0013BB18	0x0013BB18	0xB4	core_text
func_0013BBD0	0x0013BBD0	0x58	core_text
func_0013BC28	0x0013BC28	0x120	core_text
func_0013BD48	0x0013BD48	0x13C	core_text
func_0013BE88	0x0013BE88	0xB4	core_text
func_0013BF40	0x0013BF40	0xC8	core_text
func_0013C008	0x0013C008	0xD8	core_text
func_0013C0E0	0x0013C0E0	0xB0	core_text
func_0013C190	0x0013C190	0x80	core_text
func_0013C210	0x0013C210	0x54	core_text
func_0013C268	0x0013C268	0x14	core_text
func_0013C280	0x0013C280	0x64	core_text
func_0013C2E8	0x0013C2E8	0x124	core_text
func_0013C410	0x0013C410	0x90	core_text
func_0013C4A0	0x0013C4A0	0x74	core_text
func_0013C518	0x0013C518	0xA4	core_text
func_0013C5C0	0x0013C5C0	0xA8	core_text
func_0013C668	0x0013C668	0xA8	core_text
func_0013C710	0x0013C710	0x40	core_text
func_0013C750	0x0013C750	0x184	core_text
func_0013C8D8	0x0013C8D8	0x704	core_text
func_0013CFE0	0x0013CFE0	0x250	core_text
func_0013D230	0x0013D230	0x488	core_text
func_0013D6B8	0x0013D6B8	0x21C	core_text
func_0013D8D8	0x0013D8D8	0x240	core_text
func_0013DB18	0x0013DB18	0x32C	core_text
func_0013DE48	0x0013DE48	0x428	core_text
func_0013E270	0x0013E270	0x19C	core_text
func_0013E410	0x0013E410	0x558	core_text
func_0013E968	0x0013E968	0x178	core_text
func_0013EAE0	0x0013EAE0	0x168	core_text
func_0013EC48	0x0013EC48	0x180	core_text
func_0013EDC8	0x0013EDC8	0xE8	core_text
func_0013EEB0	0x0013EEB0	0x8C	core_text
func_0013EF40	0x0013EF40	0x94	core_text
func_0013EFD8	0x0013EFD8	0x34	core_text
func_0013F010	0x0013F010	0x8	core_text
func_0013F018	0x0013F018	0xBC	core_text
func_0013F0D8	0x0013F0D8	0xEC	core_text
func_0013F1C8	0x0013F1C8	0xC0	core_text
func_0013F288	0x0013F288	0x17C	core_text
func_0013F408	0x0013F408	0x74	core_text
func_0013F480	0x0013F480	0x94	core_text
func_0013F518	0x0013F518	0xB4	core_text
func_0013F5D0	0x0013F5D0	0xCC	core_text
func_0013F6A0	0x0013F6A0	0xAC	core_text
func_0013F750	0x0013F750	0xB8	core_text
func_0013F808	0x0013F808	0xF8	core_text
func_0013F900	0x0013F900	0xFC	core_text
func_0013FA00	0x0013FA00	0x9C	core_text
func_0013FAA0	0x0013FAA0	0xAC	core_text
func_0013FB50	0x0013FB50	0xDC	core_text
func_0013FC30	0x0013FC30	0xE4	core_text
func_0013FD18	0x0013FD18	0xD4	core_text
func_0013FDF0	0x0013FDF0	0xD0	core_text
func_0013FEC0	0x0013FEC0	0x120	core_text
func_0013FFE0	0x0013FFE0	0x114	core_text
func_001400F8	0x001400F8	0xA0	core_text
func_00140198	0x00140198	0x1A0	core_text
func_00140338	0x00140338	0x314	core_text
func_00140650	0x00140650	0x2AC	core_text
func_00140900	0x00140900	0xA0	core_text
func_001409A0	0x001409A0	0x144	core_text
func_00140AE8	0x00140AE8	0x140	core_text
func_00140C28	0x00140C28	0xE8	core_text
func_00140D10	0x00140D10	0xC	core_text
func_00140D20	0x00140D20	0xC	core_text
func_00140D30	0x00140D30	0x1E4	core_text
func_00140F18	0x00140F18	0xC	core_text
func_00140F28	0x00140F28	0xC	core_text
func_00140F38	0x00140F38	0x1CC	core_text
func_00141108	0x00141108	0x34	core_text
func_00141140	0x00141140	0x8	core_text
func_00141148	0x00141148	0x154	core_text
func_001412A0	0x001412A0	0x8	core_text
func_001412A8	0x001412A8	0x50	core_text
func_001412F8	0x001412F8	0x8C	core_text
func_00141388	0x00141388	0x94	core_text
func_00141420	0x00141420	0xF4	core_text
func_00141514	0x00141514	0x4	core_text
func_00141518	0x00141518	0xCC	core_text
func_001415E8	0x001415E8	0x238	core_text
func_00141820	0x00141820	0xC8	core_text
func_001418E8	0x001418E8	0x1B4	core_text
func_00141AA0	0x00141AA0	0x2B4	core_text
func_00141D58	0x00141D58	0x170	core_text
func_00141EC8	0x00141EC8	0x1C4	core_text
func_00142090	0x00142090	0xB0	core_text
func_00142140	0x00142140	0x8	core_text
func_00142148	0x00142148	0x50	core_text
func_00142198	0x00142198	0x4	core_text
func_001421A0	0x001421A0	0x7C	core_text
func_00142220	0x00142220	0xC	core_text
func_00142230	0x00142230	0x10	core_text
func_00142240	0x00142240	0x3C	core_text
func_00142280	0x00142280	0xC	core_text
func_00142290	0x00142290	0x78	core_text
func_00142308	0x00142308	0x74	core_text
func_00142380	0x00142380	0x44	core_text
func_001423C8	0x001423C8	0x54	core_text
func_00142420	0x00142420	0x24	core_text
func_00142448	0x00142448	0xCC	core_text
func_00142514	0x00142514	0x4	core_text
func_00142518	0x00142518	0x14	core_text
func_00142530	0x00142530	0xC	core_text
func_00142540	0x00142540	0xC	core_text
func_00142550	0x00142550	0x6C	core_text
func_001425C0	0x001425C0	0x24	core_text
func_001425E8	0x001425E8	0x24	core_text
func_0014260C	0x0014260C	0x4	core_text
func_00142610	0x00142610	0x290	core_text
func_001428A0	0x001428A0	0x2C0	core_text
func_00142B60	0x00142B60	0x420	core_text
func_00142F80	0x00142F80	0xC0	core_text
func_00143040	0x00143040	0x90	core_text
func_001430D0	0x001430D0	0x1C0	core_text
func_00143290	0x00143290	0x4D8	core_text
func_00143768	0x00143768	0x148	core_text
func_001438B0	0x001438B0	0xD4	core_text
func_00143984	0x00143984	0x8	core_text
func_00143990	0x00143990	0x1D0	core_text
func_00143B60	0x00143B60	0x6A8	core_text
func_00144208	0x00144208	0x1DA8	core_text
func_00145FB0	0x00145FB0	0x3E0	core_text
func_00146390	0x00146390	0x130	core_text
func_001464C0	0x001464C0	0x10	core_text
func_001464D0	0x001464D0	0xA0	core_text
func_00146570	0x00146570	0xC8	core_text
func_00146638	0x00146638	0x54	core_text
func_00146690	0x00146690	0x40	core_text
func_001466D0	0x001466D0	0x74	core_text
func_00146748	0x00146748	0x74	core_text
func_001467C0	0x001467C0	0xE4	core_text
func_001468A8	0x001468A8	0x150	core_text
func_001469F8	0x001469F8	0x68	core_text
func_00146A60	0x00146A60	0x74	core_text
func_00146AD8	0x00146AD8	0x238	core_text
func_00146D10	0x00146D10	0xC	core_text
func_00146D1C	0x00146D1C	0x118	core_text
func_00146E34	0x00146E34	0x30	core_text
func_00146E68	0x00146E68	0x118	core_text
func_00146F80	0x00146F80	0x58	core_text
func_00146FD8	0x00146FD8	0x58	core_text
func_00147030	0x00147030	0x58	core_text
func_00147088	0x00147088	0x10	core_text
func_00147098	0x00147098	0x128	core_text
func_001471C0	0x001471C0	0x13C	core_text
func_00147300	0x00147300	0xE8	core_text
func_001473E8	0x001473E8	0x1E4	core_text
func_001475D0	0x001475D0	0x68	core_text
func_00147638	0x00147638	0x68	core_text
func_001476A0	0x001476A0	0x68	core_text
func_00147708	0x00147708	0x30	core_text
func_00147738	0x00147738	0xD4	core_text
func_00147810	0x00147810	0xD4	core_text
func_001478E8	0x001478E8	0x120	core_text
func_00147A08	0x00147A08	0x58	core_text
func_00147A60	0x00147A60	0x58	core_text
func_00147AB8	0x00147AB8	0x28	core_text
func_00147AE0	0x00147AE0	0x10	core_text
func_00147AF0	0x00147AF0	0x10	core_text
func_00147B00	0x00147B00	0x64	core_text
func_00147B68	0x00147B68	0x30	core_text
func_00147B98	0x00147B98	0xC	core_text
func_00147BA8	0x00147BA8	0x84	core_text
func_00147C30	0x00147C30	0xA4	core_text
func_00147CD8	0x00147CD8	0x28	core_text
func_00147D00	0x00147D00	0xC	core_text
func_00147D10	0x00147D10	0x3C	core_text
func_00147D50	0x00147D50	0x38	core_text
func_00147D88	0x00147D88	0x54	core_text
func_00147DE0	0x00147DE0	0x20	core_text
func_00147E00	0x00147E00	0x20	core_text
func_00147E20	0x00147E20	0x28	core_text
func_00147E48	0x00147E48	0x268	core_text
func_001480B0	0x001480B0	0x44	core_text
func_001480F8	0x001480F8	0xC8	core_text
func_001481C0	0x001481C0	0x110	core_text
func_001482D0	0x001482D0	0x70	core_text
func_00148340	0x00148340	0x4	core_text
func_00148348	0x00148348	0xC0	core_text
func_00148408	0x00148408	0xE0	core_text
func_001484E8	0x001484E8	0x15C	core_text
func_00148648	0x00148648	0x50	core_text
func_00148698	0x00148698	0x5C	core_text
func_001486F8	0x001486F8	0x98	core_text
func_00148790	0x00148790	0x70	core_text
func_00148800	0x00148800	0xB4	core_text
func_001488B8	0x001488B8	0xBC	core_text
func_00148978	0x00148978	0x9C	core_text
func_00148A18	0x00148A18	0x5C	core_text
func_00148A78	0x00148A78	0x294	core_text
func_00148D10	0x00148D10	0x84	core_text
func_00148D98	0x00148D98	0x40	core_text
func_00148DD8	0x00148DD8	0x148	core_text
func_00148F20	0x00148F20	0x22C	core_text
func_00149150	0x00149150	0x18	core_text
func_00149168	0x00149168	0x60	core_text
func_001491C8	0x001491C8	0x40	core_text
func_00149208	0x00149208	0xB0	core_text
func_001492B8	0x001492B8	0xA4	core_text
func_00149360	0x00149360	0xC	core_text
func_00149370	0x00149370	0x1FC	core_text
func_00149570	0x00149570	0x184	core_text
func_001496F8	0x001496F8	0x230	core_text
func_00149928	0x00149928	0x2D4	core_text
func_00149C00	0x00149C00	0x6C	core_text
func_00149C70	0x00149C70	0x1E4	core_text
func_00149E58	0x00149E58	0x4	core_text
func_00149E60	0x00149E60	0x128	core_text
func_00149F88	0x00149F88	0x50	core_text
func_00149FD8	0x00149FD8	0x74	core_text
func_0014A050	0x0014A050	0x48	core_text
func_0014A098	0x0014A098	0x4	core_text
func_0014A0A0	0x0014A0A0	0x18	core_text
func_0014A0B8	0x0014A0B8	0x6C	core_text
func_0014A128	0x0014A128	0x24	core_text
func_0014A150	0x0014A150	0x84	core_text
func_0014A1D8	0x0014A1D8	0x58	core_text
func_0014A230	0x0014A230	0x1E0	core_text
func_0014A410	0x0014A410	0x84	core_text
func_0014A498	0x0014A498	0x68	core_text
func_0014A500	0x0014A500	0xE4	core_text
func_0014A5E8	0x0014A5E8	0xBC	core_text
func_0014A6A8	0x0014A6A8	0x20	core_text
func_0014A6C8	0x0014A6C8	0x180	core_text
func_0014A848	0x0014A848	0x7C	core_text
func_0014A8C8	0x0014A8C8	0x1A8	core_text
func_0014AA70	0x0014AA70	0x208	core_text
func_0014AC78	0x0014AC78	0x15C	core_text
func_0014ADD8	0x0014ADD8	0x38	core_text
func_0014AE10	0x0014AE10	0x198	core_text
func_0014AFA8	0x0014AFA8	0x60	core_text
func_0014B008	0x0014B008	0x1FC	core_text
func_0014B218	0x0014B218	0x5C	core_text
func_0014B278	0x0014B278	0x104	core_text
func_0014B380	0x0014B380	0x110	core_text
func_0014B490	0x0014B490	0x6C	core_text
func_0014B500	0x0014B500	0xD8	core_text
func_0014B5D8	0x0014B5D8	0x22C	core_text
func_0014B808	0x0014B808	0x80	core_text
func_0014B888	0x0014B888	0x4	core_text
func_0014B890	0x0014B890	0x68	core_text
func_0014B8F8	0x0014B8F8	0x3C	core_text
func_0014B938	0x0014B938	0x2A4	core_text
func_0014BBE0	0x0014BBE0	0xE8	core_text
func_0014BCC8	0x0014BCC8	0x1A8	core_text
func_0014BE70	0x0014BE70	0x1B4	core_text
func_0014C028	0x0014C028	0x13C	core_text
func_0014C168	0x0014C168	0x150	core_text
func_0014C2B8	0x0014C2B8	0xAC	core_text
func_0014C368	0x0014C368	0x44	core_text
func_0014C3B0	0x0014C3B0	0x4	core_text
func_0014C3B8	0x0014C3B8	0x2F4	core_text
func_0014C6B0	0x0014C6B0	0x9C	core_text
func_0014C750	0x0014C750	0xC0	core_text
func_0014C810	0x0014C810	0x3C0	core_text
func_0014CBD0	0x0014CBD0	0xD0	core_text
func_0014CCA0	0x0014CCA0	0x154	core_text
func_0014CDF8	0x0014CDF8	0x214	core_text
func_0014D010	0x0014D010	0x44	core_text
func_0014D058	0x0014D058	0x84	core_text
func_0014D0E0	0x0014D0E0	0xF4	core_text
func_0014D1D8	0x0014D1D8	0x34	core_text
func_0014D210	0x0014D210	0xB0	core_text
func_0014D2C0	0x0014D2C0	0x84	core_text
func_0014D348	0x0014D348	0x44	core_text
func_0014D390	0x0014D390	0x54	core_text
func_0014D3E8	0x0014D3E8	0x58	core_text
func_0014D440	0x0014D440	0xC	core_text
func_0014D450	0x0014D450	0x150	core_text
func_0014D5A0	0x0014D5A0	0x194	core_text
func_0014D738	0x0014D738	0x130	core_text
func_0014D868	0x0014D868	0x8	core_text
func_0014D870	0x0014D870	0x74	core_text
func_0014D8E8	0x0014D8E8	0x84	core_text
func_0014D970	0x0014D970	0x70	core_text
func_0014D9E0	0x0014D9E0	0x98	core_text
func_0014DA78	0x0014DA78	0x9C	core_text
func_0014DB18	0x0014DB18	0x2A4	core_text
func_0014DDC0	0x0014DDC0	0xBC	core_text
func_0014DE80	0x0014DE80	0x54	core_text
func_0014DED8	0x0014DED8	0xD8	core_text
func_0014DFB0	0x0014DFB0	0x40	core_text
func_0014DFF0	0x0014DFF0	0x1F8	core_text
func_0014E1E8	0x0014E1E8	0x144	core_text
func_0014E330	0x0014E330	0x84	core_text
func_0014E3B8	0x0014E3B8	0xE0	core_text
func_0014E498	0x0014E498	0x104	core_text
func_0014E5A0	0x0014E5A0	0x230	core_text
func_0014E7D0	0x0014E7D0	0x2CC	core_text
func_0014EAA0	0x0014EAA0	0x8C	core_text
func_0014EB30	0x0014EB30	0x1C	core_text
func_0014EB50	0x0014EB50	0x158	core_text
func_0014ECA8	0x0014ECA8	0x138	core_text
func_0014EDE0	0x0014EDE0	0xD4	core_text
func_0014EEB8	0x0014EEB8	0x1FC	core_text
func_0014F0B8	0x0014F0B8	0x98	core_text
func_0014F150	0x0014F150	0x124	core_text
func_0014F278	0x0014F278	0xFC	core_text
func_0014F378	0x0014F378	0xD4	core_text
func_0014F450	0x0014F450	0x4B0	core_text
func_0014F900	0x0014F900	0x264	core_text
func_0014FB68	0x0014FB68	0x4	core_text
func_0014FB70	0x0014FB70	0x170	core_text
func_0014FCE0	0x0014FCE0	0x4	core_text
func_0014FCE8	0x0014FCE8	0x178	core_text
func_0014FE60	0x0014FE60	0xFC	core_text
func_0014FF60	0x0014FF60	0x250	core_text
func_001501B0	0x001501B0	0x94	core_text
func_00150248	0x00150248	0xB0	core_text
func_001502F8	0x001502F8	0x74	core_text
func_00150370	0x00150370	0x3C	core_text
func_001503B0	0x001503B0	0x4	core_text
func_001503B8	0x001503B8	0xF8	core_text
func_001504B0	0x001504B0	0x100	core_text
func_001505B0	0x001505B0	0x8C	core_text
func_00150640	0x00150640	0x4	core_text
func_00150648	0x00150648	0x530	core_text
func_00150B78	0x00150B78	0x250	core_text
func_00150DC8	0x00150DC8	0xB0	core_text
func_00150E78	0x00150E78	0x4	core_text
func_00150E80	0x00150E80	0x268	core_text
func_001510E8	0x001510E8	0xE0	core_text
func_001511C8	0x001511C8	0x24	core_text
func_001511F0	0x001511F0	0x2F4	core_text
func_001514E8	0x001514E8	0x4	core_text
func_001514F0	0x001514F0	0x1E8	core_text
func_001516D8	0x001516D8	0x1D0	core_text
func_001518A8	0x001518A8	0x14	core_text
func_001518C0	0x001518C0	0x4	core_text
func_001518C8	0x001518C8	0x4B4	core_text
func_00151D80	0x00151D80	0x164	core_text
func_00151EE8	0x00151EE8	0x170	core_text
func_00152058	0x00152058	0x170	core_text
func_001521C8	0x001521C8	0x4	core_text
func_001521D0	0x001521D0	0x174	core_text
func_00152348	0x00152348	0x184	core_text
func_001524D0	0x001524D0	0x4	core_text
func_001524D8	0x001524D8	0xD0	core_text
func_001525A8	0x001525A8	0x70	core_text
func_00152618	0x00152618	0x1BC	core_text
func_001527D8	0x001527D8	0xC4	core_text
func_001528A0	0x001528A0	0xC4	core_text
func_00152968	0x00152968	0xC4	core_text
func_00152A30	0x00152A30	0xC4	core_text
func_00152AF8	0x00152AF8	0xC4	core_text
func_00152BC0	0x00152BC0	0x4	core_text
func_00152BC8	0x00152BC8	0xF4	core_text
func_00152CC0	0x00152CC0	0xF4	core_text
func_00152DB8	0x00152DB8	0x9C	core_text
func_00152E58	0x00152E58	0x68	core_text
func_00152EC0	0x00152EC0	0x40	core_text
func_00152F00	0x00152F00	0x14C	core_text
func_00153050	0x00153050	0x120	core_text
func_00153170	0x00153170	0x1C0	core_text
func_00153330	0x00153330	0x118	core_text
func_00153448	0x00153448	0x110	core_text
func_00153558	0x00153558	0x190	core_text
func_001536E8	0x001536E8	0x248	core_text
func_00153930	0x00153930	0x1C0	core_text
func_00153AF0	0x00153AF0	0x140	core_text
func_00153C30	0x00153C30	0x3DC	core_text
func_00154010	0x00154010	0x48	core_text
func_00154058	0x00154058	0xC	core_text
func_00154068	0x00154068	0x4	core_text
func_00154070	0x00154070	0x104	core_text
func_00154178	0x00154178	0xC4	core_text
func_00154240	0x00154240	0x30	core_text
func_00154270	0x00154270	0x11C	core_text
func_00154390	0x00154390	0x248	core_text
func_001545D8	0x001545D8	0x1E0	core_text
func_001547B8	0x001547B8	0xC	core_text
func_001547C8	0x001547C8	0x168	core_text
func_00154930	0x00154930	0x194	core_text
func_00154AC8	0x00154AC8	0x84	core_text
func_00154B50	0x00154B50	0x58	core_text
func_00154BA8	0x00154BA8	0x54	core_text
func_00154C00	0x00154C00	0x120	core_text
func_00154D20	0x00154D20	0xC0	core_text
func_00154DE0	0x00154DE0	0x138	core_text
func_00154F18	0x00154F18	0x50	core_text
func_00154F68	0x00154F68	0x4	core_text
func_00154F70	0x00154F70	0xC8	core_text
func_00155038	0x00155038	0x38	core_text
func_00155070	0x00155070	0x4C	core_text
func_001550C0	0x001550C0	0x34	core_text
func_001550F4	0x001550F4	0x4	core_text
func_001550F8	0x001550F8	0x168	core_text
func_00155260	0x00155260	0x1D8	core_text
func_00155438	0x00155438	0xD8	core_text
func_00155510	0x00155510	0x70	core_text
func_00155580	0x00155580	0x40	core_text
func_001555C0	0x001555C0	0x60	core_text
func_00155620	0x00155620	0x48	core_text
func_00155668	0x00155668	0x4	core_text
func_00155670	0x00155670	0x4C	core_text
func_001556C0	0x001556C0	0x4	core_text
func_001556C8	0x001556C8	0x68	core_text
func_00155730	0x00155730	0x2C	core_text
func_00155760	0x00155760	0x20	core_text
func_00155780	0x00155780	0x68	core_text
func_001557E8	0x001557E8	0x68	core_text
func_00155850	0x00155850	0xB4	core_text
func_00155908	0x00155908	0xA4	core_text
func_001559B0	0x001559B0	0x30	core_text
func_001559E0	0x001559E0	0x24	core_text
func_00155A08	0x00155A08	0x8C	core_text
func_00155A98	0x00155A98	0x48	core_text
func_00155AE0	0x00155AE0	0xE8	core_text
func_00155BC8	0x00155BC8	0x24	core_text
func_00155BF0	0x00155BF0	0x30	core_text
func_00155C20	0x00155C20	0xA8	core_text
func_00155CC8	0x00155CC8	0x1C	core_text
func_00155CE8	0x00155CE8	0x120	core_text
func_00155E08	0x00155E08	0x1D8	core_text
func_00155FE0	0x00155FE0	0x13C	core_text
func_00156120	0x00156120	0x270	core_text
func_00156390	0x00156390	0x34	core_text
func_001563C4	0x001563C4	0x8	core_text
func_001563CC	0x001563CC	0x8	core_text
func_001563D4	0x001563D4	0x8	core_text
func_001563DC	0x001563DC	0x8	core_text
func_001563E4	0x001563E4	0x8	core_text
func_001563EC	0x001563EC	0x8	core_text
func_001563F4	0x001563F4	0x8	core_text
func_001563FC	0x001563FC	0x34	core_text
func_00156430	0x00156430	0x88	core_text
func_001564B8	0x001564B8	0x8	core_text
func_001564C0	0x001564C0	0x8	core_text
func_001564C8	0x001564C8	0x1C	core_text
func_001564E4	0x001564E4	0x8	core_text
func_001564EC	0x001564EC	0x34	core_text
func_00156520	0x00156520	0x8	core_text
func_00156528	0x00156528	0x24	core_text
func_0015654C	0x0015654C	0x28	core_text
func_00156574	0x00156574	0x8	core_text
func_0015657C	0x0015657C	0x1C	core_text
func_00156598	0x00156598	0x8	core_text
func_001565A0	0x001565A0	0x2C	core_text
func_001565CC	0x001565CC	0x2C	core_text
func_001565F8	0x001565F8	0x8	core_text
func_00156600	0x00156600	0x34	core_text
func_00156634	0x00156634	0x8	core_text
func_0015663C	0x0015663C	0x8	core_text
func_00156644	0x00156644	0x8	core_text
func_0015664C	0x0015664C	0x8	core_text
func_00156654	0x00156654	0x34	core_text
func_00156688	0x00156688	0x34	core_text
func_001566BC	0x001566BC	0x8	core_text
func_001566C4	0x001566C4	0x8	core_text
func_001566CC	0x001566CC	0x8	core_text
func_001566D4	0x001566D4	0x8	core_text
func_001566DC	0x001566DC	0x8	core_text
func_001566E4	0x001566E4	0x8	core_text
func_001566EC	0x001566EC	0x8	core_text
func_001566F4	0x001566F4	0x8	core_text
func_001566FC	0x001566FC	0x8	core_text
func_00156704	0x00156704	0x8	core_text
func_0015670C	0x0015670C	0x34	core_text
func_00156740	0x00156740	0x44	core_text
func_00156784	0x00156784	0x34	core_text
func_001567B8	0x001567B8	0x34	core_text
func_001567EC	0x001567EC	0x8	core_text
func_001567F4	0x001567F4	0x34	core_text
func_00156828	0x00156828	0x8	core_text
func_00156830	0x00156830	0x8	core_text
func_00156838	0x00156838	0x8	core_text
func_00156840	0x00156840	0x8	core_text
func_00156848	0x00156848	0x34	core_text
func_0015687C	0x0015687C	0x8	core_text
func_00156884	0x00156884	0x34	core_text
func_001568B8	0x001568B8	0x8	core_text
func_001568C0	0x001568C0	0x8	core_text
func_001568C8	0x001568C8	0x8	core_text
func_001568D0	0x001568D0	0x8	core_text
func_001568D8	0x001568D8	0x8	core_text
func_001568E0	0x001568E0	0x34	core_text
func_00156914	0x00156914	0x8	core_text
func_0015691C	0x0015691C	0x8	core_text
func_00156924	0x00156924	0x8	core_text
func_0015692C	0x0015692C	0x8	core_text
func_00156934	0x00156934	0x34	core_text
func_00156968	0x00156968	0x8	core_text
func_00156970	0x00156970	0x8	core_text
func_00156978	0x00156978	0x8	core_text
func_00156980	0x00156980	0x8	core_text
func_00156988	0x00156988	0x34	core_text
func_001569BC	0x001569BC	0x8	core_text
func_001569C4	0x001569C4	0x34	core_text
func_001569F8	0x001569F8	0x8	core_text
func_00156A00	0x00156A00	0x8	core_text
func_00156A08	0x00156A08	0x34	core_text
func_00156A3C	0x00156A3C	0x8	core_text
func_00156A44	0x00156A44	0x8	core_text
func_00156A4C	0x00156A4C	0x8	core_text
func_00156A54	0x00156A54	0x8	core_text
func_00156A5C	0x00156A5C	0x8	core_text
func_00156A64	0x00156A64	0x34	core_text
func_00156A98	0x00156A98	0x8	core_text
func_00156AA0	0x00156AA0	0x8	core_text
func_00156AA8	0x00156AA8	0x8	core_text
func_00156AB0	0x00156AB0	0x8	core_text
func_00156AB8	0x00156AB8	0x34	core_text
func_00156AEC	0x00156AEC	0x8	core_text
func_00156AF4	0x00156AF4	0x8	core_text
func_00156AFC	0x00156AFC	0x8	core_text
func_00156B04	0x00156B04	0x8	core_text
func_00156B0C	0x00156B0C	0x8	core_text
func_00156B14	0x00156B14	0x34	core_text
func_00156B48	0x00156B48	0x8	core_text
func_00156B50	0x00156B50	0x8	core_text
func_00156B58	0x00156B58	0x8	core_text
func_00156B60	0x00156B60	0x8	core_text
func_00156B68	0x00156B68	0x8	core_text
func_00156B70	0x00156B70	0x34	core_text
func_00156BA4	0x00156BA4	0x8	core_text
func_00156BAC	0x00156BAC	0x8	core_text
func_00156BB4	0x00156BB4	0x8	core_text
func_00156BBC	0x00156BBC	0x8	core_text
func_00156BC4	0x00156BC4	0x8	core_text
func_00156BCC	0x00156BCC	0x8	core_text
func_00156BD4	0x00156BD4	0x34	core_text
func_00156C08	0x00156C08	0x8	core_text
func_00156C10	0x00156C10	0x8	core_text
func_00156C18	0x00156C18	0x8	core_text
func_00156C20	0x00156C20	0x8	core_text
func_00156C28	0x00156C28	0x34	core_text
func_00156C5C	0x00156C5C	0x8	core_text
func_00156C64	0x00156C64	0x8	core_text
func_00156C6C	0x00156C6C	0x8	core_text
func_00156C74	0x00156C74	0x34	core_text
func_00156CA8	0x00156CA8	0x8	core_text
func_00156CB0	0x00156CB0	0x8	core_text
func_00156CB8	0x00156CB8	0x8	core_text
func_00156CC0	0x00156CC0	0x8	core_text
func_00156CC8	0x00156CC8	0x34	core_text
func_00156CFC	0x00156CFC	0x8	core_text
func_00156D04	0x00156D04	0x34	core_text
func_00156D38	0x00156D38	0x8	core_text
func_00156D40	0x00156D40	0x8	core_text
func_00156D48	0x00156D48	0x8	core_text
func_00156D50	0x00156D50	0x8	core_text
func_00156D58	0x00156D58	0x34	core_text
func_00156D8C	0x00156D8C	0x8	core_text
func_00156D94	0x00156D94	0x34	core_text
func_00156DC8	0x00156DC8	0x8	core_text
func_00156DD0	0x00156DD0	0x8	core_text
func_00156DD8	0x00156DD8	0x8	core_text
func_00156DE0	0x00156DE0	0x8	core_text
func_00156DE8	0x00156DE8	0x8	core_text
func_00156DF0	0x00156DF0	0x34	core_text
func_00156E24	0x00156E24	0x8	core_text
func_00156E2C	0x00156E2C	0x8	core_text
func_00156E34	0x00156E34	0x8	core_text
func_00156E3C	0x00156E3C	0x8	core_text
func_00156E44	0x00156E44	0x34	core_text
func_00156E78	0x00156E78	0x8	core_text
func_00156E80	0x00156E80	0x34	core_text
func_00156EB4	0x00156EB4	0x8	core_text
func_00156EBC	0x00156EBC	0x8	core_text
func_00156EC4	0x00156EC4	0x8	core_text
func_00156ECC	0x00156ECC	0x8	core_text
func_00156ED4	0x00156ED4	0x34	core_text
func_00156F08	0x00156F08	0x8	core_text
func_00156F10	0x00156F10	0x34	core_text
func_00156F44	0x00156F44	0x8	core_text
func_00156F4C	0x00156F4C	0x8	core_text
func_00156F54	0x00156F54	0x8	core_text
func_00156F5C	0x00156F5C	0x8	core_text
func_00156F64	0x00156F64	0x34	core_text
func_00156F98	0x00156F98	0x8	core_text
func_00156FA0	0x00156FA0	0x8	core_text
func_00156FA8	0x00156FA8	0x34	core_text
func_00156FDC	0x00156FDC	0x8	core_text
func_00156FE4	0x00156FE4	0x8	core_text
func_00156FEC	0x00156FEC	0x8	core_text
func_00156FF4	0x00156FF4	0x8	core_text
func_00156FFC	0x00156FFC	0x8	core_text
func_00157004	0x00157004	0x34	core_text
func_00157038	0x00157038	0x8	core_text
func_00157040	0x00157040	0x8	core_text
func_00157048	0x00157048	0x8	core_text
func_00157050	0x00157050	0x8	core_text
func_00157058	0x00157058	0x34	core_text
func_0015708C	0x0015708C	0x8	core_text
func_00157094	0x00157094	0x8	core_text
func_0015709C	0x0015709C	0x34	core_text
func_001570D0	0x001570D0	0x8	core_text
func_001570D8	0x001570D8	0x8	core_text
func_001570E0	0x001570E0	0x8	core_text
func_001570E8	0x001570E8	0x8	core_text
func_001570F0	0x001570F0	0x34	core_text
func_00157124	0x00157124	0x8	core_text
func_0015712C	0x0015712C	0x8	core_text
func_00157134	0x00157134	0x34	core_text
func_00157168	0x00157168	0x8	core_text
func_00157170	0x00157170	0x8	core_text
func_00157178	0x00157178	0x8	core_text
func_00157180	0x00157180	0x8	core_text
func_00157188	0x00157188	0x34	core_text
func_001571BC	0x001571BC	0x8	core_text
func_001571C4	0x001571C4	0x8	core_text
func_001571CC	0x001571CC	0x34	core_text
func_00157200	0x00157200	0x8	core_text
func_00157208	0x00157208	0x8	core_text
func_00157210	0x00157210	0x8	core_text
func_00157218	0x00157218	0x8	core_text
func_00157220	0x00157220	0x8	core_text
func_00157228	0x00157228	0x8	core_text
func_00157230	0x00157230	0x8	core_text
func_00157238	0x00157238	0x8	core_text
func_00157240	0x00157240	0x34	core_text
func_00157274	0x00157274	0x8	core_text
func_0015727C	0x0015727C	0x8	core_text
func_00157284	0x00157284	0x8	core_text
func_0015728C	0x0015728C	0x8	core_text
func_00157294	0x00157294	0x8	core_text
func_0015729C	0x0015729C	0x8	core_text
func_001572A4	0x001572A4	0x8	core_text
func_001572AC	0x001572AC	0x34	core_text
func_001572E0	0x001572E0	0x8	core_text
func_001572E8	0x001572E8	0x8	core_text
func_001572F0	0x001572F0	0x8	core_text
func_001572F8	0x001572F8	0x8	core_text
func_00157300	0x00157300	0x34	core_text
func_00157334	0x00157334	0x8	core_text
func_0015733C	0x0015733C	0x8	core_text
func_00157344	0x00157344	0x8	core_text
func_0015734C	0x0015734C	0x8	core_text
func_00157354	0x00157354	0x8	core_text
func_0015735C	0x0015735C	0x8	core_text
func_00157364	0x00157364	0x8	core_text
func_0015736C	0x0015736C	0x8	core_text
func_00157374	0x00157374	0x8	core_text
func_0015737C	0x0015737C	0x8	core_text
func_00157384	0x00157384	0x8	core_text
func_0015738C	0x0015738C	0x8	core_text
func_00157394	0x00157394	0x8	core_text
func_0015739C	0x0015739C	0x8	core_text
func_001573A4	0x001573A4	0x8	core_text
func_001573AC	0x001573AC	0x8	core_text
func_001573B4	0x001573B4	0x8	core_text
func_001573BC	0x001573BC	0x8	core_text
func_001573C4	0x001573C4	0x34	core_text
func_001573F8	0x001573F8	0x8	core_text
func_00157400	0x00157400	0x8	core_text
func_00157408	0x00157408	0x8	core_text
func_00157410	0x00157410	0x8	core_text
func_00157418	0x00157418	0x34	core_text
func_0015744C	0x0015744C	0x8	core_text
func_00157454	0x00157454	0x8	core_text
func_0015745C	0x0015745C	0x8	core_text
func_00157464	0x00157464	0x8	core_text
func_0015746C	0x0015746C	0x8	core_text
func_00157474	0x00157474	0x8	core_text
func_0015747C	0x0015747C	0x8	core_text
func_00157484	0x00157484	0x8	core_text
func_0015748C	0x0015748C	0x34	core_text
func_001574C0	0x001574C0	0x8	core_text
func_001574C8	0x001574C8	0x8	core_text
func_001574D0	0x001574D0	0x8	core_text
func_001574D8	0x001574D8	0x8	core_text
func_001574E8	0x001574E8	0x240	core_text
func_00157728	0x00157728	0x8	core_text
func_00157730	0x00157730	0x8	core_text
func_00157738	0x00157738	0x150	core_text
func_00157888	0x00157888	0x114	core_text
func_001579A0	0x001579A0	0x4C	core_text
func_001579F0	0x001579F0	0x140	core_text
func_00157B30	0x00157B30	0x124	core_text
func_00157C58	0x00157C58	0x340	core_text
func_00157F98	0x00157F98	0x1F0	core_text
func_00158188	0x00158188	0xC	core_text
func_00158198	0x00158198	0xA4	core_text
func_00158240	0x00158240	0x5C	core_text
func_001582A0	0x001582A0	0x4	core_text
func_001582A8	0x001582A8	0x154	core_text
func_00158400	0x00158400	0x150	core_text
func_00158550	0x00158550	0x44	core_text
func_00158598	0x00158598	0x30	core_text
func_001585C8	0x001585C8	0x30	core_text
func_001585F8	0x001585F8	0x34	core_text
func_00158630	0x00158630	0x74	core_text
func_001586A8	0x001586A8	0x30	core_text
func_001586D8	0x001586D8	0x54	core_text
func_00158730	0x00158730	0x30	core_text
func_00158760	0x00158760	0x68	core_text
func_001587C8	0x001587C8	0x48	core_text
func_00158810	0x00158810	0x54	core_text
func_00158868	0x00158868	0x30	core_text
func_00158898	0x00158898	0x30	core_text
func_001588C8	0x001588C8	0x30	core_text
func_001588F8	0x001588F8	0x28	core_text
func_00158920	0x00158920	0x30	core_text
func_00158950	0x00158950	0x58	core_text
func_001589A8	0x001589A8	0x48	core_text
func_001589F0	0x001589F0	0x3C	core_text
func_00158A30	0x00158A30	0x230	core_text
func_00158C60	0x00158C60	0x360	core_text
func_00158FC0	0x00158FC0	0x38	core_text
func_00158FF8	0x00158FF8	0x124	core_text
func_00159120	0x00159120	0x8	core_text
func_00159128	0x00159128	0x8	core_text
func_00159130	0x00159130	0xA8	core_text
func_001591D8	0x001591D8	0x78	core_text
func_00159250	0x00159250	0x78	core_text
func_001592C8	0x001592C8	0x40	core_text
func_00159308	0x00159308	0x30	core_text
func_00159338	0x00159338	0x30	core_text
func_00159368	0x00159368	0x30	core_text
func_00159398	0x00159398	0x30	core_text
func_001593C8	0x001593C8	0xBC	core_text
func_00159488	0x00159488	0x9C	core_text
func_00159528	0x00159528	0x44	core_text
func_00159570	0x00159570	0x38	core_text
func_001595A8	0x001595A8	0xC	core_text
func_001595B8	0x001595B8	0x30	core_text
func_001595E8	0x001595E8	0x50	core_text
func_00159638	0x00159638	0x34	core_text
func_00159670	0x00159670	0x3C	core_text
func_001596B0	0x001596B0	0x24	core_text
func_001596D8	0x001596D8	0x24	core_text
func_00159700	0x00159700	0x54	core_text
func_00159758	0x00159758	0x24	core_text
func_00159780	0x00159780	0x34	core_text
func_001597B8	0x001597B8	0x38	core_text
func_001597F0	0x001597F0	0x24	core_text
func_00159818	0x00159818	0x2C	core_text
func_00159848	0x00159848	0x24	core_text
func_00159870	0x00159870	0x40	core_text
func_001598B0	0x001598B0	0x48	core_text
func_001598F8	0x001598F8	0x50	core_text
func_00159948	0x00159948	0x34	core_text
func_00159980	0x00159980	0x24	core_text
func_001599A8	0x001599A8	0x4C	core_text
func_00159A00	0x00159A00	0x50	core_text
func_00159A50	0x00159A50	0x58	core_text
func_00159AA8	0x00159AA8	0x180	core_text
func_00159C28	0x00159C28	0x8	core_text
func_00159C30	0x00159C30	0x2C	core_text
func_00159C60	0x00159C60	0x94	core_text
func_00159D00	0x00159D00	0xDC	core_text
func_00159DE0	0x00159DE0	0xDC	core_text
func_00159EC0	0x00159EC0	0xB8	core_text
func_00159F78	0x00159F78	0x80	core_text
func_00159FF8	0x00159FF8	0x14	core_text
func_0015A010	0x0015A010	0x14	core_text
func_0015A028	0x0015A028	0x28	core_text
func_0015A050	0x0015A050	0x28	core_text
func_0015A078	0x0015A078	0xF4	core_text
func_0015A170	0x0015A170	0x3C8	core_text
func_0015A538	0x0015A538	0x218	core_text
func_0015A750	0x0015A750	0x15C	core_text
func_0015A8B0	0x0015A8B0	0x1A4	core_text
func_0015AA58	0x0015AA58	0x1D8	core_text
func_0015AC30	0x0015AC30	0x13C	core_text
func_0015AD70	0x0015AD70	0x38	core_text
func_0015ADA8	0x0015ADA8	0x4F0	core_text
func_0015B298	0x0015B298	0x8	core_text
func_0015B2A0	0x0015B2A0	0x14	core_text
func_0015B2B8	0x0015B2B8	0x8	core_text
func_0015B2C0	0x0015B2C0	0x8	core_text
func_0015B2C8	0x0015B2C8	0xA8	core_text
func_0015B370	0x0015B370	0x128	core_text
func_0015B498	0x0015B498	0xAC	core_text
func_0015B548	0x0015B548	0xC	core_text
func_0015B558	0x0015B558	0xC	core_text
func_0015B568	0x0015B568	0x10	core_text
func_0015B578	0x0015B578	0xF4	core_text
func_0015B670	0x0015B670	0x170	core_text
func_0015B7E0	0x0015B7E0	0x28	core_text
func_0015B808	0x0015B808	0x40	core_text
func_0015B848	0x0015B848	0x114	core_text
func_0015B960	0x0015B960	0x10	core_text
func_0015B970	0x0015B970	0xAC	core_text
func_0015BA20	0x0015BA20	0x1D4	core_text
func_0015BBF8	0x0015BBF8	0x60	core_text
func_0015BC58	0x0015BC58	0x18	core_text
func_0015BC70	0x0015BC70	0x260	core_text
func_0015BED0	0x0015BED0	0x18	core_text
func_0015BEE8	0x0015BEE8	0x130	core_text
func_0015C018	0x0015C018	0xDC	core_text
func_0015C0F8	0x0015C0F8	0x1C4	core_text
func_0015C2C0	0x0015C2C0	0x18	core_text
func_0015C2D8	0x0015C2D8	0x3D8	core_text
func_0015C6B0	0x0015C6B0	0x34	core_text
func_0015C6E8	0x0015C6E8	0x2C	core_text
func_0015C718	0x0015C718	0x18	core_text
func_0015C730	0x0015C730	0x14	core_text
func_0015C748	0x0015C748	0x8	core_text
func_0015C750	0x0015C750	0x10	core_text
func_0015C760	0x0015C760	0x10	core_text
func_0015C770	0x0015C770	0x8	core_text
func_0015C778	0x0015C778	0xA0	core_text
func_0015C818	0x0015C818	0x10	core_text
func_0015C828	0x0015C828	0x150	core_text
func_0015C978	0x0015C978	0x17C	core_text
func_0015CAF8	0x0015CAF8	0x18	core_text
func_0015CB10	0x0015CB10	0x14	core_text
func_0015CB28	0x0015CB28	0x60	core_text
func_0015CB88	0x0015CB88	0x28	core_text
func_0015CBB0	0x0015CBB0	0x28	core_text
func_0015CBD8	0x0015CBD8	0x28	core_text
func_0015CC00	0x0015CC00	0x28	core_text
func_0015CC28	0x0015CC28	0x28	core_text
func_0015CC50	0x0015CC50	0x28	core_text
func_0015CC78	0x0015CC78	0x28	core_text
func_0015CCA0	0x0015CCA0	0x28	core_text
func_0015CCC8	0x0015CCC8	0x28	core_text
func_0015CCF0	0x0015CCF0	0x28	core_text
func_0015CD18	0x0015CD18	0x28	core_text
func_0015CD40	0x0015CD40	0x28	core_text
func_0015CD68	0x0015CD68	0x28	core_text
func_0015CD90	0x0015CD90	0x28	core_text
func_0015CDB8	0x0015CDB8	0x28	core_text
func_0015CDE0	0x0015CDE0	0x28	core_text
func_0015CE08	0x0015CE08	0x28	core_text
func_0015CE30	0x0015CE30	0x28	core_text
func_0015CE58	0x0015CE58	0x28	core_text
func_0015CE80	0x0015CE80	0x28	core_text
func_0015CEA8	0x0015CEA8	0x28	core_text
func_0015CED0	0x0015CED0	0x28	core_text
func_0015CEF8	0x0015CEF8	0x28	core_text
func_0015CF20	0x0015CF20	0x28	core_text
func_0015CF48	0x0015CF48	0x28	core_text
func_0015CF70	0x0015CF70	0x28	core_text
func_0015CF98	0x0015CF98	0x28	core_text
func_0015CFC0	0x0015CFC0	0x28	core_text
func_0015CFE8	0x0015CFE8	0x28	core_text
func_0015D010	0x0015D010	0x28	core_text
func_0015D038	0x0015D038	0x28	core_text
func_0015D060	0x0015D060	0x28	core_text
func_0015D088	0x0015D088	0x28	core_text
func_0015D0B0	0x0015D0B0	0x28	core_text
func_0015D0D8	0x0015D0D8	0x28	core_text
func_0015D100	0x0015D100	0x28	core_text
func_0015D128	0x0015D128	0x28	core_text
func_0015D150	0x0015D150	0x28	core_text
func_0015D178	0x0015D178	0x28	core_text
func_0015D1A0	0x0015D1A0	0x28	core_text
func_0015D1C8	0x0015D1C8	0x28	core_text
func_0015D1F0	0x0015D1F0	0x28	core_text
func_0015D218	0x0015D218	0x28	core_text
func_0015D240	0x0015D240	0x28	core_text
func_0015D268	0x0015D268	0x28	core_text
func_0015D290	0x0015D290	0x28	core_text
func_0015D2B8	0x0015D2B8	0x28	core_text
func_0015D2E0	0x0015D2E0	0x28	core_text
func_0015D308	0x0015D308	0x28	core_text
func_0015D330	0x0015D330	0x28	core_text
func_0015D358	0x0015D358	0x28	core_text
func_0015D380	0x0015D380	0x28	core_text
func_0015D3A8	0x0015D3A8	0x28	core_text
func_0015D3D0	0x0015D3D0	0x28	core_text
func_0015D3F8	0x0015D3F8	0x28	core_text
func_0015D420	0x0015D420	0x28	core_text
func_0015D448	0x0015D448	0x28	core_text
func_0015D470	0x0015D470	0x28	core_text
func_0015D498	0x0015D498	0x28	core_text
func_0015D4C0	0x0015D4C0	0x28	core_text
func_0015D4E8	0x0015D4E8	0x28	core_text
func_0015D510	0x0015D510	0x28	core_text
func_0015D538	0x0015D538	0x28	core_text
func_0015D560	0x0015D560	0x28	core_text
func_0015D588	0x0015D588	0x28	core_text
func_0015D5B0	0x0015D5B0	0x28	core_text
func_0015D5D8	0x0015D5D8	0x28	core_text
func_0015D600	0x0015D600	0x28	core_text
func_0015D628	0x0015D628	0x28	core_text
func_0015D650	0x0015D650	0x28	core_text
func_0015D678	0x0015D678	0x28	core_text
func_0015D6A0	0x0015D6A0	0x28	core_text
func_0015D6C8	0x0015D6C8	0x34	core_text
func_0015D700	0x0015D700	0x28	core_text
func_0015D728	0x0015D728	0x28	core_text
func_0015D750	0x0015D750	0x28	core_text
func_0015D778	0x0015D778	0x28	core_text
func_0015D7A0	0x0015D7A0	0x28	core_text
func_0015D7C8	0x0015D7C8	0x28	core_text
func_0015D7F0	0x0015D7F0	0x28	core_text
func_0015D818	0x0015D818	0x1F4	core_text
func_0015DA10	0x0015DA10	0x18	core_text
func_0015DA28	0x0015DA28	0x9C	core_text
func_0015DAC8	0x0015DAC8	0x3C	core_text
func_0015DB08	0x0015DB08	0x3C	core_text
func_0015DB48	0x0015DB48	0x2C	core_text
func_0015DB78	0x0015DB78	0x10	core_text
func_0015DB88	0x0015DB88	0x1C	core_text
func_0015DBA8	0x0015DBA8	0xC	core_text
func_0015DBB8	0x0015DBB8	0x1C0	core_text
func_0015DD78	0x0015DD78	0x2C	core_text
func_0015DDA8	0x0015DDA8	0x40	core_text
func_0015DDE8	0x0015DDE8	0x4	core_text
func_0015DDF0	0x0015DDF0	0x1E8	core_text
func_0015DFD8	0x0015DFD8	0x5C	core_text
func_0015E038	0x0015E038	0x5C	core_text
func_0015E098	0x0015E098	0x5C	core_text
func_0015E0F8	0x0015E0F8	0x5C	core_text
func_0015E158	0x0015E158	0x5C	core_text
func_0015E1B8	0x0015E1B8	0x5C	core_text
func_0015E218	0x0015E218	0x5C	core_text
func_0015E278	0x0015E278	0x5C	core_text
func_0015E2D8	0x0015E2D8	0x5C	core_text
func_0015E338	0x0015E338	0x7C	core_text
func_0015E3B8	0x0015E3B8	0x5C	core_text
func_0015E418	0x0015E418	0x5C	core_text
func_0015E478	0x0015E478	0x5C	core_text
func_0015E4D8	0x0015E4D8	0x5C	core_text
func_0015E538	0x0015E538	0x5C	core_text
func_0015E598	0x0015E598	0x5C	core_text
func_0015E5F8	0x0015E5F8	0x5C	core_text
func_0015E658	0x0015E658	0x5C	core_text
func_0015E6B8	0x0015E6B8	0x5C	core_text
func_0015E718	0x0015E718	0x90	core_text
func_0015E7A8	0x0015E7A8	0xA0	core_text
func_0015E848	0x0015E848	0x6A4	core_text
func_0015EEF0	0x0015EEF0	0x8	core_text
func_0015EEF8	0x0015EEF8	0x8	core_text
func_0015EF00	0x0015EF00	0x44	core_text
func_0015EF48	0x0015EF48	0x40	core_text
func_0015EF88	0x0015EF88	0x8C	core_text
func_0015F018	0x0015F018	0x50	core_text
func_0015F068	0x0015F068	0x2C	core_text
func_0015F098	0x0015F098	0x38	core_text
func_0015F0D0	0x0015F0D0	0x3C	core_text
func_0015F110	0x0015F110	0xC0	core_text
func_0015F1D0	0x0015F1D0	0x58	core_text
func_0015F228	0x0015F228	0x70	core_text
func_0015F298	0x0015F298	0x60	core_text
func_0015F2F8	0x0015F2F8	0x70	core_text
func_0015F368	0x0015F368	0x4C	core_text
func_0015F3B8	0x0015F3B8	0x34	core_text
func_0015F3F0	0x0015F3F0	0x3C	core_text
func_0015F430	0x0015F430	0x6C	core_text
func_0015F4A0	0x0015F4A0	0x5C8	core_text
func_0015FA68	0x0015FA68	0x3A4	core_text
func_0015FE10	0x0015FE10	0x68	core_text
func_0015FE78	0x0015FE78	0x1F0	core_text
func_00160068	0x00160068	0x71C	core_text
func_00160788	0x00160788	0xE8	core_text
func_00160870	0x00160870	0x5C	core_text
func_001608D0	0x001608D0	0x19C	core_text
func_00160A70	0x00160A70	0x4C	core_text
func_00160AC0	0x00160AC0	0x34	core_text
func_00160AF8	0x00160AF8	0x4E0	core_text
func_00160FD8	0x00160FD8	0x140	core_text
func_00161118	0x00161118	0xC	core_text
func_00161128	0x00161128	0xC	core_text
func_00161138	0x00161138	0x1C	core_text
func_00161158	0x00161158	0xC	core_text
func_00161168	0x00161168	0xD0	core_text
func_00161238	0x00161238	0x38	core_text
func_00161270	0x00161270	0xC	core_text
func_00161280	0x00161280	0x74	core_text
func_001612F8	0x001612F8	0x14	core_text
func_00161310	0x00161310	0x10	core_text
func_00161320	0x00161320	0xC	core_text
func_00161330	0x00161330	0xC	core_text
func_00161340	0x00161340	0xC	core_text
func_00161350	0x00161350	0x2C	core_text
func_00161380	0x00161380	0xC8	core_text
func_00161448	0x00161448	0x5C	core_text
func_001614A8	0x001614A8	0x18	core_text
func_001614C0	0x001614C0	0x68	core_text
func_00161528	0x00161528	0x3C	core_text
func_00161568	0x00161568	0x54	core_text
func_001615C0	0x001615C0	0x64	core_text
func_00161628	0x00161628	0xC	core_text
func_00161638	0x00161638	0x54	core_text
func_00161690	0x00161690	0x78	core_text
func_00161708	0x00161708	0x70	core_text
func_00161778	0x00161778	0x34	core_text
func_001617B0	0x001617B0	0xDC	core_text
func_00161890	0x00161890	0xA0	core_text
func_00161930	0x00161930	0x40	core_text
func_00161970	0x00161970	0x4C	core_text
func_001619C0	0x001619C0	0xD4	core_text
func_00161A98	0x00161A98	0x50	core_text
func_00161AE8	0x00161AE8	0xB4	core_text
func_00161BA0	0x00161BA0	0xCC	core_text
func_00161C70	0x00161C70	0x80	core_text
func_00161CF0	0x00161CF0	0x170	core_text
func_00161E60	0x00161E60	0x548	core_text
func_001623A8	0x001623A8	0x198	core_text
func_00162540	0x00162540	0x158	core_text
func_00162698	0x00162698	0x84	core_text
func_00162720	0x00162720	0x1C	core_text
func_00162740	0x00162740	0x1C	core_text
func_00162760	0x00162760	0xDC	core_text
func_00162840	0x00162840	0x28	core_text
func_00162868	0x00162868	0xA0	core_text
func_00162908	0x00162908	0x5C	core_text
func_00162968	0x00162968	0xC	core_text
func_00162978	0x00162978	0x1C	core_text
func_00162998	0x00162998	0x8	core_text
func_001629A0	0x001629A0	0x2B0	core_text
func_00162C50	0x00162C50	0x44	core_text
func_00162C98	0x00162C98	0x4	core_text
func_00162CA0	0x00162CA0	0xC0	core_text
func_00162D60	0x00162D60	0x5C	core_text
func_00162DC0	0x00162DC0	0x2DC	core_text
func_001630A0	0x001630A0	0x34	core_text
func_001630D8	0x001630D8	0xFC	core_text
func_001631D8	0x001631D8	0x40	core_text
func_00163218	0x00163218	0x74	core_text
func_00163290	0x00163290	0x70	core_text
func_00163300	0x00163300	0x6C	core_text
func_00163370	0x00163370	0x4C	core_text
func_001633C0	0x001633C0	0xC	core_text
func_001633D0	0x001633D0	0x38	core_text
func_00163408	0x00163408	0x38	core_text
func_00163440	0x00163440	0x68	core_text
func_001634A8	0x001634A8	0x44	core_text
func_001634F0	0x001634F0	0x2E0	core_text
func_001637D0	0x001637D0	0x20	core_text
func_001637F0	0x001637F0	0x14	core_text
func_00163808	0x00163808	0x34	core_text
func_00163840	0x00163840	0xA8	core_text
func_001638E8	0x001638E8	0x3C	core_text
func_00163928	0x00163928	0x30	core_text
func_00163958	0x00163958	0x8	core_text
func_00163960	0x00163960	0x20	core_text
func_00163980	0x00163980	0x6C	core_text
func_001639F0	0x001639F0	0x8	core_text
func_001639F8	0x001639F8	0x1C	core_text
func_00163A18	0x00163A18	0x10	core_text
func_00163A28	0x00163A28	0x98	core_text
func_00163AC0	0x00163AC0	0x14	core_text
func_00163AD8	0x00163AD8	0x8	core_text
func_00163AE0	0x00163AE0	0x30	core_text
func_003F1000	0x003F1000	0x20	text
func_003F1020	0x003F1020	0x18	text
func_003F1038	0x003F1038	0x940	text
func_003F1978	0x003F1978	0x1F80	text
func_003F38F8	0x003F38F8	0x74	text
func_003F396C	0x003F396C	0x4	text
func_003F3A90	0x003F3A90	0x1D0	text
func_003F3C60	0x003F3C60	0x1D0	text
func_003F3E30	0x003F3E30	0x298	text
func_003F40C8	0x003F40C8	0x228	text
func_003F42F0	0x003F42F0	0x120	text
func_003F4410	0x003F4410	0x110	text
func_003F4520	0x003F4520	0x748	text
func_003F4C68	0x003F4C68	0x138	text
func_003F4DA0	0x003F4DA0	0x170	text
func_003F4F10	0x003F4F10	0x1A8	text
func_003F50B8	0x003F50B8	0x278	text
func_003F5330	0x003F5330	0x110	text
func_003F5440	0x003F5440	0x208	text
func_003F5648	0x003F5648	0xF0	text
func_003F5738	0x003F5738	0x190	text
func_003F58C8	0x003F58C8	0x220	text
func_003F5AE8	0x003F5AE8	0x530	text
func_003F6018	0x003F6018	0x154	text
func_003F616C	0x003F616C	0x4	text
func_003F8BB0	0x003F8BB0	0x148	text
func_003F8CF8	0x003F8CF8	0x1D0	text
func_003F8EC8	0x003F8EC8	0x1B8	text
func_003F9080	0x003F9080	0x8	text
func_003F9088	0x003F9088	0x98	text
func_003F9120	0x003F9120	0xE4	text
func_003F9204	0x003F9204	0x4	text
func_003F9EF0	0x003F9EF0	0x700	text
func_003FA5F0	0x003FA5F0	0xC10	text
func_003FB200	0x003FB200	0x2E0	text
func_003FB4E0	0x003FB4E0	0x50	text
func_003FB530	0x003FB530	0x338	text
func_003FB868	0x003FB868	0x1A0	text
func_003FBA08	0x003FBA08	0x3D0	text
func_003FBDD8	0x003FBDD8	0xAC	text
func_003FBE84	0x003FBE84	0x4	text
func_00403AC8	0x00403AC8	0x1048	text
func_00404B10	0x00404B10	0xD8	text
func_00404BE8	0x00404BE8	0xA8	text
func_00404C90	0x00404C90	0x10	text
func_00404CA0	0x00404CA0	0xD8	text
func_00404D78	0x00404D78	0xA0	text
func_00404E18	0x00404E18	0xA0	text
func_00404EB8	0x00404EB8	0xAC	text
func_00404F64	0x00404F64	0xB0	text
func_00405014	0x00405014	0xD8	text
func_004050EC	0x004050EC	0xC0	text
func_004051AC	0x004051AC	0x104	text
func_004052B0	0x004052B0	0x114	text
func_004053C4	0x004053C4	0x4	text
func_00405E78	0x00405E78	0x7C8	text
func_00406640	0x00406640	0x40	text
func_00406680	0x00406680	0x68	text
func_004066E8	0x004066E8	0xF0	text
func_004067D8	0x004067D8	0x60	text
func_00406838	0x00406838	0x10	text
func_00406848	0x00406848	0xF8	text
func_00406940	0x00406940	0x128	text
func_00406A68	0x00406A68	0x200	text
func_00406C68	0x00406C68	0xF8	text
func_00406D60	0x00406D60	0x218	text
func_00406F78	0x00406F78	0x140	text
func_004070B8	0x004070B8	0x54	text
func_0040710C	0x0040710C	0x4	text
func_00409BE4	0x00409BE4	0x3A4	text
func_00409F88	0x00409F88	0x40	text
func_00409FC8	0x00409FC8	0x68	text
func_0040A030	0x0040A030	0xA0	text
func_0040A0D0	0x0040A0D0	0x18	text
func_0040A0E8	0x0040A0E8	0x40	text
func_0040A128	0x0040A128	0x50	text
func_0040A178	0x0040A178	0x50	text
func_0040A1C8	0x0040A1C8	0x48	text
func_0040A210	0x0040A210	0x48	text
func_0040A258	0x0040A258	0x48	text
func_0040A2A0	0x0040A2A0	0x48	text
func_0040A2E8	0x0040A2E8	0x10C	text
func_0040A3F4	0x0040A3F4	0x4	text
func_0046A110	0x0046A110	0x28	text
func_0046A138	0x0046A138	0x30	text
func_0046A168	0x0046A168	0x10	text
func_0046A178	0x0046A178	0x10	text
func_0046A188	0x0046A188	0x10	text
func_0046A198	0x0046A198	0x28	text
func_0046A1C0	0x0046A1C0	0x40	text
func_0046A200	0x0046A200	0x28	text
func_0046A228	0x0046A228	0x20	text
func_0046A248	0x0046A248	0x20	text
func_0046A268	0x0046A268	0x18	text
func_0046A280	0x0046A280	0x10	text
func_0046A290	0x0046A290	0x70	text
func_0046A300	0x0046A300	0x20	text
func_0046A320	0x0046A320	0x30	text
func_0046A350	0x0046A350	0x8	text
func_0046A358	0x0046A358	0x8	text
func_0046A360	0x0046A360	0x1B0	text
func_0046A510	0x0046A510	0x4D8	text
func_0046A9E8	0x0046A9E8	0xD8	text
func_0046AAC0	0x0046AAC0	0x1C0	text
func_0046AC80	0x0046AC80	0x3C8	text
func_0046B048	0x0046B048	0x10	text
func_0046B058	0x0046B058	0x118	text
func_0046B170	0x0046B170	0x118	text
func_0046B288	0x0046B288	0xA0	text
func_0046B328	0x0046B328	0x8	text
func_0046B330	0x0046B330	0x88	text
func_0046B3B8	0x0046B3B8	0xF0	text
func_0046B4A8	0x0046B4A8	0x18	text
func_0046B4C0	0x0046B4C0	0x20	text
func_0046B4E0	0x0046B4E0	0xD8	text
func_0046B5B8	0x0046B5B8	0x118	text
func_0046B6D0	0x0046B6D0	0x8	text
func_0046B6D8	0x0046B6D8	0x1F0	text
func_0046B8C8	0x0046B8C8	0x30	text
func_0046B8F8	0x0046B8F8	0x38	text
func_0046B930	0x0046B930	0x130	text
func_0046BA60	0x0046BA60	0x370	text
func_0046BDD0	0x0046BDD0	0xF8	text
func_0046BEC8	0x0046BEC8	0x68	text
func_0046BF30	0x0046BF30	0x130	text
func_0046C060	0x0046C060	0x78	text
func_0046C0D8	0x0046C0D8	0x100	text
func_0046C1D8	0x0046C1D8	0x38	text
func_0046C210	0x0046C210	0x10	text
func_0046C220	0x0046C220	0x1F8	text
func_0046C418	0x0046C418	0x28	text
func_0046C440	0x0046C440	0x8	text
func_0046C448	0x0046C448	0x148	text
func_0046C590	0x0046C590	0x100	text
func_0046C690	0x0046C690	0x88	text
func_0046C718	0x0046C718	0xB8	text
func_0046C7D0	0x0046C7D0	0xB0	text
func_0046C880	0x0046C880	0xF8	text
func_0046C978	0x0046C978	0x90	text
func_0046CA08	0x0046CA08	0x8	text
func_0046CA10	0x0046CA10	0xD0	text
func_0046CAE0	0x0046CAE0	0x8	text
func_0046CAE8	0x0046CAE8	0xF0	text
func_0046CBD8	0x0046CBD8	0xD8	text
func_0046CCB0	0x0046CCB0	0x8	text
func_0046CCB8	0x0046CCB8	0x1E8	text
func_0046CEA0	0x0046CEA0	0x228	text
func_0046D0C8	0x0046D0C8	0x48	text
func_0046D110	0x0046D110	0x28	text
func_0046D138	0x0046D138	0x30	text
func_0046D168	0x0046D168	0x30	text
func_0046D198	0x0046D198	0x108	text
func_0046D2A0	0x0046D2A0	0xA0	text
func_0046D340	0x0046D340	0x60	text
func_0046D3A0	0x0046D3A0	0x68	text
func_0046D408	0x0046D408	0x20	text
func_0046D428	0x0046D428	0x60	text
func_0046D488	0x0046D488	0x10	text
func_0046D498	0x0046D498	0x28	text
func_0046D4C0	0x0046D4C0	0xB0	text
func_0046D570	0x0046D570	0x18	text
func_0046D588	0x0046D588	0x8	text
func_0046D590	0x0046D590	0x18	text
func_0046D5A8	0x0046D5A8	0x8	text
func_0046D5B0	0x0046D5B0	0x8	text
func_0046D5B8	0x0046D5B8	0x8	text
func_0046D5C0	0x0046D5C0	0x40	text
func_0046D600	0x0046D600	0x68	text
func_0046D668	0x0046D668	0x40	text
func_0046D6A8	0x0046D6A8	0x60	text
func_0046D708	0x0046D708	0xD0	text
func_0046D7D8	0x0046D7D8	0x48	text
func_0046D820	0x0046D820	0x40	text
func_0046D860	0x0046D860	0x240	text
func_0046DAA0	0x0046DAA0	0x58	text
func_0046DAF8	0x0046DAF8	0x58	text
func_0046DB50	0x0046DB50	0x28	text
func_0046DB78	0x0046DB78	0x8	text
func_0046DB80	0x0046DB80	0x48	text
func_0046DBC8	0x0046DBC8	0x60	text
func_0046DC28	0x0046DC28	0x58	text
func_0046DC80	0x0046DC80	0xA8	text
func_0046DD28	0x0046DD28	0xA0	text
func_0046DDC8	0x0046DDC8	0xD8	text
func_0046DEA0	0x0046DEA0	0x48	text
func_0046DEE8	0x0046DEE8	0x10	text
func_0046DEF8	0x0046DEF8	0x148	text
func_0046E040	0x0046E040	0x28	text
func_0046E068	0x0046E068	0x10	text
func_0046E078	0x0046E078	0x10	text
func_0046E088	0x0046E088	0x28	text
func_0046E0B0	0x0046E0B0	0x30	text
func_0046E0E0	0x0046E0E0	0x210	text
func_0046E2F0	0x0046E2F0	0x38	text
func_0046E328	0x0046E328	0x148	text
func_0046E470	0x0046E470	0x2B8	text
func_0046E728	0x0046E728	0xE8	text
func_0046E810	0x0046E810	0x90	text
func_0046E8A0	0x0046E8A0	0x8	text
func_0046E8A8	0x0046E8A8	0x128	text
func_0046E9D0	0x0046E9D0	0x18	text
func_0046E9E8	0x0046E9E8	0xE0	text
func_0046EAC8	0x0046EAC8	0x108	text
func_0046EBD0	0x0046EBD0	0x208	text
func_0046EDD8	0x0046EDD8	0x58	text
func_0046EE30	0x0046EE30	0x1B0	text
func_0046EFE0	0x0046EFE0	0x28	text
func_0046F008	0x0046F008	0x2C	text
func_0046F034	0x0046F034	0x34	text
func_0046F068	0x0046F068	0x68	text
func_0046F0D0	0x0046F0D0	0x30	text
func_0046F100	0x0046F100	0x120	text
func_0046F220	0x0046F220	0x88	text
func_0046F2A8	0x0046F2A8	0x8	text
func_0046F2B0	0x0046F2B0	0x198	text
func_0046F448	0x0046F448	0x58	text
func_0046F4A0	0x0046F4A0	0x8	text
func_0046F4A8	0x0046F4A8	0x48	text
func_0046F4F0	0x0046F4F0	0x40	text
func_0046F530	0x0046F530	0x180	text
func_0046F6B0	0x0046F6B0	0x48	text
func_0046F6F8	0x0046F6F8	0x40	text
func_0046F738	0x0046F738	0x70	text
func_0046F7A8	0x0046F7A8	0x120	text
func_0046F8C8	0x0046F8C8	0xD0	text
func_0046F998	0x0046F998	0x198	text
func_0046FB30	0x0046FB30	0x70	text
func_0046FBA0	0x0046FBA0	0x170	text
func_0046FD10	0x0046FD10	0x28	text
func_0046FD38	0x0046FD38	0x8	text
func_0046FD40	0x0046FD40	0x350	text
func_00470090	0x00470090	0x20	text
func_004700B0	0x004700B0	0x18	text
func_004700C8	0x004700C8	0x28	text
func_004700F0	0x004700F0	0x140	text
func_00470230	0x00470230	0x8	text
func_00470238	0x00470238	0x28	text
func_00470260	0x00470260	0xA8	text
func_00470308	0x00470308	0x8	text
func_00470310	0x00470310	0x18	text
func_00470328	0x00470328	0x10	text
func_00470338	0x00470338	0x50	text
func_00470388	0x00470388	0x10	text
func_00470398	0x00470398	0x78	text
func_00470410	0x00470410	0x1C8	text
func_004705D8	0x004705D8	0x118	text
func_004706F0	0x004706F0	0x180	text
func_00470870	0x00470870	0x8	text
func_00470878	0x00470878	0x2C0	text
func_00470B38	0x00470B38	0xB8	text
func_00470BF0	0x00470BF0	0x1048	text
func_00471C38	0x00471C38	0x7A8	text
func_004723E0	0x004723E0	0x130	text
func_00472510	0x00472510	0x8	text
func_00472518	0x00472518	0x48	text
func_00472560	0x00472560	0x30	text
func_00472590	0x00472590	0x48	text
func_004725D8	0x004725D8	0x58	text
func_00472630	0x00472630	0x60	text
func_00472690	0x00472690	0x48	text
func_004726D8	0x004726D8	0xC0	text
func_00472798	0x00472798	0x80	text
func_00472818	0x00472818	0x98	text
func_004728B0	0x004728B0	0x28	text
func_004728D8	0x004728D8	0x10	text
func_004728E8	0x004728E8	0x18	text
func_00472900	0x00472900	0x28	text
func_00472928	0x00472928	0x18	text
func_00472940	0x00472940	0x98	text
func_004729D8	0x004729D8	0xA50	text
func_00473428	0x00473428	0x138	text
func_00473560	0x00473560	0xF0	text
func_00473650	0x00473650	0x128	text
func_00473778	0x00473778	0x78	text
func_004737F0	0x004737F0	0x78	text
func_00473868	0x00473868	0x118	text
func_00473980	0x00473980	0x100	text
func_00473A80	0x00473A80	0x8	text
func_00473A88	0x00473A88	0x48	text
func_00473AD0	0x00473AD0	0x10	text
func_00473AE0	0x00473AE0	0x8	text
func_00473AE8	0x00473AE8	0x20	text
func_00473B08	0x00473B08	0x8	text
func_00473B10	0x00473B10	0x38	text
func_00473B48	0x00473B48	0x24	text
func_00473B6C	0x00473B6C	0x90	text
func_00473BFC	0x00473BFC	0xC	text
func_00473C08	0x00473C08	0x70	text
func_00473C78	0x00473C78	0x40	text
func_00473CB8	0x00473CB8	0xC0	text
func_00473D78	0x00473D78	0x68	text
func_00473DE0	0x00473DE0	0x140	text
func_00473F20	0x00473F20	0x8	text
func_00473F28	0x00473F28	0x48	text
func_00473F70	0x00473F70	0x78	text
func_00473FE8	0x00473FE8	0xA0	text
func_00474088	0x00474088	0x8	text
func_00474090	0x00474090	0x30	text
func_004740C0	0x004740C0	0x8	text
func_004740C8	0x004740C8	0xD0	text
func_00474198	0x00474198	0xF8	text
func_00474290	0x00474290	0x20	text
func_004742B0	0x004742B0	0x20	text
func_004742D0	0x004742D0	0x8	text
func_004742D8	0x004742D8	0x1A0	text
func_00474478	0x00474478	0x10	text
func_00474488	0x00474488	0x74	text
func_004744FC	0x004744FC	0x84	text
func_00474580	0x00474580	0x140	text
func_004746C0	0x004746C0	0x8	text
func_004746C8	0x004746C8	0x150	text
func_00474818	0x00474818	0x430	text
func_00474C48	0x00474C48	0x158	text
func_00474DA0	0x00474DA0	0x10	text
func_00474DB0	0x00474DB0	0x20	text
func_00474DD0	0x00474DD0	0x3C	text
func_00474E0C	0x00474E0C	0xC	text
func_00474E18	0x00474E18	0x8	text
func_00474E20	0x00474E20	0xA8	text
func_00474EC8	0x00474EC8	0x7B8	text
func_00475680	0x00475680	0x28	text
func_004756A8	0x004756A8	0x28	text
func_004756D0	0x004756D0	0x10	text
func_004756E0	0x004756E0	0x28	text
func_00475708	0x00475708	0x8	text
func_00475710	0x00475710	0x30	text
func_00475740	0x00475740	0x58	text
func_00475798	0x00475798	0x8	text
func_004757A0	0x004757A0	0x38	text
func_004757D8	0x004757D8	0x8	text
func_004757E0	0x004757E0	0x78	text
func_00475858	0x00475858	0x90	text
func_004758E8	0x004758E8	0xA0	text
func_00475988	0x00475988	0x148	text
func_00475AD0	0x00475AD0	0x198	text
func_00475C68	0x00475C68	0xB0	text
func_00475D18	0x00475D18	0x80	text
func_00475D98	0x00475D98	0x160	text
func_00475EF8	0x00475EF8	0x8	text
func_00475F00	0x00475F00	0x258	text
func_00476158	0x00476158	0x1C8	text
func_00476320	0x00476320	0x130	text
func_00476450	0x00476450	0x68	text
func_004764B8	0x004764B8	0x60	text
func_00476518	0x00476518	0x88	text
func_004765A0	0x004765A0	0x10	text
func_004765B0	0x004765B0	0x2C	text
func_004765DC	0x004765DC	0xC	text
func_004765E8	0x004765E8	0x8	text
func_004765F0	0x004765F0	0x2C	text
func_0047661C	0x0047661C	0xC	text
func_00476628	0x00476628	0x2C	text
func_00476654	0x00476654	0xC	text
func_00476660	0x00476660	0x10	text
func_00476670	0x00476670	0x20	text
func_00476690	0x00476690	0x60	text
func_004766F0	0x004766F0	0x8	text
func_004766F8	0x004766F8	0x8	text
func_00476700	0x00476700	0x10	text
func_00476710	0x00476710	0x528	text
func_00476C38	0x00476C38	0x48	text
func_00476C80	0x00476C80	0xE0	text
func_00476D60	0x00476D60	0x1F0	text
func_00476F50	0x00476F50	0x1C	text
func_00476F6C	0x00476F6C	0x14	text
func_00476F80	0x00476F80	0x8	text
func_00476F88	0x00476F88	0x198	text
func_00477120	0x00477120	0x90	text
func_004771B0	0x004771B0	0x498	text
func_00477648	0x00477648	0x8	text
func_00477650	0x00477650	0x28	text
func_00477678	0x00477678	0x8	text
func_00477680	0x00477680	0x40	text
func_004776C0	0x004776C0	0x8	text
func_004776C8	0x004776C8	0x10	text
func_004776D8	0x004776D8	0x98	text
func_00477770	0x00477770	0x3C	text
func_004777AC	0x004777AC	0x14	text
func_004777C0	0x004777C0	0x8	text
func_004777C8	0x004777C8	0x2C8	text
func_00477A90	0x00477A90	0x8	text
func_00477A98	0x00477A98	0x78	text
func_00477B10	0x00477B10	0x58	text
func_00477B68	0x00477B68	0x20	text
func_00477B88	0x00477B88	0x8	text
func_00477B90	0x00477B90	0x88	text
func_00477C18	0x00477C18	0x80	text
func_00477C98	0x00477C98	0x80	text
func_00477D18	0x00477D18	0xF8	text
func_00477E10	0x00477E10	0xC0	text
func_00477ED0	0x00477ED0	0x60	text
func_00477F30	0x00477F30	0x50	text
func_00477F80	0x00477F80	0x38	text
func_00477FB8	0x00477FB8	0x28	text
func_00477FE0	0x00477FE0	0x10	text
func_00477FF0	0x00477FF0	0x28	text
func_00478018	0x00478018	0x550	text
func_00478568	0x00478568	0x380	text
func_004788E8	0x004788E8	0x18	text
func_00478900	0x00478900	0x378	text
func_00478C78	0x00478C78	0x8	text
func_00478C80	0x00478C80	0xE4	text
func_00478D64	0x00478D64	0xBC	text
func_00478E20	0x00478E20	0x8	text
func_00478E28	0x00478E28	0x128	text
func_00478F50	0x00478F50	0x88	text
func_00478FD8	0x00478FD8	0x20	text
func_00478FF8	0x00478FF8	0xB8	text
func_004790B0	0x004790B0	0x10	text
func_004790C0	0x004790C0	0x28	text
func_004790E8	0x004790E8	0x198	text
func_00479280	0x00479280	0x270	text
func_004794F0	0x004794F0	0x80	text
func_00479570	0x00479570	0x10	text
func_00479580	0x00479580	0x30	text
func_004795B0	0x004795B0	0x10	text
func_004795C0	0x004795C0	0x20	text
func_004795E0	0x004795E0	0xE0	text
func_004796C0	0x004796C0	0x8	text
func_004796C8	0x004796C8	0xC8	text
func_00479790	0x00479790	0x48	text
func_004797D8	0x004797D8	0x40	text
func_00479818	0x00479818	0x8	text
func_00479820	0x00479820	0x140	text
func_00479960	0x00479960	0x1D8	text
func_00479B38	0x00479B38	0x1F0	text
func_00479D28	0x00479D28	0xD00	text
func_0047AA28	0x0047AA28	0x18	text
func_0047AA40	0x0047AA40	0xA8	text
func_0047AAE8	0x0047AAE8	0x38	text
func_0047AB20	0x0047AB20	0x10	text
func_0047AB30	0x0047AB30	0xA0	text
func_0047ABD0	0x0047ABD0	0x50	text
func_0047AC20	0x0047AC20	0x8	text
func_0047AC28	0x0047AC28	0x98	text
func_0047ACC0	0x0047ACC0	0x120	text
func_0047ADE0	0x0047ADE0	0x10	text
func_0047ADF0	0x0047ADF0	0xB8	text
func_0047AEA8	0x0047AEA8	0x8	text
func_0047AEB0	0x0047AEB0	0xB8	text
func_0047AF68	0x0047AF68	0x30	text
func_0047AF98	0x0047AF98	0x158	text
func_0047B0F0	0x0047B0F0	0x20	text
func_0047B110	0x0047B110	0x1C0	text
func_0047B2D0	0x0047B2D0	0x50	text
func_0047B320	0x0047B320	0x388	text
func_0047B6A8	0x0047B6A8	0x140	text
func_0047B7E8	0x0047B7E8	0x10	text
func_0047B7F8	0x0047B7F8	0x180	text
func_0047B978	0x0047B978	0x40	text
func_0047B9B8	0x0047B9B8	0x70	text
func_0047BA28	0x0047BA28	0x18	text
func_0047BA40	0x0047BA40	0x198	text
func_0047BBD8	0x0047BBD8	0x2C	text
func_0047BC04	0x0047BC04	0xC	text
func_0047BC10	0x0047BC10	0x28	text
func_0047BC38	0x0047BC38	0x30	text
func_0047BC68	0x0047BC68	0x18	text
func_0047BC80	0x0047BC80	0x98	text
func_0047BD18	0x0047BD18	0xA8	text
func_0047BDC0	0x0047BDC0	0x188	text
func_0047BF48	0x0047BF48	0xD0	text
func_0047C018	0x0047C018	0x1C	text
func_0047C034	0x0047C034	0x14	text
func_0047C048	0x0047C048	0x8	text
func_0047C050	0x0047C050	0x8	text
func_0047C058	0x0047C058	0x98	text
func_0047C0F0	0x0047C0F0	0x2E0	text
func_0047C3D0	0x0047C3D0	0xA50	text
func_0047CE20	0x0047CE20	0x40	text
func_0047CE60	0x0047CE60	0x18	text
func_0047CE78	0x0047CE78	0x1C0	text
func_0047D038	0x0047D038	0x208	text
func_0047D240	0x0047D240	0x10	text
func_0047D250	0x0047D250	0x14	text
func_0047D264	0x0047D264	0x14	text
func_0047D278	0x0047D278	0x30	text
func_0047D2A8	0x0047D2A8	0xC0	text
func_0047D368	0x0047D368	0x40	text
func_0047D3A8	0x0047D3A8	0x50	text
func_0047D3F8	0x0047D3F8	0x14	text
func_0047D40C	0x0047D40C	0x14	text
func_0047D420	0x0047D420	0x14	text
func_0047D434	0x0047D434	0x14	text
func_0047D448	0x0047D448	0x40	text
func_0047D488	0x0047D488	0x14	text
func_0047D49C	0x0047D49C	0x14	text
func_0047D4B0	0x0047D4B0	0x18	text
func_0047D4C8	0x0047D4C8	0x10	text
func_0047D4D8	0x0047D4D8	0x10	text
func_0047D4E8	0x0047D4E8	0x38	text
func_0047D520	0x0047D520	0x188	text
func_0047D6A8	0x0047D6A8	0x30	text
func_0047D6D8	0x0047D6D8	0x178	text
func_0047D850	0x0047D850	0x688	text
func_0047DED8	0x0047DED8	0x5F0	text
func_0047E4C8	0x0047E4C8	0x678	text
func_0047EB40	0x0047EB40	0x10	text
func_0047EB50	0x0047EB50	0x8	text
func_0047EB58	0x0047EB58	0x8	text
func_0047EB60	0x0047EB60	0x38	text
func_0047EB98	0x0047EB98	0x18	text
func_0047EBB0	0x0047EBB0	0x58	text
func_0047EC08	0x0047EC08	0x70	text
func_0047EC78	0x0047EC78	0x50	text
func_0047ECC8	0x0047ECC8	0x48	text
func_0047ED10	0x0047ED10	0x100	text
func_0047EE10	0x0047EE10	0x98	text
func_0047EEA8	0x0047EEA8	0x90	text
func_0047EF38	0x0047EF38	0x70	text
func_0047EFA8	0x0047EFA8	0x588	text
func_0047F530	0x0047F530	0x8	text
func_0047F538	0x0047F538	0x8	text
func_0047F540	0x0047F540	0x8	text
func_0047F548	0x0047F548	0x8	text
func_0047F550	0x0047F550	0x18	text
func_0047F568	0x0047F568	0x200	text
func_0047F768	0x0047F768	0x108	text
func_0047F870	0x0047F870	0x14	text
func_0047F884	0x0047F884	0x1C	text
func_0047F8A0	0x0047F8A0	0x1618	text
func_00480EB8	0x00480EB8	0x10	text
func_00480EC8	0x00480EC8	0x78	text
func_00480F40	0x00480F40	0x50	text
func_00480F90	0x00480F90	0x28	text
func_00480FB8	0x00480FB8	0x148	text
func_00481100	0x00481100	0x140	text
func_00481240	0x00481240	0x58	text
func_00481298	0x00481298	0x15F0	text
func_00482888	0x00482888	0x28	text
func_004828B0	0x004828B0	0xA80	text
func_00483330	0x00483330	0x10	text
func_00483340	0x00483340	0x28	text
func_00483368	0x00483368	0x28	text
func_00483390	0x00483390	0x8	text
func_00483398	0x00483398	0x80	text
func_00483418	0x00483418	0x230	text
func_00483648	0x00483648	0x8	text
func_00483650	0x00483650	0x4B8	text
func_00483B08	0x00483B08	0x590	text
func_00484098	0x00484098	0x288	text
func_00484320	0x00484320	0x1C0	text
func_004844E0	0x004844E0	0xB8	text
func_00484598	0x00484598	0x20	text
func_004845B8	0x004845B8	0xB8	text
func_00484670	0x00484670	0xA0	text
func_00484710	0x00484710	0x858	text
func_00484F68	0x00484F68	0x230	text
func_00485198	0x00485198	0x8	text
func_004851A0	0x004851A0	0xFE8	text
func_00486188	0x00486188	0x60	text
func_004861E8	0x004861E8	0x208	text
func_004863F0	0x004863F0	0x5E8	text
func_004869D8	0x004869D8	0x8	text
func_004869E0	0x004869E0	0x378	text
func_00486D58	0x00486D58	0x110	text
func_00486E68	0x00486E68	0x580	text
func_004873E8	0x004873E8	0x718	text
func_00487B00	0x00487B00	0x408	text
func_00487F08	0x00487F08	0x40	text
func_00487F48	0x00487F48	0x58	text
func_00487FA0	0x00487FA0	0x810	text
func_004887B0	0x004887B0	0x28	text
func_004887D8	0x004887D8	0x50	text
func_00488828	0x00488828	0x28	text
func_00488850	0x00488850	0x20	text
func_00488870	0x00488870	0x70	text
func_004888E0	0x004888E0	0xA0	text
func_00488980	0x00488980	0x60	text
func_004889E0	0x004889E0	0x78	text
func_00488A58	0x00488A58	0x40	text
func_00488A98	0x00488A98	0x130	text
func_00488BC8	0x00488BC8	0xD0	text
func_00488C98	0x00488C98	0x24	text
func_00488CBC	0x00488CBC	0x44	text
func_00488D00	0x00488D00	0x20	text
func_00488D20	0x00488D20	0x20	text
func_00488D40	0x00488D40	0x24	text
func_00488D64	0x00488D64	0x24	text
func_00488D88	0x00488D88	0x3C	text
func_00488DC4	0x00488DC4	0x24	text
func_00488DE8	0x00488DE8	0x30	text
func_00488E18	0x00488E18	0x68	text
func_00488E80	0x00488E80	0x38	text
func_00488EB8	0x00488EB8	0x70	text
func_00488F28	0x00488F28	0x8	text
func_00488F30	0x00488F30	0x100	text
func_00489030	0x00489030	0x100	text
func_00489130	0x00489130	0x148	text
func_00489278	0x00489278	0xF0	text
func_00489368	0x00489368	0xF0	text
func_00489458	0x00489458	0x20	text
func_00489478	0x00489478	0x20	text
func_00489498	0x00489498	0x40	text
func_004894D8	0x004894D8	0x268	text
func_00489740	0x00489740	0x4E0	text
func_00489C20	0x00489C20	0x8	text
func_00489C28	0x00489C28	0x60	text
func_00489C88	0x00489C88	0x38	text
func_00489CC0	0x00489CC0	0x70	text
func_00489D30	0x00489D30	0x40	text
func_00489D70	0x00489D70	0x10	text
func_00489D80	0x00489D80	0x48	text
func_00489DC8	0x00489DC8	0x10	text
func_00489DD8	0x00489DD8	0x3C	text
func_00489E14	0x00489E14	0x8	text
func_00489E1C	0x00489E1C	0xC	text
func_00489E28	0x00489E28	0x40	text
func_00489E68	0x00489E68	0x18	text
func_00489E80	0x00489E80	0x70	text
func_00489EF0	0x00489EF0	0x40	text
func_00489F30	0x00489F30	0x68	text
func_00489F98	0x00489F98	0x8	text
func_00489FA0	0x00489FA0	0xC0	text
func_0048A060	0x0048A060	0x60	text
func_0048A0C0	0x0048A0C0	0x60	text
func_0048A120	0x0048A120	0x50	text
func_0048A170	0x0048A170	0xC0	text
func_0048A230	0x0048A230	0x50	text
func_0048A280	0x0048A280	0x10	text
func_0048A290	0x0048A290	0x68	text
func_0048A2F8	0x0048A2F8	0x70	text
func_0048A368	0x0048A368	0x58	text
func_0048A3C0	0x0048A3C0	0x70	text
func_0048A430	0x0048A430	0x58	text
func_0048A488	0x0048A488	0x10	text
func_0048A498	0x0048A498	0x300	text
func_0048A798	0x0048A798	0x30	text
func_0048A7C8	0x0048A7C8	0xE8	text
func_0048A8B0	0x0048A8B0	0xA0	text
func_0048A950	0x0048A950	0x20	text
func_0048A970	0x0048A970	0x38	text
func_0048A9A8	0x0048A9A8	0x50	text
func_0048A9F8	0x0048A9F8	0x38	text
func_0048AA30	0x0048AA30	0x218	text
func_0048AC48	0x0048AC48	0x20	text
func_0048AC68	0x0048AC68	0x58	text
func_0048ACC0	0x0048ACC0	0x78	text
func_0048AD38	0x0048AD38	0x48	text
func_0048AD80	0x0048AD80	0x138	text
func_0048AEB8	0x0048AEB8	0x78	text
func_0048AF30	0x0048AF30	0x68	text
func_0048AF98	0x0048AF98	0x60	text
func_0048AFF8	0x0048AFF8	0xA8	text
func_0048B0A0	0x0048B0A0	0x120	text
func_0048B1C0	0x0048B1C0	0x8	text
func_0048B1C8	0x0048B1C8	0x5C	text
func_0048B224	0x0048B224	0x244	text
func_0048B468	0x0048B468	0x8	text
func_0048B470	0x0048B470	0xF0	text
func_0048B560	0x0048B560	0x20	text
func_0048B580	0x0048B580	0x108	text
func_0048B688	0x0048B688	0x178	text
func_0048B800	0x0048B800	0x18	text
func_0048B818	0x0048B818	0x28	text
func_0048B840	0x0048B840	0x128	text
func_0048B968	0x0048B968	0xE8	text
func_0048BA50	0x0048BA50	0xE8	text
func_0048BB38	0x0048BB38	0xE8	text
func_0048BC20	0x0048BC20	0xE8	text
func_0048BD08	0x0048BD08	0xE8	text
func_0048BDF0	0x0048BDF0	0xD0	text
func_0048BEC0	0x0048BEC0	0xD0	text
func_0048BF90	0x0048BF90	0xE8	text
func_0048C078	0x0048C078	0xE8	text
func_0048C160	0x0048C160	0xE8	text
func_0048C248	0x0048C248	0xE8	text
func_0048C330	0x0048C330	0x110	text
func_0048C440	0x0048C440	0x180	text
func_0048C5C0	0x0048C5C0	0xA68	text
func_0048D028	0x0048D028	0x10	text
func_0048D038	0x0048D038	0x20	text
func_0048D058	0x0048D058	0x8	text
func_0048D060	0x0048D060	0x1C0	text
func_0048D220	0x0048D220	0x8	text
func_0048D228	0x0048D228	0x108	text
func_0048D330	0x0048D330	0x428	text
func_0048D758	0x0048D758	0x320	text
func_0048DA78	0x0048DA78	0x250	text
func_0048DCC8	0x0048DCC8	0x1E8	text
func_0048DEB0	0x0048DEB0	0x10	text
func_0048DEC0	0x0048DEC0	0x4F0	text
func_0048E3B0	0x0048E3B0	0x2A0	text
func_0048E650	0x0048E650	0x20	text
func_0048E670	0x0048E670	0x398	text
func_0048EA08	0x0048EA08	0x28	text
func_0048EA30	0x0048EA30	0x10	text
func_0048EA40	0x0048EA40	0x28	text
func_0048EA68	0x0048EA68	0x10	text
func_0048EA78	0x0048EA78	0x38	text
func_0048EAB0	0x0048EAB0	0x10	text
func_0048EAC0	0x0048EAC0	0x28	text
func_0048EAE8	0x0048EAE8	0x20	text
func_0048EB08	0x0048EB08	0x8	text
func_0048EB10	0x0048EB10	0x28	text
func_0048EB38	0x0048EB38	0x10	text
func_0048EB48	0x0048EB48	0x28	text
func_0048EB70	0x0048EB70	0x20	text
func_0048EB90	0x0048EB90	0x8	text
func_0048EB98	0x0048EB98	0x28	text
func_0048EBC0	0x0048EBC0	0x48	text
func_0048EC08	0x0048EC08	0x50	text
func_0048EC58	0x0048EC58	0x8	text
func_0048EC60	0x0048EC60	0x10	text
func_0048EC70	0x0048EC70	0x390	text
func_0048F000	0x0048F000	0x8	text
func_0048F008	0x0048F008	0x428	text
func_0048F430	0x0048F430	0x10	text
func_0048F440	0x0048F440	0x2C	text
func_0048F46C	0x0048F46C	0xC	text
func_0048F478	0x0048F478	0x48	text
func_0048F4C0	0x0048F4C0	0x320	text
func_0048F7E0	0x0048F7E0	0x20	text
func_0048F800	0x0048F800	0x8	text
func_0048F808	0x0048F808	0x38	text
func_0048F840	0x0048F840	0x28	text
func_0048F868	0x0048F868	0x10	text
func_0048F878	0x0048F878	0x7C	text
func_0048F8F4	0x0048F8F4	0x14	text
func_0048F908	0x0048F908	0x8	text
func_0048F910	0x0048F910	0x50	text
func_0048F960	0x0048F960	0x120	text
func_0048FA80	0x0048FA80	0xF0	text
func_0048FB70	0x0048FB70	0x888	text
func_004903F8	0x004903F8	0x8	text
func_00490400	0x00490400	0x478	text
func_00490878	0x00490878	0x58	text
func_004908D0	0x004908D0	0x24	text
func_004908F4	0x004908F4	0x50	text
func_00490944	0x00490944	0x8	text
func_0049094C	0x0049094C	0x8	text
func_00490954	0x00490954	0xC	text
func_00490960	0x00490960	0x8	text
func_00490968	0x00490968	0x154	text
func_00490ABC	0x00490ABC	0xC	text
func_00490AC8	0x00490AC8	0x100	text
func_00490BC8	0x00490BC8	0x88	text
func_00490C50	0x00490C50	0xC28	text
func_00491878	0x00491878	0xA0	text
func_00491918	0x00491918	0x8	text
func_00491920	0x00491920	0x1A0	text
func_00491AC0	0x00491AC0	0xC0	text
func_00491B80	0x00491B80	0x8	text
func_00491B88	0x00491B88	0x100	text
func_00491C88	0x00491C88	0x38	text
func_00491CC0	0x00491CC0	0x2E8	text
func_00491FA8	0x00491FA8	0x20	text
func_00491FC8	0x00491FC8	0x168	text
func_00492130	0x00492130	0x20	text
func_00492150	0x00492150	0xF0	text
func_00492240	0x00492240	0x8	text
func_00492248	0x00492248	0x120	text
func_00492368	0x00492368	0x1C8	text
func_00492530	0x00492530	0x8	text
func_00492538	0x00492538	0x190	text
func_004926C8	0x004926C8	0x10	text
func_004926D8	0x004926D8	0x300	text
func_004929D8	0x004929D8	0x198	text
func_00492B70	0x00492B70	0x20	text
func_00492B90	0x00492B90	0x1E8	text
func_00492D78	0x00492D78	0x8	text
func_00492D80	0x00492D80	0x108	text
func_00492E88	0x00492E88	0x40	text
func_00492EC8	0x00492EC8	0x170	text
func_00493038	0x00493038	0x8	text
func_00493040	0x00493040	0x178	text
func_004931B8	0x004931B8	0x110	text
func_004932C8	0x004932C8	0x28	text
func_004932F0	0x004932F0	0x1B8	text
func_004934A8	0x004934A8	0x50	text
func_004934F8	0x004934F8	0x120	text
func_00493618	0x00493618	0x50	text
func_00493668	0x00493668	0x1B8	text
func_00493820	0x00493820	0x68	text
func_00493888	0x00493888	0x1F0	text
func_00493A78	0x00493A78	0x158	text
func_00493BD0	0x00493BD0	0x4A8	text
func_00494078	0x00494078	0x190	text
func_00494208	0x00494208	0x8	text
func_00494210	0x00494210	0x230	text
func_00494440	0x00494440	0x28	text
func_00494468	0x00494468	0x158	text
func_004945C0	0x004945C0	0xE8	text
func_004946A8	0x004946A8	0x178	text
func_00494820	0x00494820	0x10	text
func_00494830	0x00494830	0x150	text
func_00494980	0x00494980	0x10	text
func_00494990	0x00494990	0x178	text
func_00494B08	0x00494B08	0x38	text
func_00494B40	0x00494B40	0x128	text
func_00494C68	0x00494C68	0x40	text
func_00494CA8	0x00494CA8	0x160	text
func_00494E08	0x00494E08	0x28	text
func_00494E30	0x00494E30	0x198	text
func_00494FC8	0x00494FC8	0x180	text
func_00495148	0x00495148	0x1B0	text
func_004952F8	0x004952F8	0x198	text
func_00495490	0x00495490	0x30	text
func_004954C0	0x004954C0	0x20	text
func_004954E0	0x004954E0	0x38	text
func_00495518	0x00495518	0x260	text
func_00495778	0x00495778	0xC8	text
func_00495840	0x00495840	0x350	text
func_00495B90	0x00495B90	0x428	text
func_00495FB8	0x00495FB8	0x320	text
func_004962D8	0x004962D8	0x30	text
func_00496308	0x00496308	0x8	text
func_00496310	0x00496310	0xB8	text
func_004963C8	0x004963C8	0xB8	text
func_00496480	0x00496480	0x40	text
func_004964C0	0x004964C0	0x8	text
func_004964C8	0x004964C8	0x28	text
func_004964F0	0x004964F0	0x10	text
func_00496500	0x00496500	0x58	text
func_00496558	0x00496558	0x88	text
func_004965E0	0x004965E0	0x8	text
func_004965E8	0x004965E8	0x30	text
func_00496618	0x00496618	0x8	text
func_00496620	0x00496620	0x2C0	text
func_004968E0	0x004968E0	0x8	text
func_004968E8	0x004968E8	0x38	text
func_00496920	0x00496920	0x8	text
func_00496928	0x00496928	0xE0	text
func_00496A08	0x00496A08	0x38	text
func_00496A40	0x00496A40	0x38	text
func_00496A78	0x00496A78	0xA0	text
func_00496B18	0x00496B18	0x10	text
func_00496B28	0x00496B28	0x20	text
func_00496B48	0x00496B48	0x14	text
func_00496B5C	0x00496B5C	0xC	text
func_00496B68	0x00496B68	0x20	text
func_00496B88	0x00496B88	0x20	text
func_00496BA8	0x00496BA8	0x8	text
func_00496BB0	0x00496BB0	0x20	text
func_00496BD0	0x00496BD0	0x20	text
func_00496BF0	0x00496BF0	0x20	text
func_00496C10	0x00496C10	0x20	text
func_00496C30	0x00496C30	0x20	text
func_00496C50	0x00496C50	0x40	text
func_00496C90	0x00496C90	0x20	text
func_00496CB0	0x00496CB0	0x38	text
func_00496CE8	0x00496CE8	0x8	text
func_00496CF0	0x00496CF0	0x20	text
func_00496D10	0x00496D10	0x10	text
func_00496D20	0x00496D20	0x20	text
func_00496D40	0x00496D40	0x20	text
func_00496D60	0x00496D60	0x20	text
func_00496D80	0x00496D80	0x20	text
func_00496DA0	0x00496DA0	0x10	text
func_00496DB0	0x00496DB0	0x20	text
func_00496DD0	0x00496DD0	0x8	text
func_00496DD8	0x00496DD8	0x20	text
func_00496DF8	0x00496DF8	0x20	text
func_00496E18	0x00496E18	0x20	text
func_00496E38	0x00496E38	0x20	text
func_00496E58	0x00496E58	0x20	text
func_00496E78	0x00496E78	0x20	text
func_00496E98	0x00496E98	0x10	text
func_00496EA8	0x00496EA8	0x20	text
func_00496EC8	0x00496EC8	0x20	text
func_00496EE8	0x00496EE8	0x28	text
func_00496F10	0x00496F10	0x20	text
func_00496F30	0x00496F30	0x20	text
func_00496F50	0x00496F50	0x20	text
func_00496F70	0x00496F70	0x8	text
func_00496F78	0x00496F78	0x20	text
func_00496F98	0x00496F98	0x8	text
func_00496FA0	0x00496FA0	0x20	text
func_00496FC0	0x00496FC0	0x20	text
func_00496FE0	0x00496FE0	0x20	text
func_00497000	0x00497000	0x20	text
func_00497020	0x00497020	0x28	text
func_00497048	0x00497048	0x58	text
func_004970A0	0x004970A0	0x58	text
func_004970F8	0x004970F8	0x2E8	text
func_004973E0	0x004973E0	0x40	text
func_00497420	0x00497420	0x18	text
func_00497438	0x00497438	0x20	text
func_00497458	0x00497458	0x128	text
func_00497580	0x00497580	0xA8	text
func_00497628	0x00497628	0xA0	text
func_004976C8	0x004976C8	0xA0	text
func_00497768	0x00497768	0xA8	text
func_00497810	0x00497810	0x1C	text
func_0049782C	0x0049782C	0x1C	text
func_00497848	0x00497848	0x14	text
func_0049785C	0x0049785C	0x1C	text
func_00497878	0x00497878	0x8	text
func_00497880	0x00497880	0x38	text
func_004978B8	0x004978B8	0x8	text
func_004978C0	0x004978C0	0x18	text
func_004978D8	0x004978D8	0x8	text
func_004978E0	0x004978E0	0x28	text
func_00497908	0x00497908	0x30	text
func_00497938	0x00497938	0x20	text
func_00497958	0x00497958	0x20	text
func_00497978	0x00497978	0x8	text
func_00497980	0x00497980	0x28	text
func_004979A8	0x004979A8	0x138	text
func_00497AE0	0x00497AE0	0x1D0	text
func_00497CB0	0x00497CB0	0xA8	text
func_00497D58	0x00497D58	0xB8	text
func_00497E10	0x00497E10	0xA8	text
func_00497EB8	0x00497EB8	0x130	text
func_00497FE8	0x00497FE8	0x60	text
func_00498048	0x00498048	0x50	text
func_00498098	0x00498098	0x68	text
func_00498100	0x00498100	0x20	text
func_00498120	0x00498120	0x30	text
func_00498150	0x00498150	0x8	text
func_00498158	0x00498158	0xA0	text
func_004981F8	0x004981F8	0x78	text
func_00498270	0x00498270	0xF8	text
func_00498368	0x00498368	0x78	text
func_004983E0	0x004983E0	0x8	text
func_004983E8	0x004983E8	0xD0	text
func_004984B8	0x004984B8	0x88	text
func_00498540	0x00498540	0x30	text
func_00498570	0x00498570	0x8	text
func_00498578	0x00498578	0x8	text
func_00498580	0x00498580	0xF0	text
func_00498670	0x00498670	0x70	text
func_004986E0	0x004986E0	0x28	text
func_00498708	0x00498708	0x28	text
func_00498730	0x00498730	0x160	text
func_00498890	0x00498890	0x88	text
func_00498918	0x00498918	0x1C	text
func_00498934	0x00498934	0x1C	text
func_00498950	0x00498950	0x70	text
func_004989C0	0x004989C0	0x30	text
func_004989F0	0x004989F0	0xA8	text
func_00498A98	0x00498A98	0x120	text
func_00498BB8	0x00498BB8	0x3C	text
func_00498BF4	0x00498BF4	0xC	text
func_00498C00	0x00498C00	0xC	text
func_00498C0C	0x00498C0C	0xC	text
func_00498C18	0x00498C18	0xC	text
func_00498C24	0x00498C24	0xC	text
func_00498C30	0x00498C30	0x30	text
func_00498C60	0x00498C60	0xC	text
func_00498C6C	0x00498C6C	0xC	text
func_00498C78	0x00498C78	0xC	text
func_00498C84	0x00498C84	0xC	text
func_00498C90	0x00498C90	0x8	text
func_00498C98	0x00498C98	0x60	text
func_00498CF8	0x00498CF8	0x10	text
func_00498D08	0x00498D08	0x8	text
func_00498D10	0x00498D10	0x8	text
func_00498D18	0x00498D18	0x58	text
func_00498D70	0x00498D70	0x10	text
func_00498D80	0x00498D80	0x10	text
func_00498D90	0x00498D90	0x18	text
func_00498DA8	0x00498DA8	0x8	text
func_00498DB0	0x00498DB0	0x18	text
func_00498DC8	0x00498DC8	0x10	text
func_00498DD8	0x00498DD8	0x10	text
func_00498DE8	0x00498DE8	0x1E0	text
func_00498FC8	0x00498FC8	0x28	text
func_00498FF0	0x00498FF0	0x18C	text
func_0049917C	0x0049917C	0xF4	text
func_00499270	0x00499270	0x28	text
func_00499298	0x00499298	0x88	text
func_00499320	0x00499320	0xB0	text
func_004993D0	0x004993D0	0x8	text
func_004993D8	0x004993D8	0x108	text
func_004994E0	0x004994E0	0x58	text
func_00499538	0x00499538	0xB8	text
func_004995F0	0x004995F0	0xE8	text
func_004996D8	0x004996D8	0xB8	text
func_00499790	0x00499790	0x168	text
func_004998F8	0x004998F8	0x388	text
func_00499C80	0x00499C80	0x20	text
func_00499CA0	0x00499CA0	0x40	text
func_00499CE0	0x00499CE0	0x50	text
func_00499D30	0x00499D30	0x60	text
func_00499D90	0x00499D90	0x68	text
func_00499DF8	0x00499DF8	0x140	text
func_00499F38	0x00499F38	0x130	text
func_0049A068	0x0049A068	0x140	text
func_0049A1A8	0x0049A1A8	0x70	text
func_0049A218	0x0049A218	0x88	text
func_0049A2A0	0x0049A2A0	0x60	text
func_0049A300	0x0049A300	0x20	text
func_0049A320	0x0049A320	0x48	text
func_0049A368	0x0049A368	0x40	text
func_0049A3A8	0x0049A3A8	0x38	text
func_0049A3E0	0x0049A3E0	0x58	text
func_0049A438	0x0049A438	0x1D8	text
func_0049A610	0x0049A610	0x58	text
func_0049A668	0x0049A668	0x8	text
func_0049A670	0x0049A670	0x24	text
func_0049A694	0x0049A694	0x14	text
func_0049A6A8	0x0049A6A8	0x8	text
func_0049A6B0	0x0049A6B0	0x30	text
func_0049A6E0	0x0049A6E0	0x80	text
func_0049A760	0x0049A760	0xB0	text
func_0049A810	0x0049A810	0xC0	text
func_0049A8D0	0x0049A8D0	0x8	text
func_0049A8D8	0x0049A8D8	0x40	text
func_0049A918	0x0049A918	0x20	text
func_0049A938	0x0049A938	0x150	text
func_0049AA88	0x0049AA88	0xC0	text
func_0049AB48	0x0049AB48	0x70	text
func_0049ABB8	0x0049ABB8	0x30	text
func_0049ABE8	0x0049ABE8	0x90	text
func_0049AC78	0x0049AC78	0xD0	text
func_0049AD48	0x0049AD48	0x220	text
func_0049AF68	0x0049AF68	0x58	text
func_0049AFC0	0x0049AFC0	0x58	text
func_0049B018	0x0049B018	0x60	text
func_0049B078	0x0049B078	0x60	text
func_0049B0D8	0x0049B0D8	0x48	text
func_0049B120	0x0049B120	0x20	text
func_0049B140	0x0049B140	0x8	text
func_0049B148	0x0049B148	0x58	text
func_0049B1A0	0x0049B1A0	0x68	text
func_0049B208	0x0049B208	0xB0	text
func_0049B2B8	0x0049B2B8	0x40	text
func_0049B2F8	0x0049B2F8	0x80	text
func_0049B378	0x0049B378	0x60	text
func_0049B3D8	0x0049B3D8	0x150	text
func_0049B528	0x0049B528	0x40	text
func_0049B568	0x0049B568	0x70	text
func_0049B5D8	0x0049B5D8	0x8	text
func_0049B5E0	0x0049B5E0	0x68	text
func_0049B648	0x0049B648	0x8	text
func_0049B650	0x0049B650	0x38	text
func_0049B688	0x0049B688	0xC0	text
func_0049B748	0x0049B748	0xB8	text
func_0049B800	0x0049B800	0xA0	text
func_0049B8A0	0x0049B8A0	0x8	text
func_0049B8A8	0x0049B8A8	0x38	text
func_0049B8E0	0x0049B8E0	0x20	text
func_0049B900	0x0049B900	0x20	text
func_0049B920	0x0049B920	0x40	text
func_0049B960	0x0049B960	0x150	text
func_0049BAB0	0x0049BAB0	0x510	text
func_0049BFC0	0x0049BFC0	0x198	text
func_0049C158	0x0049C158	0xA8	text
func_0049C200	0x0049C200	0x48	text
func_0049C248	0x0049C248	0x48	text
func_0049C290	0x0049C290	0x98	text
func_0049C328	0x0049C328	0x68	text
func_0049C390	0x0049C390	0x60	text
func_0049C3F0	0x0049C3F0	0x10	text
func_0049C400	0x0049C400	0xB0	text
func_0049C4B0	0x0049C4B0	0x170	text
func_0049C620	0x0049C620	0x1E8	text
func_0049C808	0x0049C808	0x180	text
func_0049C988	0x0049C988	0x660	text
func_0049CFE8	0x0049CFE8	0x188	text
func_0049D170	0x0049D170	0x78	text
func_0049D1E8	0x0049D1E8	0x50	text
func_0049D238	0x0049D238	0x48	text
func_0049D280	0x0049D280	0x88	text
func_0049D308	0x0049D308	0x90	text
func_0049D398	0x0049D398	0x98	text
func_0049D430	0x0049D430	0x5A8	text
func_0049D9D8	0x0049D9D8	0x140	text
func_0049DB18	0x0049DB18	0x320	text
func_0049DE38	0x0049DE38	0xF8	text
func_0049DF30	0x0049DF30	0x78	text
func_0049DFA8	0x0049DFA8	0x50	text
func_0049DFF8	0x0049DFF8	0x48	text
func_0049E040	0x0049E040	0x8	text
func_0049E048	0x0049E048	0xF8	text
func_0049E140	0x0049E140	0x178	text
func_0049E2B8	0x0049E2B8	0x130	text
func_0049E3E8	0x0049E3E8	0x90	text
func_0049E478	0x0049E478	0x100	text
func_0049E578	0x0049E578	0x38	text
func_0049E5B0	0x0049E5B0	0x68	text
func_0049E618	0x0049E618	0xA0	text
func_0049E6B8	0x0049E6B8	0xD8	text
func_0049E790	0x0049E790	0x7A0	text
func_0049EF30	0x0049EF30	0xB0	text
func_0049EFE0	0x0049EFE0	0x30	text
func_0049F010	0x0049F010	0x30	text
func_0049F040	0x0049F040	0x2B0	text
func_0049F2F0	0x0049F2F0	0x188	text
func_0049F478	0x0049F478	0x80	text
func_0049F4F8	0x0049F4F8	0x168	text
func_0049F660	0x0049F660	0xF8	text
func_0049F758	0x0049F758	0xD0	text
func_0049F828	0x0049F828	0x100	text
func_0049F928	0x0049F928	0xC8	text
func_0049F9F0	0x0049F9F0	0x48	text
func_0049FA38	0x0049FA38	0xA8	text
func_0049FAE0	0x0049FAE0	0x98	text
func_0049FB78	0x0049FB78	0x78	text
func_0049FBF0	0x0049FBF0	0x450	text
func_004A0040	0x004A0040	0x158	text
func_004A0198	0x004A0198	0x40	text
func_004A01D8	0x004A01D8	0x18	text
func_004A01F0	0x004A01F0	0x18	text
func_004A0208	0x004A0208	0x18	text
func_004A0220	0x004A0220	0x3D0	text
func_004A05F0	0x004A05F0	0xC8	text
func_004A06B8	0x004A06B8	0x40	text
func_004A06F8	0x004A06F8	0x178	text
func_004A0870	0x004A0870	0x178	text
func_004A09E8	0x004A09E8	0x178	text
func_004A0B60	0x004A0B60	0x8	text
func_004A0B68	0x004A0B68	0x80	text
func_004A0BE8	0x004A0BE8	0x8	text
func_004A0BF0	0x004A0BF0	0x78	text
func_004A0C68	0x004A0C68	0x110	text
func_004A0D78	0x004A0D78	0xA8	text
func_004A0E20	0x004A0E20	0x150	text
func_004A0F70	0x004A0F70	0x28	text
func_004A0F98	0x004A0F98	0x78	text
func_004A1010	0x004A1010	0x130	text
func_004A1140	0x004A1140	0x30	text
func_004A1170	0x004A1170	0x80	text
func_004A11F0	0x004A11F0	0x50	text
func_004A1240	0x004A1240	0xD0	text
func_004A1310	0x004A1310	0x48	text
func_004A1358	0x004A1358	0x48	text
func_004A13A0	0x004A13A0	0xA0	text
func_004A1440	0x004A1440	0x190	text
func_004A15D0	0x004A15D0	0xC8	text
func_004A1698	0x004A1698	0x98	text
func_004A1730	0x004A1730	0x330	text
func_004A1A60	0x004A1A60	0x10	text
func_004A1A70	0x004A1A70	0x8	text
func_004A1A78	0x004A1A78	0x60	text
func_004A1AD8	0x004A1AD8	0x8	text
func_004A1AE0	0x004A1AE0	0x40	text
func_004A1B20	0x004A1B20	0x20	text
func_004A1B40	0x004A1B40	0x8	text
func_004A1B48	0x004A1B48	0x208	text
func_004A1D50	0x004A1D50	0x8	text
func_004A1D58	0x004A1D58	0x30	text
func_004A1D88	0x004A1D88	0x58	text
func_004A1DE0	0x004A1DE0	0x30	text
func_004A1E10	0x004A1E10	0xC	text
func_004A1E1C	0x004A1E1C	0xC	text
func_004A1E28	0x004A1E28	0x38	text
func_004A1E60	0x004A1E60	0x10	text
func_004A1E70	0x004A1E70	0x118	text
func_004A1F88	0x004A1F88	0x40	text
func_004A1FC8	0x004A1FC8	0x58	text
func_004A2020	0x004A2020	0xA8	text
func_004A20C8	0x004A20C8	0x40	text
func_004A2108	0x004A2108	0x20	text
func_004A2128	0x004A2128	0x20	text
func_004A2148	0x004A2148	0x8	text
func_004A2150	0x004A2150	0x8	text
func_004A2158	0x004A2158	0x158	text
func_004A22B0	0x004A22B0	0x28	text
func_004A22D8	0x004A22D8	0x8	text
func_004A22E0	0x004A22E0	0x8	text
func_004A22E8	0x004A22E8	0x20	text
func_004A2308	0x004A2308	0x20	text
func_004A2328	0x004A2328	0x30	text
func_004A2358	0x004A2358	0x60	text
func_004A23B8	0x004A23B8	0x8	text
func_004A23C0	0x004A23C0	0x60	text
func_004A2420	0x004A2420	0x20	text
func_004A2440	0x004A2440	0x8	text
func_004A2448	0x004A2448	0x238	text
func_004A2680	0x004A2680	0x8	text
func_004A2688	0x004A2688	0x10	text
func_004A2698	0x004A2698	0x60	text
func_004A26F8	0x004A26F8	0x8	text
func_004A2700	0x004A2700	0x110	text
func_004A2810	0x004A2810	0x38	text
func_004A2848	0x004A2848	0x28	text
func_004A2870	0x004A2870	0x28	text
func_004A2898	0x004A2898	0x38	text
func_004A28D0	0x004A28D0	0x20	text
func_004A28F0	0x004A28F0	0x28	text
func_004A2918	0x004A2918	0x38	text
func_004A2950	0x004A2950	0x8	text
func_004A2958	0x004A2958	0x38	text
func_004A2990	0x004A2990	0x88	text
func_004A2A18	0x004A2A18	0x30	text
func_004A2A48	0x004A2A48	0x88	text
func_004A2AD0	0x004A2AD0	0x38	text
func_004A2B08	0x004A2B08	0x10	text
func_004A2B18	0x004A2B18	0xF0	text
func_004A2C08	0x004A2C08	0x14	text
func_004A2C1C	0x004A2C1C	0xC	text
func_004A2C28	0x004A2C28	0xE8	text
func_004A2D10	0x004A2D10	0x28	text
func_004A2D38	0x004A2D38	0x8	text
func_004A2D40	0x004A2D40	0x50	text
func_004A2D90	0x004A2D90	0x48	text
func_004A2DD8	0x004A2DD8	0x14	text
func_004A2DEC	0x004A2DEC	0xC	text
func_004A2DF8	0x004A2DF8	0x8	text
func_004A2E00	0x004A2E00	0x8	text
func_004A2E08	0x004A2E08	0x8	text
func_004A2E10	0x004A2E10	0x8	text
func_004A2E18	0x004A2E18	0x8	text
func_004A2E20	0x004A2E20	0x8	text
func_004A2E28	0x004A2E28	0x8	text
func_004A2E30	0x004A2E30	0x8	text
func_004A2E38	0x004A2E38	0x8	text
func_004A2E40	0x004A2E40	0x8	text
func_004A2E48	0x004A2E48	0x60	text
func_004A2EA8	0x004A2EA8	0x418	text
func_004A32C0	0x004A32C0	0x50	text
func_004A3310	0x004A3310	0x70	text
func_004A3380	0x004A3380	0x100	text
func_004A3480	0x004A3480	0x210	text
func_004A3690	0x004A3690	0x1B8	text
func_004A3848	0x004A3848	0x1E0	text
func_004A3A28	0x004A3A28	0x150	text
func_004A3B78	0x004A3B78	0xA00	text
func_004A4578	0x004A4578	0x80	text
func_004A45F8	0x004A45F8	0xB0	text
func_004A46A8	0x004A46A8	0xF8	text
func_004A47A0	0x004A47A0	0xE0	text
func_004A4880	0x004A4880	0x160	text
func_004A49E0	0x004A49E0	0x1E0	text
func_004A4BC0	0x004A4BC0	0x148	text
func_004A4D08	0x004A4D08	0x40	text
func_004A4D48	0x004A4D48	0x58	text
func_004A4DA0	0x004A4DA0	0x48	text
func_004A4DE8	0x004A4DE8	0x88	text
func_004A4E70	0x004A4E70	0x80	text
func_004A4EF0	0x004A4EF0	0x8	text
func_004A4EF8	0x004A4EF8	0x270	text
func_004A5168	0x004A5168	0x150	text
func_004A52B8	0x004A52B8	0x8	text
func_004A52C0	0x004A52C0	0x20	text
func_004A52E0	0x004A52E0	0x150	text
func_004A5430	0x004A5430	0x28	text
func_004A5458	0x004A5458	0x60	text
func_004A54B8	0x004A54B8	0x20	text
func_004A54D8	0x004A54D8	0x80	text
func_004A5558	0x004A5558	0x30	text
func_004A5588	0x004A5588	0xF8	text
func_004A5680	0x004A5680	0x8	text
func_004A5688	0x004A5688	0x98	text
func_004A5720	0x004A5720	0x258	text
func_004A5978	0x004A5978	0x1A0	text
func_004A5B18	0x004A5B18	0x3F0	text
func_004A5F08	0x004A5F08	0x368	text
func_004A6270	0x004A6270	0x440	text
func_004A66B0	0x004A66B0	0x20	text
func_004A66D0	0x004A66D0	0x10	text
func_004A66E0	0x004A66E0	0x150	text
func_004A6830	0x004A6830	0x28	text
func_004A6858	0x004A6858	0x60	text
func_004A68B8	0x004A68B8	0x20	text
func_004A68D8	0x004A68D8	0x1D0	text
func_004A6AA8	0x004A6AA8	0x30	text
func_004A6AD8	0x004A6AD8	0xE80	text
func_004A7958	0x004A7958	0x80	text
func_004A79D8	0x004A79D8	0x98	text
func_004A7A70	0x004A7A70	0xF0	text
func_004A7B60	0x004A7B60	0xA8	text
func_004A7C08	0x004A7C08	0x28	text
func_004A7C30	0x004A7C30	0x20	text
func_004A7C50	0x004A7C50	0x60	text
func_004A7CB0	0x004A7CB0	0x8	text
func_004A7CB8	0x004A7CB8	0x88	text
func_004A7D40	0x004A7D40	0x8	text
func_004A7D48	0x004A7D48	0x68	text
func_004A7DB0	0x004A7DB0	0x20	text
func_004A7DD0	0x004A7DD0	0x280	text
func_004A8050	0x004A8050	0xA0	text
func_004A80F0	0x004A80F0	0xE0	text
func_004A81D0	0x004A81D0	0xA8	text
func_004A8278	0x004A8278	0x8	text
func_004A8280	0x004A8280	0x128	text
func_004A83A8	0x004A83A8	0x88	text
func_004A8430	0x004A8430	0xE8	text
func_004A8518	0x004A8518	0xB8	text
func_004A85D0	0x004A85D0	0x30	text
func_004A8600	0x004A8600	0xE0	text
func_004A86E0	0x004A86E0	0x98	text
func_004A8778	0x004A8778	0x228	text
func_004A89A0	0x004A89A0	0x48	text
func_004A89E8	0x004A89E8	0x128	text
func_004A8B10	0x004A8B10	0xB8	text
func_004A8BC8	0x004A8BC8	0x8	text
func_004A8BD0	0x004A8BD0	0x58	text
func_004A8C28	0x004A8C28	0x2C	text
func_004A8C54	0x004A8C54	0x14	text
func_004A8C68	0x004A8C68	0x2C	text
func_004A8C94	0x004A8C94	0x1C	text
func_004A8CB0	0x004A8CB0	0x8	text
func_004A8CB8	0x004A8CB8	0x110	text
func_004A8DC8	0x004A8DC8	0xB0	text
func_004A8E78	0x004A8E78	0xF0	text
func_004A8F68	0x004A8F68	0x138	text
func_004A90A0	0x004A90A0	0x48	text
func_004A90E8	0x004A90E8	0x1B0	text
func_004A9298	0x004A9298	0x170	text
func_004A9408	0x004A9408	0xA8	text
func_004A94B0	0x004A94B0	0xB8	text
func_004A9568	0x004A9568	0x358	text
func_004A98C0	0x004A98C0	0xD0	text
func_004A9990	0x004A9990	0x270	text
func_004A9C00	0x004A9C00	0x20	text
func_004A9C20	0x004A9C20	0x10	text
func_004A9C30	0x004A9C30	0x60	text
func_004A9C90	0x004A9C90	0x8	text
func_004A9C98	0x004A9C98	0x38	text
func_004A9CD0	0x004A9CD0	0x118	text
func_004A9DE8	0x004A9DE8	0x68	text
func_004A9E50	0x004A9E50	0x150	text
func_004A9FA0	0x004A9FA0	0xC8	text
func_004AA068	0x004AA068	0x48	text
func_004AA0B0	0x004AA0B0	0x930	text
func_004AA9E0	0x004AA9E0	0x78	text
func_004AAA58	0x004AAA58	0x130	text
func_004AAB88	0x004AAB88	0x114	text
func_004AAC9C	0x004AAC9C	0x8	text
func_004AACA4	0x004AACA4	0xC	text
func_004AACB0	0x004AACB0	0x180	text
func_004AAE30	0x004AAE30	0x110	text
func_004AAF40	0x004AAF40	0xC0	text
func_004AB000	0x004AB000	0x58	text
func_004AB058	0x004AB058	0xC8	text
func_004AB120	0x004AB120	0x48	text
func_004AB168	0x004AB168	0x28	text
func_004AB190	0x004AB190	0x90	text
func_004AB220	0x004AB220	0x1E8	text
func_004AB408	0x004AB408	0x3B0	text
func_004AB7B8	0x004AB7B8	0xF8	text
func_004AB8B0	0x004AB8B0	0x38	text
func_004AB8E8	0x004AB8E8	0x548	text
func_004ABE30	0x004ABE30	0x100	text
func_004ABF30	0x004ABF30	0x1C0	text
func_004AC0F0	0x004AC0F0	0x5E8	text
func_004AC6D8	0x004AC6D8	0x118	text
func_004AC7F0	0x004AC7F0	0xF0	text
func_004AC8E0	0x004AC8E0	0x188	text
func_004ACA68	0x004ACA68	0x750	text
func_004AD1B8	0x004AD1B8	0x20	text
func_004AD1D8	0x004AD1D8	0xE0	text
func_004AD2B8	0x004AD2B8	0x58	text
func_004AD310	0x004AD310	0x48	text
func_004AD358	0x004AD358	0x88	text
func_004AD3E0	0x004AD3E0	0x68	text
func_004AD448	0x004AD448	0x240	text
func_004AD688	0x004AD688	0x8	text
func_004AD690	0x004AD690	0x150	text
func_004AD7E0	0x004AD7E0	0x28	text
func_004AD808	0x004AD808	0x60	text
func_004AD868	0x004AD868	0x20	text
func_004AD888	0x004AD888	0x60	text
func_004AD8E8	0x004AD8E8	0x30	text
func_004AD918	0x004AD918	0xE8	text
func_004ADA00	0x004ADA00	0x88	text
func_004ADA88	0x004ADA88	0x188	text
func_004ADC10	0x004ADC10	0x1D0	text
func_004ADDE0	0x004ADDE0	0x78	text
func_004ADE58	0x004ADE58	0x1C0	text
func_004AE018	0x004AE018	0x20	text
func_004AE038	0x004AE038	0x8	text
func_004AE040	0x004AE040	0x150	text
func_004AE190	0x004AE190	0x90	text
func_004AE220	0x004AE220	0x60	text
func_004AE280	0x004AE280	0x20	text
func_004AE2A0	0x004AE2A0	0x1A8	text
func_004AE448	0x004AE448	0x290	text
func_004AE6D8	0x004AE6D8	0x30	text
func_004AE708	0x004AE708	0x70	text
func_004AE778	0x004AE778	0xA0	text
func_004AE818	0x004AE818	0x8	text
func_004AE820	0x004AE820	0x88	text
func_004AE8A8	0x004AE8A8	0x68	text
func_004AE910	0x004AE910	0x2E8	text
func_004AEBF8	0x004AEBF8	0x138	text
func_004AED30	0x004AED30	0x150	text
func_004AEE80	0x004AEE80	0x2E8	text
func_004AF168	0x004AF168	0x30	text
func_004AF198	0x004AF198	0xE8	text
func_004AF280	0x004AF280	0xB8	text
func_004AF338	0x004AF338	0x1D0	text
func_004AF508	0x004AF508	0x208	text
func_004AF710	0x004AF710	0x20	text
func_004AF730	0x004AF730	0x10	text
func_004AF740	0x004AF740	0x150	text
func_004AF890	0x004AF890	0x40	text
func_004AF8D0	0x004AF8D0	0x78	text
func_004AF948	0x004AF948	0x50	text
func_004AF998	0x004AF998	0x20	text
func_004AF9B8	0x004AF9B8	0x30	text
func_004AF9E8	0x004AF9E8	0x8	text
func_004AF9F0	0x004AF9F0	0x28	text
func_004AFA18	0x004AFA18	0x20	text
func_004AFA38	0x004AFA38	0x150	text
func_004AFB88	0x004AFB88	0x40	text
func_004AFBC8	0x004AFBC8	0x78	text
func_004AFC40	0x004AFC40	0x40	text
func_004AFC80	0x004AFC80	0x48	text
func_004AFCC8	0x004AFCC8	0x58	text
func_004AFD20	0x004AFD20	0x98	text
func_004AFDB8	0x004AFDB8	0x40	text
func_004AFDF8	0x004AFDF8	0x38	text
func_004AFE30	0x004AFE30	0x20	text
func_004AFE50	0x004AFE50	0x60	text
func_004AFEB0	0x004AFEB0	0x88	text
func_004AFF38	0x004AFF38	0x90	text
func_004AFFC8	0x004AFFC8	0x58	text
func_004B0020	0x004B0020	0x48	text
func_004B0068	0x004B0068	0x68	text
func_004B00D0	0x004B00D0	0x88	text
func_004B0158	0x004B0158	0x70	text
func_004B01C8	0x004B01C8	0x28	text
func_004B01F0	0x004B01F0	0xA0	text
func_004B0290	0x004B0290	0x480	text
func_004B0710	0x004B0710	0x260	text
func_004B0970	0x004B0970	0x90	text
func_004B0A00	0x004B0A00	0xE8	text
func_004B0AE8	0x004B0AE8	0x230	text
func_004B0D18	0x004B0D18	0x188	text
func_004B0EA0	0x004B0EA0	0x20	text
func_004B0EC0	0x004B0EC0	0x28	text
func_004B0EE8	0x004B0EE8	0x20	text
func_004B0F08	0x004B0F08	0x60	text
func_004B0F68	0x004B0F68	0x40	text
func_004B0FA8	0x004B0FA8	0x90	text
func_004B1038	0x004B1038	0x58	text
func_004B1090	0x004B1090	0x40	text
func_004B10D0	0x004B10D0	0x68	text
func_004B1138	0x004B1138	0x80	text
func_004B11B8	0x004B11B8	0x80	text
func_004B1238	0x004B1238	0x28	text
func_004B1260	0x004B1260	0x388	text
func_004B15E8	0x004B15E8	0x90	text
func_004B1678	0x004B1678	0xE0	text
func_004B1758	0x004B1758	0xF8	text
func_004B1850	0x004B1850	0x6E8	text
func_004B1F38	0x004B1F38	0x200	text
func_004B2138	0x004B2138	0x20	text
func_004B2158	0x004B2158	0x8	text
func_004B2160	0x004B2160	0x60	text
func_004B21C0	0x004B21C0	0xA0	text
func_004B2260	0x004B2260	0x40	text
func_004B22A0	0x004B22A0	0x38	text
func_004B22D8	0x004B22D8	0x70	text
func_004B2348	0x004B2348	0x1D8	text
func_004B2520	0x004B2520	0xF0	text
func_004B2610	0x004B2610	0xE0	text
func_004B26F0	0x004B26F0	0x2E8	text
func_004B29D8	0x004B29D8	0x100	text
func_004B2AD8	0x004B2AD8	0x100	text
func_004B2BD8	0x004B2BD8	0x50	text
func_004B2C28	0x004B2C28	0x28	text
func_004B2C50	0x004B2C50	0x30	text
func_004B2C80	0x004B2C80	0x188	text
func_004B2E08	0x004B2E08	0xE8	text
func_004B2EF0	0x004B2EF0	0x68	text
func_004B2F58	0x004B2F58	0x278	text
func_004B31D0	0x004B31D0	0x4F0	text
func_004B36C0	0x004B36C0	0x4E8	text
func_004B3BA8	0x004B3BA8	0x238	text
func_004B3DE0	0x004B3DE0	0x40	text
func_004B3E20	0x004B3E20	0x88	text
func_004B3EA8	0x004B3EA8	0x50	text
func_004B3EF8	0x004B3EF8	0x158	text
func_004B4050	0x004B4050	0x1A8	text
func_004B41F8	0x004B41F8	0x150	text
func_004B4348	0x004B4348	0x6F8	text
func_004B4A40	0x004B4A40	0x58	text
func_004B4A98	0x004B4A98	0xE8	text
func_004B4B80	0x004B4B80	0xE8	text
func_004B4C68	0x004B4C68	0x20	text
func_004B4C88	0x004B4C88	0x8	text
func_004B4C90	0x004B4C90	0x60	text
func_004B4CF0	0x004B4CF0	0x60	text
func_004B4D50	0x004B4D50	0x90	text
func_004B4DE0	0x004B4DE0	0x68	text
func_004B4E48	0x004B4E48	0x90	text
func_004B4ED8	0x004B4ED8	0x68	text
func_004B4F40	0x004B4F40	0x140	text
func_004B5080	0x004B5080	0xB8	text
func_004B5138	0x004B5138	0x118	text
func_004B5250	0x004B5250	0x130	text
func_004B5380	0x004B5380	0x10	text
func_004B5390	0x004B5390	0xC0	text
func_004B5450	0x004B5450	0x20	text
func_004B5470	0x004B5470	0x8	text
func_004B5478	0x004B5478	0x60	text
func_004B54D8	0x004B54D8	0x78	text
func_004B5550	0x004B5550	0x60	text
func_004B55B0	0x004B55B0	0x108	text
func_004B56B8	0x004B56B8	0x40	text
func_004B56F8	0x004B56F8	0xC8	text
func_004B57C0	0x004B57C0	0x1B0	text
func_004B5970	0x004B5970	0x20	text
func_004B5990	0x004B5990	0x28	text
func_004B59B8	0x004B59B8	0xA8	text
func_004B5A60	0x004B5A60	0xC0	text
func_004B5B20	0x004B5B20	0xC0	text
func_004B5BE0	0x004B5BE0	0xC0	text
func_004B5CA0	0x004B5CA0	0xC8	text
func_004B5D68	0x004B5D68	0x90	text
func_004B5DF8	0x004B5DF8	0x20	text
func_004B5E18	0x004B5E18	0x58	text
func_004B5E70	0x004B5E70	0x108	text
func_004B5F78	0x004B5F78	0x78	text
func_004B5FF0	0x004B5FF0	0x388	text
func_004B6378	0x004B6378	0x260	text
func_004B65D8	0x004B65D8	0x168	text
func_004B6740	0x004B6740	0x148	text
func_004B6888	0x004B6888	0xC8	text
func_004B6950	0x004B6950	0x20	text
func_004B6970	0x004B6970	0x20	text
func_004B6990	0x004B6990	0x20	text
func_004B69B0	0x004B69B0	0x20	text
func_004B69D0	0x004B69D0	0x20	text
func_004B69F0	0x004B69F0	0x58	text
func_004B6A48	0x004B6A48	0x58	text
func_004B6AA0	0x004B6AA0	0x58	text
func_004B6AF8	0x004B6AF8	0x58	text
func_004B6B50	0x004B6B50	0x50	text
func_004B6BA0	0x004B6BA0	0x60	text
func_004B6C00	0x004B6C00	0x58	text
func_004B6C58	0x004B6C58	0x50	text
func_004B6CA8	0x004B6CA8	0x58	text
func_004B6D00	0x004B6D00	0x58	text
func_004B6D58	0x004B6D58	0xA8	text
func_004B6E00	0x004B6E00	0x58	text
func_004B6E58	0x004B6E58	0x58	text
func_004B6EB0	0x004B6EB0	0x60	text
func_004B6F10	0x004B6F10	0x60	text
func_004B6F70	0x004B6F70	0x60	text
func_004B6FD0	0x004B6FD0	0x58	text
func_004B7028	0x004B7028	0x58	text
func_004B7080	0x004B7080	0x58	text
func_004B70D8	0x004B70D8	0x58	text
func_004B7130	0x004B7130	0x58	text
func_004B7188	0x004B7188	0x48	text
func_004B71D0	0x004B71D0	0x68	text
func_004B7238	0x004B7238	0x58	text
func_004B7290	0x004B7290	0x58	text
func_004B72E8	0x004B72E8	0x58	text
func_004B7340	0x004B7340	0x58	text
func_004B7398	0x004B7398	0x58	text
func_004B73F0	0x004B73F0	0x58	text
func_004B7448	0x004B7448	0x58	text
func_004B74A0	0x004B74A0	0x58	text
func_004B74F8	0x004B74F8	0x60	text
func_004B7558	0x004B7558	0x60	text
func_004B75B8	0x004B75B8	0x58	text
func_004B7610	0x004B7610	0x58	text
func_004B7668	0x004B7668	0x58	text
func_004B76C0	0x004B76C0	0x90	text
func_004B7750	0x004B7750	0xA0	text
func_004B77F0	0x004B77F0	0xA0	text
func_004B7890	0x004B7890	0xD8	text
func_004B7968	0x004B7968	0x90	text
func_004B79F8	0x004B79F8	0x70	text
func_004B7A68	0x004B7A68	0xF0	text
func_004B7B58	0x004B7B58	0x68	text
func_004B7BC0	0x004B7BC0	0x150	text
func_004B7D10	0x004B7D10	0x50	text
func_004B7D60	0x004B7D60	0x70	text
func_004B7DD0	0x004B7DD0	0x70	text
func_004B7E40	0x004B7E40	0x38	text
func_004B7E78	0x004B7E78	0x1C0	text
func_004B8038	0x004B8038	0x98	text
func_004B80D0	0x004B80D0	0x88	text
func_004B8158	0x004B8158	0x270	text
func_004B83C8	0x004B83C8	0x108	text
func_004B84D0	0x004B84D0	0x108	text
func_004B85D8	0x004B85D8	0x1B0	text
func_004B8788	0x004B8788	0x100	text
func_004B8888	0x004B8888	0x80	text
func_004B8908	0x004B8908	0x20	text
func_004B8928	0x004B8928	0xB8	text
func_004B89E0	0x004B89E0	0xC8	text
func_004B8AA8	0x004B8AA8	0x78	text
func_004B8B20	0x004B8B20	0x68	text
func_004B8B88	0x004B8B88	0x98	text
func_004B8C20	0x004B8C20	0x30	text
func_004B8C50	0x004B8C50	0x378	text
func_004B8FC8	0x004B8FC8	0x20	text
func_004B8FE8	0x004B8FE8	0x8	text
func_004B8FF0	0x004B8FF0	0x150	text
func_004B9140	0x004B9140	0x60	text
func_004B91A0	0x004B91A0	0x68	text
func_004B9208	0x004B9208	0x38	text
func_004B9240	0x004B9240	0xF0	text
func_004B9330	0x004B9330	0x80	text
func_004B93B0	0x004B93B0	0x90	text
func_004B9440	0x004B9440	0x120	text
func_004B9560	0x004B9560	0x48	text
func_004B95A8	0x004B95A8	0x100	text
func_004B96A8	0x004B96A8	0x300	text
func_004B99A8	0x004B99A8	0x20	text
func_004B99C8	0x004B99C8	0x8	text
func_004B99D0	0x004B99D0	0x150	text
func_004B9B20	0x004B9B20	0x28	text
func_004B9B48	0x004B9B48	0x68	text
func_004B9BB0	0x004B9BB0	0x38	text
func_004B9BE8	0x004B9BE8	0x210	text
func_004B9DF8	0x004B9DF8	0xB8	text
func_004B9EB0	0x004B9EB0	0x1A0	text
func_004BA050	0x004BA050	0x80	text
func_004BA0D0	0x004BA0D0	0x78	text
func_004BA148	0x004BA148	0xF8	text
func_004BA240	0x004BA240	0xF8	text
func_004BA338	0x004BA338	0x78	text
func_004BA3B0	0x004BA3B0	0xE0	text
func_004BA490	0x004BA490	0x78	text
func_004BA508	0x004BA508	0xF8	text
func_004BA600	0x004BA600	0x20	text
func_004BA620	0x004BA620	0xB8	text
func_004BA6D8	0x004BA6D8	0xC8	text
func_004BA7A0	0x004BA7A0	0x80	text
func_004BA820	0x004BA820	0x68	text
func_004BA888	0x004BA888	0xA0	text
func_004BA928	0x004BA928	0x30	text
func_004BA958	0x004BA958	0x318	text
func_004BAC70	0x004BAC70	0x20	text
func_004BAC90	0x004BAC90	0x48	text
func_004BACD8	0x004BACD8	0x78	text
func_004BAD50	0x004BAD50	0x38	text
func_004BAD88	0x004BAD88	0x8	text
func_004BAD90	0x004BAD90	0x150	text
func_004BAEE0	0x004BAEE0	0x28	text
func_004BAF08	0x004BAF08	0xB0	text
func_004BAFB8	0x004BAFB8	0x60	text
func_004BB018	0x004BB018	0x138	text
func_004BB150	0x004BB150	0x1B0	text
func_004BB300	0x004BB300	0x160	text
func_004BB460	0x004BB460	0x2B8	text
func_004BB718	0x004BB718	0xA0	text
func_004BB7B8	0x004BB7B8	0x168	text
func_004BB920	0x004BB920	0x38	text
func_004BB958	0x004BB958	0x90	text
func_004BB9E8	0x004BB9E8	0x98	text
func_004BBA80	0x004BBA80	0x68	text
func_004BBAE8	0x004BBAE8	0x88	text
func_004BBB70	0x004BBB70	0x78	text
func_004BBBE8	0x004BBBE8	0x68	text
func_004BBC50	0x004BBC50	0x6D8	text
func_004BC328	0x004BC328	0x278	text
func_004BC5A0	0x004BC5A0	0x3D0	text
func_004BC970	0x004BC970	0xA0	text
func_004BCA10	0x004BCA10	0xD0	text
func_004BCAE0	0x004BCAE0	0xB0	text
func_004BCB90	0x004BCB90	0xB0	text
func_004BCC40	0x004BCC40	0x1E8	text
func_004BCE28	0x004BCE28	0x70	text
func_004BCE98	0x004BCE98	0x1E0	text
func_004BD078	0x004BD078	0x1C	text
func_004BD094	0x004BD094	0x14	text
func_004BD0A8	0x004BD0A8	0x8	text
func_004BD0B0	0x004BD0B0	0x8	text
func_004BD0B8	0x004BD0B8	0x70	text
func_004BD128	0x004BD128	0x2E0	text
func_004BD408	0x004BD408	0x58	text
func_004BD460	0x004BD460	0x8	text
func_004BD468	0x004BD468	0x150	text
func_004BD5B8	0x004BD5B8	0x138	text
func_004BD6F0	0x004BD6F0	0x90	text
func_004BD780	0x004BD780	0x160	text
func_004BD8E0	0x004BD8E0	0xA0	text
func_004BD980	0x004BD980	0x40	text
func_004BD9C0	0x004BD9C0	0x48	text
func_004BDA08	0x004BDA08	0x308	text
func_004BDD10	0x004BDD10	0x50	text
func_004BDD60	0x004BDD60	0x30	text
func_004BDD90	0x004BDD90	0x68	text
func_004BDDF8	0x004BDDF8	0x270	text
func_004BE068	0x004BE068	0x338	text
func_004BE3A0	0x004BE3A0	0x4D8	text
func_004BE878	0x004BE878	0x520	text
func_004BED98	0x004BED98	0x108	text
func_004BEEA0	0x004BEEA0	0x88	text
func_004BEF28	0x004BEF28	0x58	text
func_004BEF80	0x004BEF80	0x50	text
func_004BEFD0	0x004BEFD0	0x50	text
func_004BF020	0x004BF020	0x78	text
func_004BF098	0x004BF098	0x78	text
func_004BF110	0x004BF110	0x78	text
func_004BF188	0x004BF188	0x88	text
func_004BF210	0x004BF210	0xB0	text
func_004BF2C0	0x004BF2C0	0x58	text
func_004BF318	0x004BF318	0x90	text
func_004BF3A8	0x004BF3A8	0x148	text
func_004BF4F0	0x004BF4F0	0x168	text
func_004BF658	0x004BF658	0xC0	text
func_004BF718	0x004BF718	0xC0	text
func_004BF7D8	0x004BF7D8	0x108	text
func_004BF8E0	0x004BF8E0	0x180	text
func_004BFA60	0x004BFA60	0x128	text
func_004BFB88	0x004BFB88	0xA8	text
func_004BFC30	0x004BFC30	0x8C8	text
func_004C04F8	0x004C04F8	0x7D8	text
func_004C0CD0	0x004C0CD0	0x100	text
func_004C0DD0	0x004C0DD0	0xB0	text
func_004C0E80	0x004C0E80	0xF8	text
func_004C0F78	0x004C0F78	0x40	text
func_004C0FB8	0x004C0FB8	0x1C	text
func_004C0FD4	0x004C0FD4	0x14	text
func_004C0FE8	0x004C0FE8	0x8	text
func_004C0FF0	0x004C0FF0	0x8	text
func_004C0FF8	0x004C0FF8	0x70	text
func_004C1068	0x004C1068	0x88	text
func_004C10F0	0x004C10F0	0x178	text
func_004C1268	0x004C1268	0x88	text
func_004C12F0	0x004C12F0	0x70	text
func_004C1360	0x004C1360	0x70	text
func_004C13D0	0x004C13D0	0x28	text
func_004C13F8	0x004C13F8	0xA0	text
func_004C1498	0x004C1498	0x50	text
func_004C14E8	0x004C14E8	0x8	text
func_004C14F0	0x004C14F0	0x150	text
func_004C1640	0x004C1640	0x858	text
func_004C1E98	0x004C1E98	0x108	text
func_004C1FA0	0x004C1FA0	0x200	text
func_004C21A0	0x004C21A0	0x48	text
func_004C21E8	0x004C21E8	0x2A8	text
func_004C2490	0x004C2490	0xC8	text
func_004C2558	0x004C2558	0xB8	text
func_004C2610	0x004C2610	0x140	text
func_004C2750	0x004C2750	0x250	text
func_004C29A0	0x004C29A0	0x240	text
func_004C2BE0	0x004C2BE0	0x208	text
func_004C2DE8	0x004C2DE8	0xF8	text
func_004C2EE0	0x004C2EE0	0x48	text
func_004C2F28	0x004C2F28	0x50	text
func_004C2F78	0x004C2F78	0x80	text
func_004C2FF8	0x004C2FF8	0xC0	text
func_004C30B8	0x004C30B8	0x88	text
func_004C3140	0x004C3140	0x68	text
func_004C31A8	0x004C31A8	0xA8	text
func_004C3250	0x004C3250	0xC0	text
func_004C3310	0x004C3310	0xC0	text
func_004C33D0	0x004C33D0	0x108	text
func_004C34D8	0x004C34D8	0x2C8	text
func_004C37A0	0x004C37A0	0x80	text
func_004C3820	0x004C3820	0xC8	text
func_004C38E8	0x004C38E8	0xA0	text
func_004C3988	0x004C3988	0x80	text
func_004C3A08	0x004C3A08	0x118	text
func_004C3B20	0x004C3B20	0x68	text
func_004C3B88	0x004C3B88	0xB0	text
func_004C3C38	0x004C3C38	0xA0	text
func_004C3CD8	0x004C3CD8	0x8	text
func_004C3CE0	0x004C3CE0	0x168	text
func_004C3E48	0x004C3E48	0xB0	text
func_004C3EF8	0x004C3EF8	0x120	text
func_004C4018	0x004C4018	0xB0	text
func_004C40C8	0x004C40C8	0x130	text
func_004C41F8	0x004C41F8	0x8	text
func_004C4200	0x004C4200	0x8	text
func_004C4208	0x004C4208	0x288	text
func_004C4490	0x004C4490	0x28	text
func_004C44B8	0x004C44B8	0x30	text
func_004C44E8	0x004C44E8	0x1B0	text
func_004C4698	0x004C4698	0x190	text
func_004C4828	0x004C4828	0xD48	text
func_004C5570	0x004C5570	0x20	text
func_004C5590	0x004C5590	0x28	text
func_004C55B8	0x004C55B8	0x68	text
func_004C5620	0x004C5620	0x38	text
func_004C5658	0x004C5658	0x8	text
func_004C5660	0x004C5660	0x10	text
func_004C5670	0x004C5670	0x150	text
func_004C57C0	0x004C57C0	0x150	text
func_004C5910	0x004C5910	0x90	text
func_004C59A0	0x004C59A0	0x180	text
func_004C5B20	0x004C5B20	0x58	text
func_004C5B78	0x004C5B78	0x70	text
func_004C5BE8	0x004C5BE8	0x200	text
func_004C5DE8	0x004C5DE8	0x1E0	text
func_004C5FC8	0x004C5FC8	0xA8	text
func_004C6070	0x004C6070	0x148	text
func_004C61B8	0x004C61B8	0x5B0	text
func_004C6768	0x004C6768	0x70	text
func_004C67D8	0x004C67D8	0x90	text
func_004C6868	0x004C6868	0xA8	text
func_004C6910	0x004C6910	0x58	text
func_004C6968	0x004C6968	0x8	text
func_004C6970	0x004C6970	0x170	text
func_004C6AE0	0x004C6AE0	0xC0	text
func_004C6BA0	0x004C6BA0	0x120	text
func_004C6CC0	0x004C6CC0	0x110	text
func_004C6DD0	0x004C6DD0	0x2F0	text
func_004C70C0	0x004C70C0	0x18	text
func_004C70D8	0x004C70D8	0x14	text
func_004C70EC	0x004C70EC	0x24	text
func_004C7110	0x004C7110	0x10	text
func_004C7120	0x004C7120	0x8	text
func_004C7128	0x004C7128	0x1C	text
func_004C7144	0x004C7144	0x14	text
func_004C7158	0x004C7158	0x8	text
func_004C7160	0x004C7160	0x8	text
func_004C7168	0x004C7168	0xD8	text
func_004C7240	0x004C7240	0xA0	text
func_004C72E0	0x004C72E0	0xC8	text
func_004C73A8	0x004C73A8	0x40	text
func_004C73E8	0x004C73E8	0xF8	text
func_004C74E0	0x004C74E0	0x58	text
func_004C7538	0x004C7538	0x138	text
func_004C7670	0x004C7670	0x38	text
func_004C76A8	0x004C76A8	0x140	text
func_004C77E8	0x004C77E8	0x40	text
func_004C7828	0x004C7828	0x668	text
func_004C7E90	0x004C7E90	0x288	text
func_004C8118	0x004C8118	0x70	text
func_004C8188	0x004C8188	0x28	text
func_004C81B0	0x004C81B0	0xA8	text
func_004C8258	0x004C8258	0x68	text
func_004C82C0	0x004C82C0	0x8	text
func_004C82C8	0x004C82C8	0x60	text
func_004C8328	0x004C8328	0x28	text
func_004C8350	0x004C8350	0x38	text
func_004C8388	0x004C8388	0x38	text
func_004C83C0	0x004C83C0	0x58	text
func_004C8418	0x004C8418	0x10	text
func_004C8428	0x004C8428	0x278	text
func_004C86A0	0x004C86A0	0xC8	text
func_004C8768	0x004C8768	0xC8	text
func_004C8830	0x004C8830	0x330	text
func_004C8B60	0x004C8B60	0x110	text
func_004C8C70	0x004C8C70	0x288	text
func_004C8EF8	0x004C8EF8	0xB8	text
func_004C8FB0	0x004C8FB0	0xE0	text
func_004C9090	0x004C9090	0xD8	text
func_004C9168	0x004C9168	0x38	text
func_004C91A0	0x004C91A0	0x68	text
func_004C9208	0x004C9208	0x38	text
func_004C9240	0x004C9240	0x80	text
func_004C92C0	0x004C92C0	0x80	text
func_004C9340	0x004C9340	0x188	text
func_004C94C8	0x004C94C8	0x20	text
func_004C94E8	0x004C94E8	0x10	text
func_004C94F8	0x004C94F8	0x150	text
func_004C9648	0x004C9648	0x28	text
func_004C9670	0x004C9670	0x68	text
func_004C96D8	0x004C96D8	0x28	text
func_004C9700	0x004C9700	0x28	text
func_004C9728	0x004C9728	0x68	text
func_004C9790	0x004C9790	0x28	text
func_004C97B8	0x004C97B8	0x468	text
func_004C9C20	0x004C9C20	0x4C0	text
func_004CA0E0	0x004CA0E0	0xF0	text
func_004CA1D0	0x004CA1D0	0x3E8	text
func_004CA5B8	0x004CA5B8	0x1B8	text
func_004CA770	0x004CA770	0x28	text
func_004CA798	0x004CA798	0x58	text
func_004CA7F0	0x004CA7F0	0x28	text
func_004CA818	0x004CA818	0x38	text
func_004CA850	0x004CA850	0x38	text
func_004CA888	0x004CA888	0x60	text
func_004CA8E8	0x004CA8E8	0x60	text
func_004CA948	0x004CA948	0x108	text
func_004CAA50	0x004CAA50	0x470	text
func_004CAEC0	0x004CAEC0	0x8	text
func_004CAEC8	0x004CAEC8	0x68	text
func_004CAF30	0x004CAF30	0x20	text
func_004CAF50	0x004CAF50	0x40	text
func_004CAF90	0x004CAF90	0x30	text
func_004CAFC0	0x004CAFC0	0x20	text
func_004CAFE0	0x004CAFE0	0x48	text
func_004CB028	0x004CB028	0x50	text
func_004CB078	0x004CB078	0x78	text
func_004CB0F0	0x004CB0F0	0x58	text
func_004CB148	0x004CB148	0x50	text
func_004CB198	0x004CB198	0x88	text
func_004CB220	0x004CB220	0x50	text
func_004CB270	0x004CB270	0x28	text
func_004CB298	0x004CB298	0xB0	text
func_004CB348	0x004CB348	0x30	text
func_004CB378	0x004CB378	0xC8	text
func_004CB440	0x004CB440	0x1B8	text
func_004CB5F8	0x004CB5F8	0x20	text
func_004CB618	0x004CB618	0x8	text
func_004CB620	0x004CB620	0x150	text
func_004CB770	0x004CB770	0x28	text
func_004CB798	0x004CB798	0x70	text
func_004CB808	0x004CB808	0x40	text
func_004CB848	0x004CB848	0xF0	text
func_004CB938	0x004CB938	0x260	text
func_004CBB98	0x004CBB98	0x278	text
func_004CBE10	0x004CBE10	0xE8	text
func_004CBEF8	0x004CBEF8	0xB8	text
func_004CBFB0	0x004CBFB0	0x108	text
func_004CC0B8	0x004CC0B8	0x48	text
func_004CC100	0x004CC100	0x48	text
func_004CC148	0x004CC148	0xC0	text
func_004CC208	0x004CC208	0x20	text
func_004CC228	0x004CC228	0xC0	text
func_004CC2E8	0x004CC2E8	0x138	text
func_004CC420	0x004CC420	0x30	text
func_004CC450	0x004CC450	0x330	text
func_004CC780	0x004CC780	0x20	text
func_004CC7A0	0x004CC7A0	0x108	text
func_004CC8A8	0x004CC8A8	0xD0	text
func_004CC978	0x004CC978	0x88	text
func_004CCA00	0x004CCA00	0x118	text
func_004CCB18	0x004CCB18	0xD0	text
func_004CCBE8	0x004CCBE8	0xE8	text
func_004CCCD0	0x004CCCD0	0xD0	text
func_004CCDA0	0x004CCDA0	0x20	text
func_004CCDC0	0x004CCDC0	0xB0	text
func_004CCE70	0x004CCE70	0x58	text
func_004CCEC8	0x004CCEC8	0x108	text
func_004CCFD0	0x004CCFD0	0x8	text
func_004CCFD8	0x004CCFD8	0x24	text
func_004CCFFC	0x004CCFFC	0xC	text
func_004CD008	0x004CD008	0x40	text
func_004CD048	0x004CD048	0x320	text
func_004CD368	0x004CD368	0x288	text
func_004CD5F0	0x004CD5F0	0x30	text
func_004CD620	0x004CD620	0x90	text
func_004CD6B0	0x004CD6B0	0x2C	text
func_004CD6DC	0x004CD6DC	0x24	text
func_004CD700	0x004CD700	0x30	text
func_004CD730	0x004CD730	0x10	text
func_004CD740	0x004CD740	0x150	text
func_004CD890	0x004CD890	0x28	text
func_004CD8B8	0x004CD8B8	0x88	text
func_004CD940	0x004CD940	0x38	text
func_004CD978	0x004CD978	0x298	text
func_004CDC10	0x004CDC10	0xB8	text
func_004CDCC8	0x004CDCC8	0x138	text
func_004CDE00	0x004CDE00	0xC8	text
func_004CDEC8	0x004CDEC8	0x40	text
func_004CDF08	0x004CDF08	0xD8	text
func_004CDFE0	0x004CDFE0	0x88	text
func_004CE068	0x004CE068	0x20	text
func_004CE088	0x004CE088	0x10	text
func_004CE098	0x004CE098	0x98	text
func_004CE130	0x004CE130	0xA0	text
func_004CE1D0	0x004CE1D0	0xF8	text
func_004CE2C8	0x004CE2C8	0x30	text
func_004CE2F8	0x004CE2F8	0xF8	text
func_004CE3F0	0x004CE3F0	0x20	text
func_004CE410	0x004CE410	0x18	text
func_004CE428	0x004CE428	0x18	text
func_004CE440	0x004CE440	0x8	text
func_004CE448	0x004CE448	0x150	text
func_004CE598	0x004CE598	0x28	text
func_004CE5C0	0x004CE5C0	0x68	text
func_004CE628	0x004CE628	0x38	text
func_004CE660	0x004CE660	0x450	text
func_004CEAB0	0x004CEAB0	0xB8	text
func_004CEB68	0x004CEB68	0xE8	text
func_004CEC50	0x004CEC50	0x120	text
func_004CED70	0x004CED70	0x40	text
func_004CEDB0	0x004CEDB0	0xC0	text
func_004CEE70	0x004CEE70	0x88	text
func_004CEEF8	0x004CEEF8	0x20	text
func_004CEF18	0x004CEF18	0x98	text
func_004CEFB0	0x004CEFB0	0x90	text
func_004CF040	0x004CF040	0x60	text
func_004CF0A0	0x004CF0A0	0x140	text
func_004CF1E0	0x004CF1E0	0x20	text
func_004CF200	0x004CF200	0x8	text
func_004CF208	0x004CF208	0x150	text
func_004CF358	0x004CF358	0x28	text
func_004CF380	0x004CF380	0x68	text
func_004CF3E8	0x004CF3E8	0x38	text
func_004CF420	0x004CF420	0x2A0	text
func_004CF6C0	0x004CF6C0	0x18	text
func_004CF6D8	0x004CF6D8	0xA0	text
func_004CF778	0x004CF778	0xE8	text
func_004CF860	0x004CF860	0xB0	text
func_004CF910	0x004CF910	0x40	text
func_004CF950	0x004CF950	0xF0	text
func_004CFA40	0x004CFA40	0x88	text
func_004CFAC8	0x004CFAC8	0x10	text
func_004CFAD8	0x004CFAD8	0x150	text
func_004CFC28	0x004CFC28	0x98	text
func_004CFCC0	0x004CFCC0	0x90	text
func_004CFD50	0x004CFD50	0x30	text
func_004CFD80	0x004CFD80	0x140	text
func_004CFEC0	0x004CFEC0	0x20	text
func_004CFEE0	0x004CFEE0	0x8	text
func_004CFEE8	0x004CFEE8	0x150	text
func_004D0038	0x004D0038	0xE8	text
func_004D0120	0x004D0120	0x28	text
func_004D0148	0x004D0148	0x68	text
func_004D01B0	0x004D01B0	0x38	text
func_004D01E8	0x004D01E8	0x1F8	text
func_004D03E0	0x004D03E0	0xC0	text
func_004D04A0	0x004D04A0	0x100	text
func_004D05A0	0x004D05A0	0x20	text
func_004D05C0	0x004D05C0	0x20	text
func_004D05E0	0x004D05E0	0x248	text
func_004D0828	0x004D0828	0x28	text
func_004D0850	0x004D0850	0x20	text
func_004D0870	0x004D0870	0x20	text
func_004D0890	0x004D0890	0x20	text
func_004D08B0	0x004D08B0	0xC8	text
func_004D0978	0x004D0978	0x20	text
func_004D0998	0x004D0998	0x20	text
func_004D09B8	0x004D09B8	0x20	text
func_004D09D8	0x004D09D8	0x28	text
func_004D0A00	0x004D0A00	0xC8	text
func_004D0AC8	0x004D0AC8	0x40	text
func_004D0B08	0x004D0B08	0x40	text
func_004D0B48	0x004D0B48	0x88	text
func_004D0BD0	0x004D0BD0	0x38	text
func_004D0C08	0x004D0C08	0x10	text
func_004D0C18	0x004D0C18	0x130	text
func_004D0D48	0x004D0D48	0x130	text
func_004D0E78	0x004D0E78	0x30	text
func_004D0EA8	0x004D0EA8	0x620	text
func_004D14C8	0x004D14C8	0x20	text
func_004D14E8	0x004D14E8	0x8	text
func_004D14F0	0x004D14F0	0x150	text
func_004D1640	0x004D1640	0x28	text
func_004D1668	0x004D1668	0x68	text
func_004D16D0	0x004D16D0	0x38	text
func_004D1708	0x004D1708	0x258	text
func_004D1960	0x004D1960	0xB8	text
func_004D1A18	0x004D1A18	0xE8	text
func_004D1B00	0x004D1B00	0xC0	text
func_004D1BC0	0x004D1BC0	0x40	text
func_004D1C00	0x004D1C00	0xF8	text
func_004D1CF8	0x004D1CF8	0x88	text
func_004D1D80	0x004D1D80	0x20	text
func_004D1DA0	0x004D1DA0	0x98	text
func_004D1E38	0x004D1E38	0x90	text
func_004D1EC8	0x004D1EC8	0x30	text
func_004D1EF8	0x004D1EF8	0x140	text
func_004D2038	0x004D2038	0x20	text
func_004D2058	0x004D2058	0x18	text
func_004D2070	0x004D2070	0x18	text
func_004D2088	0x004D2088	0x18	text
func_004D20A0	0x004D20A0	0x8	text
func_004D20A8	0x004D20A8	0x150	text
func_004D21F8	0x004D21F8	0x50	text
func_004D2248	0x004D2248	0x98	text
func_004D22E0	0x004D22E0	0x80	text
func_004D2360	0x004D2360	0x20	text
func_004D2380	0x004D2380	0x358	text
func_004D26D8	0x004D26D8	0x70	text
func_004D2748	0x004D2748	0xB0	text
func_004D27F8	0x004D27F8	0xA0	text
func_004D2898	0x004D2898	0x48	text
func_004D28E0	0x004D28E0	0xA8	text
func_004D2988	0x004D2988	0xF8	text
func_004D2A80	0x004D2A80	0x40	text
func_004D2AC0	0x004D2AC0	0x40	text
func_004D2B00	0x004D2B00	0x40	text
func_004D2B40	0x004D2B40	0x40	text
func_004D2B80	0x004D2B80	0x40	text
func_004D2BC0	0x004D2BC0	0x170	text
func_004D2D30	0x004D2D30	0x2C8	text
func_004D2FF8	0x004D2FF8	0x20	text
func_004D3018	0x004D3018	0x18	text
func_004D3030	0x004D3030	0x8	text
func_004D3038	0x004D3038	0x28	text
func_004D3060	0x004D3060	0xE8	text
func_004D3148	0x004D3148	0x58	text
func_004D31A0	0x004D31A0	0x50	text
func_004D31F0	0x004D31F0	0x148	text
func_004D3338	0x004D3338	0x30	text
func_004D3368	0x004D3368	0x20	text
func_004D3388	0x004D3388	0x8	text
func_004D3390	0x004D3390	0x8	text
func_004D3398	0x004D3398	0x28	text
func_004D33C0	0x004D33C0	0x168	text
func_004D3528	0x004D3528	0xF0	text
func_004D3618	0x004D3618	0xB8	text
func_004D36D0	0x004D36D0	0x10	text
func_004D36E0	0x004D36E0	0x60	text
func_004D3740	0x004D3740	0x8	text
func_004D3748	0x004D3748	0x188	text
func_004D38D0	0x004D38D0	0x28	text
func_004D38F8	0x004D38F8	0x10	text
func_004D3908	0x004D3908	0xA0	text
func_004D39A8	0x004D39A8	0xA0	text
func_004D3A48	0x004D3A48	0x98	text
func_004D3AE0	0x004D3AE0	0x98	text
func_004D3B78	0x004D3B78	0xF0	text
func_004D3C68	0x004D3C68	0x98	text
func_004D3D00	0x004D3D00	0xC0	text
func_004D3DC0	0x004D3DC0	0x68	text
func_004D3E28	0x004D3E28	0xC8	text
func_004D3EF0	0x004D3EF0	0x8	text
func_004D3EF8	0x004D3EF8	0x430	text
func_004D4328	0x004D4328	0x3E8	text
func_004D4710	0x004D4710	0x60	text
func_004D4770	0x004D4770	0x28	text
func_004D4798	0x004D4798	0x190	text
func_004D4928	0x004D4928	0x80	text
func_004D49A8	0x004D49A8	0x200	text
func_004D4BA8	0x004D4BA8	0xB0	text
func_004D4C58	0x004D4C58	0x228	text
func_004D4E80	0x004D4E80	0x340	text
func_004D51C0	0x004D51C0	0x110	text
func_004D52D0	0x004D52D0	0x280	text
func_004D5550	0x004D5550	0xB8	text
func_004D5608	0x004D5608	0x70	text
func_004D5678	0x004D5678	0x140	text
func_004D57B8	0x004D57B8	0xC0	text
func_004D5878	0x004D5878	0x20	text
func_004D5898	0x004D5898	0x38	text
func_004D58D0	0x004D58D0	0x80	text
func_004D5950	0x004D5950	0x90	text
func_004D59E0	0x004D59E0	0x28	text
func_004D5A08	0x004D5A08	0x188	text
func_004D5B90	0x004D5B90	0x20	text
func_004D5BB0	0x004D5BB0	0x20	text
func_004D5BD0	0x004D5BD0	0x20	text
func_004D5BF0	0x004D5BF0	0x30	text
func_004D5C20	0x004D5C20	0x10	text
func_004D5C30	0x004D5C30	0x150	text
func_004D5D80	0x004D5D80	0x28	text
func_004D5DA8	0x004D5DA8	0x68	text
func_004D5E10	0x004D5E10	0x38	text
func_004D5E48	0x004D5E48	0x120	text
func_004D5F68	0x004D5F68	0x68	text
func_004D5FD0	0x004D5FD0	0xC8	text
func_004D6098	0x004D6098	0xA8	text
func_004D6140	0x004D6140	0x38	text
func_004D6178	0x004D6178	0x88	text
func_004D6200	0x004D6200	0xF0	text
func_004D62F0	0x004D62F0	0x88	text
func_004D6378	0x004D6378	0x128	text
func_004D64A0	0x004D64A0	0x50	text
func_004D64F0	0x004D64F0	0x8E0	text
func_004D6DD0	0x004D6DD0	0x78	text
func_004D6E48	0x004D6E48	0x78	text
func_004D6EC0	0x004D6EC0	0x80	text
func_004D6F40	0x004D6F40	0x300	text
func_004D7240	0x004D7240	0x8	text
func_004D7248	0x004D7248	0x8	text
func_004D7250	0x004D7250	0x150	text
func_004D73A0	0x004D73A0	0x28	text
func_004D73C8	0x004D73C8	0x80	text
func_004D7448	0x004D7448	0x40	text
func_004D7488	0x004D7488	0x120	text
func_004D75A8	0x004D75A8	0x80	text
func_004D7628	0x004D7628	0x110	text
func_004D7738	0x004D7738	0x80	text
func_004D77B8	0x004D77B8	0x28	text
func_004D77E0	0x004D77E0	0x30	text
func_004D7810	0x004D7810	0x30	text
func_004D7840	0x004D7840	0xB0	text
func_004D78F0	0x004D78F0	0xA8	text
func_004D7998	0x004D7998	0x1D0	text
func_004D7B68	0x004D7B68	0x58	text
func_004D7BC0	0x004D7BC0	0x180	text
func_004D7D40	0x004D7D40	0x1A0	text
func_004D7EE0	0x004D7EE0	0x178	text
func_004D8058	0x004D8058	0x120	text
func_004D8178	0x004D8178	0x60	text
func_004D81D8	0x004D81D8	0x88	text
func_004D8260	0x004D8260	0x118	text
func_004D8378	0x004D8378	0x8	text
func_004D8380	0x004D8380	0x150	text
func_004D84D0	0x004D84D0	0x28	text
func_004D84F8	0x004D84F8	0x68	text
func_004D8560	0x004D8560	0x38	text
func_004D8598	0x004D8598	0xC0	text
func_004D8658	0x004D8658	0x58	text
func_004D86B0	0x004D86B0	0xC0	text
func_004D8770	0x004D8770	0xA8	text
func_004D8818	0x004D8818	0x30	text
func_004D8848	0x004D8848	0xE8	text
func_004D8930	0x004D8930	0x58	text
func_004D8988	0x004D8988	0x90	text
func_004D8A18	0x004D8A18	0xD8	text
func_004D8AF0	0x004D8AF0	0x88	text
func_004D8B78	0x004D8B78	0x8	text
func_004D8B80	0x004D8B80	0x150	text
func_004D8CD0	0x004D8CD0	0x28	text
func_004D8CF8	0x004D8CF8	0x68	text
func_004D8D60	0x004D8D60	0x38	text
func_004D8D98	0x004D8D98	0xC0	text
func_004D8E58	0x004D8E58	0x58	text
func_004D8EB0	0x004D8EB0	0xC0	text
func_004D8F70	0x004D8F70	0xA8	text
func_004D9018	0x004D9018	0x30	text
func_004D9048	0x004D9048	0x220	text
func_004D9268	0x004D9268	0x88	text
func_004D92F0	0x004D92F0	0x88	text
func_004D9378	0x004D9378	0x90	text
func_004D9408	0x004D9408	0xF0	text
func_004D94F8	0x004D94F8	0xC8	text
func_004D95C0	0x004D95C0	0x8	text
func_004D95C8	0x004D95C8	0x150	text
func_004D9718	0x004D9718	0x28	text
func_004D9740	0x004D9740	0x68	text
func_004D97A8	0x004D97A8	0x38	text
func_004D97E0	0x004D97E0	0xC0	text
func_004D98A0	0x004D98A0	0x58	text
func_004D98F8	0x004D98F8	0xC0	text
func_004D99B8	0x004D99B8	0x90	text
func_004D9A48	0x004D9A48	0xD8	text
func_004D9B20	0x004D9B20	0xA8	text
func_004D9BC8	0x004D9BC8	0x28	text
func_004D9BF0	0x004D9BF0	0xE8	text
func_004D9CD8	0x004D9CD8	0x58	text
func_004D9D30	0x004D9D30	0x88	text
func_004D9DB8	0x004D9DB8	0x8	text
func_004D9DC0	0x004D9DC0	0x60	text
func_004D9E20	0x004D9E20	0x28	text
func_004D9E48	0x004D9E48	0x68	text
func_004D9EB0	0x004D9EB0	0x290	text
func_004DA140	0x004DA140	0xB0	text
func_004DA1F0	0x004DA1F0	0xE8	text
func_004DA2D8	0x004DA2D8	0x310	text
func_004DA5E8	0x004DA5E8	0x158	text
func_004DA740	0x004DA740	0x220	text
func_004DA960	0x004DA960	0xC0	text
func_004DAA20	0x004DAA20	0x18	text
func_004DAA38	0x004DAA38	0x40	text
func_004DAA78	0x004DAA78	0x118	text
func_004DAB90	0x004DAB90	0x110	text
func_004DACA0	0x004DACA0	0x20	text
func_004DACC0	0x004DACC0	0x70	text
func_004DAD30	0x004DAD30	0xA8	text
func_004DADD8	0x004DADD8	0xB0	text
func_004DAE88	0x004DAE88	0x30	text
func_004DAEB8	0x004DAEB8	0x278	text
func_004DB130	0x004DB130	0x20	text
func_004DB150	0x004DB150	0x88	text
func_004DB1D8	0x004DB1D8	0x178	text
func_004DB350	0x004DB350	0x168	text
func_004DB4B8	0x004DB4B8	0x288	text
func_004DB740	0x004DB740	0x78	text
func_004DB7B8	0x004DB7B8	0x2D0	text
func_004DBA88	0x004DBA88	0x10	text
func_004DBA98	0x004DBA98	0x60	text
func_004DBAF8	0x004DBAF8	0x28	text
func_004DBB20	0x004DBB20	0x68	text
func_004DBB88	0x004DBB88	0x40	text
func_004DBBC8	0x004DBBC8	0xC8	text
func_004DBC90	0x004DBC90	0x58	text
func_004DBCE8	0x004DBCE8	0xD0	text
func_004DBDB8	0x004DBDB8	0xC0	text
func_004DBE78	0x004DBE78	0x20	text
func_004DBE98	0x004DBE98	0x28	text
func_004DBEC0	0x004DBEC0	0x2B8	text
func_004DC178	0x004DC178	0x88	text
func_004DC200	0x004DC200	0xC8	text
func_004DC2C8	0x004DC2C8	0x2A8	text
func_004DC570	0x004DC570	0x88	text
func_004DC5F8	0x004DC5F8	0x1E0	text
func_004DC7D8	0x004DC7D8	0xA8	text
func_004DC880	0x004DC880	0x30	text
func_004DC8B0	0x004DC8B0	0xF8	text
func_004DC9A8	0x004DC9A8	0x138	text
func_004DCAE0	0x004DCAE0	0xA0	text
func_004DCB80	0x004DCB80	0x20	text
func_004DCBA0	0x004DCBA0	0x8	text
func_004DCBA8	0x004DCBA8	0x90	text
func_004DCC38	0x004DCC38	0x68	text
func_004DCCA0	0x004DCCA0	0x18	text
func_004DCCB8	0x004DCCB8	0x1D8	text
func_004DCE90	0x004DCE90	0x2C0	text
func_004DD150	0x004DD150	0x3F8	text
func_004DD548	0x004DD548	0x2B0	text
func_004DD7F8	0x004DD7F8	0x28	text
func_004DD820	0x004DD820	0xD0	text
func_004DD8F0	0x004DD8F0	0x68	text
func_004DD958	0x004DD958	0x98	text
func_004DD9F0	0x004DD9F0	0x60	text
func_004DDA50	0x004DDA50	0xA8	text
func_004DDAF8	0x004DDAF8	0xC0	text
func_004DDBB8	0x004DDBB8	0xB0	text
func_004DDC68	0x004DDC68	0x108	text
func_004DDD70	0x004DDD70	0xB8	text
func_004DDE28	0x004DDE28	0xF0	text
func_004DDF18	0x004DDF18	0x78	text
func_004DDF90	0x004DDF90	0x58	text
func_004DDFE8	0x004DDFE8	0xE8	text
func_004DE0D0	0x004DE0D0	0x140	text
func_004DE210	0x004DE210	0x1A0	text
func_004DE3B0	0x004DE3B0	0x178	text
func_004DE528	0x004DE528	0xE0	text
func_004DE608	0x004DE608	0x20	text
func_004DE628	0x004DE628	0x10	text
func_004DE638	0x004DE638	0x138	text
func_004DE770	0x004DE770	0x8	text
func_004DE778	0x004DE778	0x108	text
func_004DE880	0x004DE880	0x260	text
func_004DEAE0	0x004DEAE0	0xC0	text
func_004DEBA0	0x004DEBA0	0x238	text
func_004DEDD8	0x004DEDD8	0x120	text
func_004DEEF8	0x004DEEF8	0x80	text
func_004DEF78	0x004DEF78	0x118	text
func_004DF090	0x004DF090	0x8	text
func_004DF098	0x004DF098	0x60	text
func_004DF0F8	0x004DF0F8	0x1C0	text
func_004DF2B8	0x004DF2B8	0x1B0	text
func_004DF468	0x004DF468	0x308	text
func_004DF770	0x004DF770	0xD8	text
func_004DF848	0x004DF848	0xA8	text
func_004DF8F0	0x004DF8F0	0xF8	text
func_004DF9E8	0x004DF9E8	0x100	text
func_004DFAE8	0x004DFAE8	0x1A8	text
func_004DFC90	0x004DFC90	0x148	text
func_004DFDD8	0x004DFDD8	0xF0	text
func_004DFEC8	0x004DFEC8	0x54	text
func_004DFF1C	0x004DFF1C	0xC	text
func_004DFF28	0x004DFF28	0x78	text
func_004DFFA0	0x004DFFA0	0xB8	text
func_004E0058	0x004E0058	0xF0	text
func_004E0148	0x004E0148	0x58	text
func_004E01A0	0x004E01A0	0x18	text
func_004E01B8	0x004E01B8	0x38	text
func_004E01F0	0x004E01F0	0x58	text
func_004E0248	0x004E0248	0x78	text
func_004E02C0	0x004E02C0	0x220	text
func_004E04E0	0x004E04E0	0x158	text
func_004E0638	0x004E0638	0x1E8	text
func_004E0820	0x004E0820	0x38	text
func_004E0858	0x004E0858	0x1120	text
func_004E1978	0x004E1978	0x58	text
func_004E19D0	0x004E19D0	0x8	text
func_004E19D8	0x004E19D8	0x80	text
func_004E1A58	0x004E1A58	0x90	text
func_004E1AE8	0x004E1AE8	0x30	text
func_004E1B18	0x004E1B18	0x20	text
func_004E1B38	0x004E1B38	0x20	text
func_004E1B58	0x004E1B58	0xA8	text
func_004E1C00	0x004E1C00	0x390	text
func_004E1F90	0x004E1F90	0xA8	text
func_004E2038	0x004E2038	0xE0	text
func_004E2118	0x004E2118	0xC0	text
func_004E21D8	0x004E21D8	0xA0	text
func_004E2278	0x004E2278	0x10	text
func_004E2288	0x004E2288	0xB0	text
func_004E2338	0x004E2338	0x50	text
func_004E2388	0x004E2388	0x18	text
func_004E23A0	0x004E23A0	0xA0	text
func_004E2440	0x004E2440	0x18	text
func_004E2458	0x004E2458	0x30	text
func_004E2488	0x004E2488	0x18	text
func_004E24A0	0x004E24A0	0x40	text
func_004E24E0	0x004E24E0	0x3C	text
func_004E251C	0x004E251C	0xC	text
func_004E2528	0x004E2528	0xC	text
func_004E2534	0x004E2534	0xC	text
func_004E2540	0x004E2540	0xC	text
func_004E254C	0x004E254C	0x8	text
func_004E2554	0x004E2554	0x14	text
func_004E2568	0x004E2568	0x68	text
func_004E25D0	0x004E25D0	0x18	text
func_004E25E8	0x004E25E8	0x308	text
func_004E28F0	0x004E28F0	0xA0	text
func_004E2990	0x004E2990	0xD8	text
func_004E2A68	0x004E2A68	0x90	text
func_004E2AF8	0x004E2AF8	0x48	text
func_004E2B40	0x004E2B40	0x148	text
func_004E2C88	0x004E2C88	0x98	text
func_004E2D20	0x004E2D20	0x110	text
func_004E2E30	0x004E2E30	0xA0	text
func_004E2ED0	0x004E2ED0	0x160	text
func_004E3030	0x004E3030	0x8	text
func_004E3038	0x004E3038	0xC08	text
func_004E3C40	0x004E3C40	0x168	text
func_004E3DA8	0x004E3DA8	0x250	text
func_004E3FF8	0x004E3FF8	0x8	text
func_004E4000	0x004E4000	0x8B8	text
func_004E48B8	0x004E48B8	0x108	text
func_004E49C0	0x004E49C0	0x10	text
func_004E49D0	0x004E49D0	0x168	text
func_004E4B38	0x004E4B38	0x10	text
func_004E4B48	0x004E4B48	0x108	text
func_004E4C50	0x004E4C50	0x88	text
func_004E4CD8	0x004E4CD8	0x60	text
func_004E4D38	0x004E4D38	0xB8	text
func_004E4DF0	0x004E4DF0	0xC8	text
func_004E4EB8	0x004E4EB8	0xE8	text
func_004E4FA0	0x004E4FA0	0xD0	text
func_004E5070	0x004E5070	0x4D8	text
func_004E5548	0x004E5548	0x8	text
func_004E5550	0x004E5550	0x40	text
func_004E5590	0x004E5590	0x28	text
func_004E55B8	0x004E55B8	0x8	text
func_004E55C0	0x004E55C0	0x78	text
func_004E5638	0x004E5638	0x5D8	text
func_004E5C10	0x004E5C10	0x428	text
func_004E6038	0x004E6038	0x10	text
func_004E6048	0x004E6048	0xF50	text
func_004E6F98	0x004E6F98	0x8	text
func_004E6FA0	0x004E6FA0	0x60	text
func_004E7000	0x004E7000	0x378	text
func_004E7378	0x004E7378	0x10	text
func_004E7388	0x004E7388	0x30	text
func_004E73B8	0x004E73B8	0x18	text
func_004E73D0	0x004E73D0	0x8	text
func_004E73D8	0x004E73D8	0x50	text
func_004E7428	0x004E7428	0x18	text
func_004E7440	0x004E7440	0x10	text
func_004E7450	0x004E7450	0xD0	text
func_004E7520	0x004E7520	0xB0	text
func_004E75D0	0x004E75D0	0x68	text
func_004E7638	0x004E7638	0x50	text
func_004E7688	0x004E7688	0x80	text
func_004E7708	0x004E7708	0x128	text
func_004E7830	0x004E7830	0x48	text
func_004E7878	0x004E7878	0x50	text
func_004E78C8	0x004E78C8	0x8	text
func_004E78D0	0x004E78D0	0xA8	text
func_004E7978	0x004E7978	0x18	text
func_004E7990	0x004E7990	0xD8	text
func_004E7A68	0x004E7A68	0x8	text
func_004E7A70	0x004E7A70	0x118	text
func_004E7B88	0x004E7B88	0x60	text
func_004E7BE8	0x004E7BE8	0x60	text
func_004E7C48	0x004E7C48	0x60	text
func_004E7CA8	0x004E7CA8	0x8	text
func_004E7CB0	0x004E7CB0	0xE0	text
func_004E7D90	0x004E7D90	0xC0	text
func_004E7E50	0x004E7E50	0x8	text
func_004E7E58	0x004E7E58	0x210	text
func_004E8068	0x004E8068	0x90	text
func_004E80F8	0x004E80F8	0x70	text
func_004E8168	0x004E8168	0x100	text
func_004E8268	0x004E8268	0x30	text
func_004E8298	0x004E8298	0x38	text
func_004E82D0	0x004E82D0	0x8	text
func_004E82D8	0x004E82D8	0x138	text
func_004E8410	0x004E8410	0x28	text
func_004E8438	0x004E8438	0x20	text
func_004E8458	0x004E8458	0x5A8	text
func_004E8A00	0x004E8A00	0x338	text
func_004E8D38	0x004E8D38	0x98	text
func_004E8DD0	0x004E8DD0	0x6C0	text
func_004E9490	0x004E9490	0x8	text
func_004E9498	0x004E9498	0x8C8	text
func_004E9D60	0x004E9D60	0x408	text
func_004EA168	0x004EA168	0x60	text
func_004EA1C8	0x004EA1C8	0x1A8	text
func_004EA370	0x004EA370	0x120	text
func_004EA490	0x004EA490	0x150	text
func_004EA5E0	0x004EA5E0	0x10	text
func_004EA5F0	0x004EA5F0	0x28	text
func_004EA618	0x004EA618	0x40	text
func_004EA658	0x004EA658	0x68	text
func_004EA6C0	0x004EA6C0	0x10	text
func_004EA6D0	0x004EA6D0	0xC0	text
func_004EA790	0x004EA790	0x30	text
func_004EA7C0	0x004EA7C0	0xF0	text
func_004EA8B0	0x004EA8B0	0x20	text
func_004EA8D0	0x004EA8D0	0x208	text
func_004EAAD8	0x004EAAD8	0x8	text
func_004EAAE0	0x004EAAE0	0x88	text
func_004EAB68	0x004EAB68	0x18	text
func_004EAB80	0x004EAB80	0x48	text
func_004EABC8	0x004EABC8	0x2C0	text
func_004EAE88	0x004EAE88	0xD0	text
func_004EAF58	0x004EAF58	0x60	text
func_004EAFB8	0x004EAFB8	0x300	text
func_004EB2B8	0x004EB2B8	0xD0	text
func_004EB388	0x004EB388	0x9A8	text
func_004EBD30	0x004EBD30	0x6C0	text
func_004EC3F0	0x004EC3F0	0x6D0	text
func_004ECAC0	0x004ECAC0	0x608	text
func_004ED0C8	0x004ED0C8	0x5C0	text
func_004ED688	0x004ED688	0x120	text
func_004ED7A8	0x004ED7A8	0x10	text
func_004ED7B8	0x004ED7B8	0x8	text
func_004ED7C0	0x004ED7C0	0x30	text
func_004ED7F0	0x004ED7F0	0x8	text
func_004ED7F8	0x004ED7F8	0x250	text
func_004EDA48	0x004EDA48	0x138	text
func_004EDB80	0x004EDB80	0xC8	text
func_004EDC48	0x004EDC48	0xA0	text
func_004EDCE8	0x004EDCE8	0x6C	text
func_004EDD54	0x004EDD54	0x2C	text
func_004EDD80	0x004EDD80	0x10	text
func_004EDD90	0x004EDD90	0x80	text
func_004EDE10	0x004EDE10	0x30	text
func_004EDE40	0x004EDE40	0x60	text
func_004EDEA0	0x004EDEA0	0x160	text
func_004EE000	0x004EE000	0x150	text
func_004EE150	0x004EE150	0xE0	text
func_004EE230	0x004EE230	0x18	text
func_004EE248	0x004EE248	0x120	text
func_004EE368	0x004EE368	0x8	text
func_004EE370	0x004EE370	0x80	text
func_004EE3F0	0x004EE3F0	0xB8	text
func_004EE4A8	0x004EE4A8	0x118	text
func_004EE5C0	0x004EE5C0	0x128	text
func_004EE6E8	0x004EE6E8	0x30	text
func_004EE718	0x004EE718	0x78	text
func_004EE790	0x004EE790	0x48	text
func_004EE7D8	0x004EE7D8	0x58	text
func_004EE830	0x004EE830	0x110	text
func_004EE940	0x004EE940	0x8	text
func_004EE948	0x004EE948	0x30	text
func_004EE978	0x004EE978	0x70	text
func_004EE9E8	0x004EE9E8	0x90	text
func_004EEA78	0x004EEA78	0x50	text
func_004EEAC8	0x004EEAC8	0x60	text
func_004EEB28	0x004EEB28	0x70	text
func_004EEB98	0x004EEB98	0x30	text
func_004EEBC8	0x004EEBC8	0x20	text
func_004EEBE8	0x004EEBE8	0x30	text
func_004EEC18	0x004EEC18	0x30	text
func_004EEC48	0x004EEC48	0x130	text
func_004EED78	0x004EED78	0x20	text
func_004EED98	0x004EED98	0x30	text
func_004EEDC8	0x004EEDC8	0xE8	text
func_004EEEB0	0x004EEEB0	0x1C8	text
func_004EF078	0x004EF078	0x368	text
func_004EF3E0	0x004EF3E0	0x28	text
func_004EF408	0x004EF408	0x28	text
func_004EF430	0x004EF430	0x1D8	text
func_004EF608	0x004EF608	0x98	text
func_004EF6A0	0x004EF6A0	0x8	text
func_004EF6A8	0x004EF6A8	0x28	text
func_004EF6D0	0x004EF6D0	0x98	text
func_004EF768	0x004EF768	0x20	text
func_004EF788	0x004EF788	0x8	text
func_004EF790	0x004EF790	0xA0	text
func_004EF830	0x004EF830	0x48	text
func_004EF878	0x004EF878	0x54	text
func_004EF8CC	0x004EF8CC	0x18	text
func_004EF8E4	0x004EF8E4	0x64	text
func_004EF948	0x004EF948	0xC0	text
func_004EFA08	0x004EFA08	0x2C	text
func_004EFA34	0x004EFA34	0x20	text
func_004EFA54	0x004EFA54	0xC	text
func_004EFA60	0x004EFA60	0x8	text
func_004EFA68	0x004EFA68	0x68	text
func_004EFAD0	0x004EFAD0	0x48	text
func_004EFB18	0x004EFB18	0x40	text
func_004EFB58	0x004EFB58	0x38	text
func_004EFB90	0x004EFB90	0x178	text
func_004EFD08	0x004EFD08	0x80	text
func_004EFD88	0x004EFD88	0xA0	text
func_004EFE28	0x004EFE28	0x188	text
func_004EFFB0	0x004EFFB0	0x270	text
func_004F0220	0x004F0220	0x8	text
func_004F0228	0x004F0228	0x1A8	text
func_004F03D0	0x004F03D0	0x1F0	text
func_004F05C0	0x004F05C0	0x40	text
func_004F0600	0x004F0600	0x50	text
func_004F0650	0x004F0650	0x10	text
func_004F0660	0x004F0660	0x118	text
func_004F0778	0x004F0778	0xD0	text
func_004F0848	0x004F0848	0x130	text
func_004F0978	0x004F0978	0x18	text
func_004F0990	0x004F0990	0x8	text
func_004F0998	0x004F0998	0x30	text
func_004F09C8	0x004F09C8	0x40	text
func_004F0A08	0x004F0A08	0x40	text
func_004F0A48	0x004F0A48	0x28	text
func_004F0A70	0x004F0A70	0x18	text
func_004F0A88	0x004F0A88	0x28	text
func_004F0AB0	0x004F0AB0	0xF0	text
func_004F0BA0	0x004F0BA0	0x3C	text
func_004F0BDC	0x004F0BDC	0xC	text
func_004F0BE8	0x004F0BE8	0x70	text
func_004F0C58	0x004F0C58	0x70	text
func_004F0CC8	0x004F0CC8	0x28	text
func_004F0CF0	0x004F0CF0	0x78	text
func_004F0D68	0x004F0D68	0x160	text
func_004F0EC8	0x004F0EC8	0xF0	text
func_004F0FB8	0x004F0FB8	0x58	text
func_004F1010	0x004F1010	0x1E8	text
func_004F11F8	0x004F11F8	0x110	text
func_004F1308	0x004F1308	0x310	text
func_004F1618	0x004F1618	0x58	text
func_004F1670	0x004F1670	0x50	text
func_004F16C0	0x004F16C0	0x58	text
func_004F1718	0x004F1718	0x130	text
func_004F1848	0x004F1848	0x108	text
func_004F1950	0x004F1950	0x198	text
func_004F1AE8	0x004F1AE8	0x100	text
func_004F1BE8	0x004F1BE8	0x8	text
func_004F1BF0	0x004F1BF0	0x20	text
func_004F1C10	0x004F1C10	0x20	text
func_004F1C30	0x004F1C30	0x20	text
func_004F1C50	0x004F1C50	0x8	text
func_004F1C58	0x004F1C58	0x38	text
func_004F1C90	0x004F1C90	0x10	text
func_004F1CA0	0x004F1CA0	0x8	text
func_004F1CA8	0x004F1CA8	0x10	text
func_004F1CB8	0x004F1CB8	0x40	text
func_004F1CF8	0x004F1CF8	0x20	text
func_004F1D18	0x004F1D18	0x8	text
func_004F1D20	0x004F1D20	0xD0	text
func_004F1DF0	0x004F1DF0	0x48	text
func_004F1E38	0x004F1E38	0x68	text
func_004F1EA0	0x004F1EA0	0x1A8	text
func_004F2048	0x004F2048	0x28	text
func_004F2070	0x004F2070	0x30	text
func_004F20A0	0x004F20A0	0x28	text
func_004F20C8	0x004F20C8	0x28	text
func_004F20F0	0x004F20F0	0x48	text
func_004F2138	0x004F2138	0x130	text
func_004F2268	0x004F2268	0x58	text
func_004F22C0	0x004F22C0	0x8	text
func_004F22C8	0x004F22C8	0x10	text
func_004F22D8	0x004F22D8	0x18	text
func_004F22F0	0x004F22F0	0x70	text
func_004F2360	0x004F2360	0x40	text
func_004F23A0	0x004F23A0	0x10	text
func_004F23B0	0x004F23B0	0x60	text
func_004F2410	0x004F2410	0x20	text
func_004F2430	0x004F2430	0x78	text
func_004F24A8	0x004F24A8	0x50	text
func_004F24F8	0x004F24F8	0x8	text
func_004F2500	0x004F2500	0x8	text
func_004F2508	0x004F2508	0x8	text
func_004F2510	0x004F2510	0x8	text
func_004F2518	0x004F2518	0x8	text
func_004F2520	0x004F2520	0x8	text
func_004F2528	0x004F2528	0x8	text
func_004F2530	0x004F2530	0x98	text
func_004F25C8	0x004F25C8	0x10	text
func_004F25D8	0x004F25D8	0xA8	text
func_004F2680	0x004F2680	0xA8	text
func_004F2728	0x004F2728	0xAF8	text
func_004F3220	0x004F3220	0x170	text
func_004F3390	0x004F3390	0xB0	text
func_004F3440	0x004F3440	0x28	text
func_004F3468	0x004F3468	0xD0	text
func_004F3538	0x004F3538	0x78	text
func_004F35B0	0x004F35B0	0x58	text
func_004F3608	0x004F3608	0x1F8	text
func_004F3800	0x004F3800	0x98	text
func_004F3898	0x004F3898	0x280	text
func_004F3B18	0x004F3B18	0x60	text
func_004F3B78	0x004F3B78	0x230	text
func_004F3DA8	0x004F3DA8	0x618	text
func_004F43C0	0x004F43C0	0x198	text
func_004F4558	0x004F4558	0x248	text
func_004F47A0	0x004F47A0	0x118	text
func_004F48B8	0x004F48B8	0x40	text
func_004F48F8	0x004F48F8	0x180	text
func_004F4A78	0x004F4A78	0x110	text
func_004F4B88	0x004F4B88	0x1A0	text
func_004F4D28	0x004F4D28	0xD8	text
func_004F4E00	0x004F4E00	0x58	text
func_004F4E58	0x004F4E58	0x30	text
func_004F4E88	0x004F4E88	0xE8	text
func_004F4F70	0x004F4F70	0x40	text
func_004F4FB0	0x004F4FB0	0x40	text
func_004F4FF0	0x004F4FF0	0x10	text
func_004F5000	0x004F5000	0x8	text
func_004F5008	0x004F5008	0x20	text
func_004F5028	0x004F5028	0xA8	text
func_004F50D0	0x004F50D0	0x8	text
func_004F50D8	0x004F50D8	0xA8	text
func_004F5180	0x004F5180	0x1D0	text
func_004F5350	0x004F5350	0x70	text
func_004F53C0	0x004F53C0	0x58	text
func_004F5418	0x004F5418	0x8	text
func_004F5420	0x004F5420	0x8	text
func_004F5428	0x004F5428	0x108	text
func_004F5530	0x004F5530	0xB0	text
func_004F55E0	0x004F55E0	0x40	text
func_004F5620	0x004F5620	0x50	text
func_004F5670	0x004F5670	0x8	text
func_004F5678	0x004F5678	0x30	text
func_004F56A8	0x004F56A8	0x58	text
func_004F5700	0x004F5700	0x168	text
func_004F5868	0x004F5868	0x28	text
func_004F5890	0x004F5890	0x218	text
func_004F5AA8	0x004F5AA8	0xA8	text
func_004F5B50	0x004F5B50	0x130	text
func_004F5C80	0x004F5C80	0x198	text
func_004F5E18	0x004F5E18	0x30	text
func_004F5E48	0x004F5E48	0x250	text
func_004F6098	0x004F6098	0x20	text
func_004F60B8	0x004F60B8	0x198	text
func_004F6250	0x004F6250	0x38	text
func_004F6288	0x004F6288	0x58	text
func_004F62E0	0x004F62E0	0x38	text
func_004F6318	0x004F6318	0x10	text
func_004F6328	0x004F6328	0x80	text
func_004F63A8	0x004F63A8	0x80	text
func_004F6428	0x004F6428	0x48	text
func_004F6470	0x004F6470	0x28	text
func_004F6498	0x004F6498	0x20	text
func_004F64B8	0x004F64B8	0x190	text
func_004F6648	0x004F6648	0x108	text
func_004F6750	0x004F6750	0x1F0	text
func_004F6940	0x004F6940	0x20	text
func_004F6960	0x004F6960	0x180	text
func_004F6AE0	0x004F6AE0	0x10	text
func_004F6AF0	0x004F6AF0	0x218	text
func_004F6D08	0x004F6D08	0x1F0	text
func_004F6EF8	0x004F6EF8	0x110	text
func_004F7008	0x004F7008	0x418	text
func_004F7420	0x004F7420	0x3A0	text
func_004F77C0	0x004F77C0	0x280	text
func_004F7A40	0x004F7A40	0x8	text
func_004F7A48	0x004F7A48	0x28	text
func_004F7A70	0x004F7A70	0x28	text
func_004F7A98	0x004F7A98	0x28	text
func_004F7AC0	0x004F7AC0	0x28	text
func_004F7AE8	0x004F7AE8	0x28	text
func_004F7B10	0x004F7B10	0x28	text
func_004F7B38	0x004F7B38	0x8	text
func_004F7B40	0x004F7B40	0x360	text
func_004F7EA0	0x004F7EA0	0x38	text
func_004F7ED8	0x004F7ED8	0xF8	text
func_004F7FD0	0x004F7FD0	0x8	text
func_004F7FD8	0x004F7FD8	0x200	text
func_004F81D8	0x004F81D8	0x8	text
func_004F81E0	0x004F81E0	0x48	text
func_004F8228	0x004F8228	0x8C	text
func_004F82B4	0x004F82B4	0x34C	text
func_004F8600	0x004F8600	0x10	text
func_004F8610	0x004F8610	0x90	text
func_004F86A0	0x004F86A0	0x4C	text
func_004F86EC	0x004F86EC	0x8	text
func_004F86F4	0x004F86F4	0x8	text
func_004F86FC	0x004F86FC	0xC	text
func_004F8708	0x004F8708	0x50	text
func_004F8758	0x004F8758	0x20	text
func_004F8778	0x004F8778	0x3E8	text
func_004F8B60	0x004F8B60	0x298	text
func_004F8DF8	0x004F8DF8	0xA8	text
func_004F8EA0	0x004F8EA0	0x90	text
func_004F8F30	0x004F8F30	0x3C0	text
func_004F92F0	0x004F92F0	0x390	text
func_004F9680	0x004F9680	0xE8	text
func_004F9768	0x004F9768	0x8	text
func_004F9770	0x004F9770	0x358	text
func_004F9AC8	0x004F9AC8	0x50	text
func_004F9B18	0x004F9B18	0x1A8	text
func_004F9CC0	0x004F9CC0	0x78	text
func_004F9D38	0x004F9D38	0x1F0	text
func_004F9F28	0x004F9F28	0x1D8	text
func_004FA100	0x004FA100	0x298	text
func_004FA398	0x004FA398	0x4A0	text
func_004FA838	0x004FA838	0x98	text
func_004FA8D0	0x004FA8D0	0x1D8	text
func_004FAAA8	0x004FAAA8	0xD8	text
func_004FAB80	0x004FAB80	0xB8	text
func_004FAC38	0x004FAC38	0x2D0	text
func_004FAF08	0x004FAF08	0xE0	text
func_004FAFE8	0x004FAFE8	0x228	text
func_004FB210	0x004FB210	0x2D0	text
func_004FB4E0	0x004FB4E0	0x380	text
func_004FB860	0x004FB860	0xE0	text
func_004FB940	0x004FB940	0x40	text
func_004FB980	0x004FB980	0x90	text
func_004FBA10	0x004FBA10	0x40	text
func_004FBA50	0x004FBA50	0x8	text
func_004FBA58	0x004FBA58	0x358	text
func_004FBDB0	0x004FBDB0	0x20	text
func_004FBDD0	0x004FBDD0	0x168	text
func_004FBF38	0x004FBF38	0x40	text
func_004FBF78	0x004FBF78	0x18	text
func_004FBF90	0x004FBF90	0x2C	text
func_004FBFBC	0x004FBFBC	0x14	text
func_004FBFD0	0x004FBFD0	0x190	text
func_004FC160	0x004FC160	0x128	text
func_004FC288	0x004FC288	0x10	text
func_004FC298	0x004FC298	0x28	text
func_004FC2C0	0x004FC2C0	0x50	text
func_004FC310	0x004FC310	0xF8	text
func_004FC408	0x004FC408	0x88	text
func_004FC490	0x004FC490	0x70	text
func_004FC500	0x004FC500	0x18	text
func_004FC518	0x004FC518	0x138	text
func_004FC650	0x004FC650	0x28	text
func_004FC678	0x004FC678	0x78	text
func_004FC6F0	0x004FC6F0	0x788	text
func_004FCE78	0x004FCE78	0x320	text
func_004FD198	0x004FD198	0xB0	text
func_004FD248	0x004FD248	0x858	text
func_004FDAA0	0x004FDAA0	0xA8	text
func_004FDB48	0x004FDB48	0x130	text
func_004FDC78	0x004FDC78	0x78	text
func_004FDCF0	0x004FDCF0	0x20	text
func_004FDD10	0x004FDD10	0x108	text
func_004FDE18	0x004FDE18	0x1E0	text
func_004FDFF8	0x004FDFF8	0x30	text
func_004FE028	0x004FE028	0x50	text
func_004FE078	0x004FE078	0x8	text
func_004FE080	0x004FE080	0x58	text
func_004FE0D8	0x004FE0D8	0x8	text
func_004FE0E0	0x004FE0E0	0x60	text
func_004FE140	0x004FE140	0x8	text
func_004FE148	0x004FE148	0x30	text
func_004FE178	0x004FE178	0x40	text
func_004FE1B8	0x004FE1B8	0x38	text
func_004FE1F0	0x004FE1F0	0x38	text
func_004FE228	0x004FE228	0x88	text
func_004FE2B0	0x004FE2B0	0x68	text
func_004FE318	0x004FE318	0x38	text
func_004FE350	0x004FE350	0x90	text
func_004FE3E0	0x004FE3E0	0x18	text
func_004FE3F8	0x004FE3F8	0x90	text
func_004FE488	0x004FE488	0x18	text
func_004FE4A0	0x004FE4A0	0x38	text
func_004FE4D8	0x004FE4D8	0x10	text
func_004FE4E8	0x004FE4E8	0x358	text
func_004FE840	0x004FE840	0x10	text
func_004FE850	0x004FE850	0x88	text
func_004FE8D8	0x004FE8D8	0x58	text
func_004FE930	0x004FE930	0x18	text
func_004FE948	0x004FE948	0x58	text
func_004FE9A0	0x004FE9A0	0x2B8	text
func_004FEC58	0x004FEC58	0x28	text
func_004FEC80	0x004FEC80	0x10	text
func_004FEC90	0x004FEC90	0x10	text
func_004FECA0	0x004FECA0	0x48	text
func_004FECE8	0x004FECE8	0x78	text
func_004FED60	0x004FED60	0x68	text
func_004FEDC8	0x004FEDC8	0x68	text
func_004FEE30	0x004FEE30	0x38	text
func_004FEE68	0x004FEE68	0x8	text
func_004FEE70	0x004FEE70	0x110	text
func_004FEF80	0x004FEF80	0x110	text
func_004FF090	0x004FF090	0xC0	text
func_004FF150	0x004FF150	0x370	text
func_004FF4C0	0x004FF4C0	0x30	text
func_004FF4F0	0x004FF4F0	0x48	text
func_004FF538	0x004FF538	0x30	text
func_004FF568	0x004FF568	0x8	text
func_004FF570	0x004FF570	0x8	text
func_004FF578	0x004FF578	0x2F8	text
func_004FF870	0x004FF870	0x10	text
func_004FF880	0x004FF880	0x18	text
func_004FF898	0x004FF898	0x10	text
func_004FF8A8	0x004FF8A8	0x28	text
func_004FF8D0	0x004FF8D0	0x10	text
func_004FF8E0	0x004FF8E0	0x10	text
func_004FF8F0	0x004FF8F0	0x10	text
func_004FF900	0x004FF900	0x10	text
func_004FF910	0x004FF910	0x20	text
func_004FF930	0x004FF930	0x10	text
func_004FF940	0x004FF940	0x108	text
func_004FFA48	0x004FFA48	0x128	text
func_004FFB70	0x004FFB70	0x10	text
func_004FFB80	0x004FFB80	0x18	text
func_004FFB98	0x004FFB98	0x30	text
func_004FFBC8	0x004FFBC8	0xA0	text
func_004FFC68	0x004FFC68	0x10	text
func_004FFC78	0x004FFC78	0x8	text
func_004FFC80	0x004FFC80	0xD8	text
func_004FFD58	0x004FFD58	0x8	text
func_004FFD60	0x004FFD60	0x90	text
func_004FFDF0	0x004FFDF0	0x8	text
func_004FFDF8	0x004FFDF8	0x30	text
func_004FFE28	0x004FFE28	0x60	text
func_004FFE88	0x004FFE88	0x58	text
func_004FFEE0	0x004FFEE0	0x3C8	text
func_005002A8	0x005002A8	0x1C8	text
func_00500470	0x00500470	0xB8	text
func_00500528	0x00500528	0x78	text
func_005005A0	0x005005A0	0x8	text
func_005005A8	0x005005A8	0x30	text
func_005005D8	0x005005D8	0x10	text
func_005005E8	0x005005E8	0x20	text
func_00500608	0x00500608	0x20	text
func_00500628	0x00500628	0x1F0	text
func_00500818	0x00500818	0x138	text
func_00500950	0x00500950	0x38	text
func_00500988	0x00500988	0x30	text
func_005009B8	0x005009B8	0x38	text
func_005009F0	0x005009F0	0x30	text
func_00500A20	0x00500A20	0x50	text
func_00500A70	0x00500A70	0x1C	text
func_00500A8C	0x00500A8C	0x14	text
func_00500AA0	0x00500AA0	0x48	text
func_00500AE8	0x00500AE8	0x40	text
func_00500B28	0x00500B28	0x1C	text
func_00500B44	0x00500B44	0x14	text
func_00500B58	0x00500B58	0xC8	text
func_00500C20	0x00500C20	0x38	text
func_00500C58	0x00500C58	0x30	text
func_00500C88	0x00500C88	0x18	text
func_00500CA0	0x00500CA0	0x8	text
func_00500CA8	0x00500CA8	0x40	text
func_00500CE8	0x00500CE8	0x8	text
func_00500CF0	0x00500CF0	0x20	text
func_00500D10	0x00500D10	0x20	text
func_00500D30	0x00500D30	0x30	text
func_00500D60	0x00500D60	0x8	text
func_00500D68	0x00500D68	0x88	text
func_00500DF0	0x00500DF0	0x10	text
func_00500E00	0x00500E00	0x20	text
func_00500E20	0x00500E20	0x40	text
func_00500E60	0x00500E60	0x8	text
func_00500E68	0x00500E68	0x68	text
func_00500ED0	0x00500ED0	0x30	text
func_00500F00	0x00500F00	0x70	text
func_00500F70	0x00500F70	0x90	text
func_00501000	0x00501000	0x90	text
func_00501090	0x00501090	0x50	text
func_005010E0	0x005010E0	0xB8	text
func_00501198	0x00501198	0x10	text
func_005011A8	0x005011A8	0x18	text
func_005011C0	0x005011C0	0x2C	text
func_005011EC	0x005011EC	0xC	text
func_005011F8	0x005011F8	0xD0	text
func_005012C8	0x005012C8	0x68	text
func_00501330	0x00501330	0x8	text
func_00501338	0x00501338	0x20	text
func_00501358	0x00501358	0x78	text
func_005013D0	0x005013D0	0x88	text
func_00501458	0x00501458	0x40	text
func_00501498	0x00501498	0x8	text
func_005014A0	0x005014A0	0x8	text
func_005014A8	0x005014A8	0x8	text
func_005014B0	0x005014B0	0x20	text
func_005014D0	0x005014D0	0x28	text
func_005014F8	0x005014F8	0x28	text
func_00501520	0x00501520	0x28	text
func_00501548	0x00501548	0x28	text
func_00501570	0x00501570	0x28	text
func_00501598	0x00501598	0x18	text
func_005015B0	0x005015B0	0x8	text
func_005015B8	0x005015B8	0x10	text
func_005015C8	0x005015C8	0x18	text
func_005015E0	0x005015E0	0x10	text
func_005015F0	0x005015F0	0x10	text
func_00501600	0x00501600	0x38	text
func_00501638	0x00501638	0xF8	text
func_00501730	0x00501730	0xE0	text
func_00501810	0x00501810	0x18	text
func_00501828	0x00501828	0x28	text
func_00501850	0x00501850	0x80	text
func_005018D0	0x005018D0	0x70	text
func_00501940	0x00501940	0x20	text
func_00501960	0x00501960	0x20	text
func_00501980	0x00501980	0x8	text
func_00501988	0x00501988	0x38	text
func_005019C0	0x005019C0	0x8	text
func_005019C8	0x005019C8	0xD8	text
func_00501AA0	0x00501AA0	0x68	text
func_00501B08	0x00501B08	0x20	text
func_00501B28	0x00501B28	0x20	text
func_00501B48	0x00501B48	0x58	text
func_00501BA0	0x00501BA0	0x28	text
func_00501BC8	0x00501BC8	0xF0	text
func_00501CB8	0x00501CB8	0xB8	text
func_00501D70	0x00501D70	0x60	text
func_00501DD0	0x00501DD0	0x28	text
func_00501DF8	0x00501DF8	0x28	text
func_00501E20	0x00501E20	0x138	text
func_00501F58	0x00501F58	0x10	text
func_00501F68	0x00501F68	0x4A8	text
func_00502410	0x00502410	0x30	text
func_00502440	0x00502440	0x8	text
func_00502448	0x00502448	0x8	text
func_00502450	0x00502450	0x8	text
func_00502458	0x00502458	0x8	text
func_00502460	0x00502460	0x8	text
func_00502468	0x00502468	0x10	text
func_00502478	0x00502478	0x58	text
func_005024D0	0x005024D0	0x40	text
func_00502510	0x00502510	0x228	text
func_00502738	0x00502738	0x98	text
func_005027D0	0x005027D0	0x10	text
func_005027E0	0x005027E0	0x68	text
func_00502848	0x00502848	0x78	text
func_005028C0	0x005028C0	0x70	text
func_00502930	0x00502930	0x10	text
func_00502940	0x00502940	0x90	text
func_005029D0	0x005029D0	0xB8	text
func_00502A88	0x00502A88	0x330	text
func_00502DB8	0x00502DB8	0x228	text
func_00502FE0	0x00502FE0	0x1F0	text
func_005031D0	0x005031D0	0x200	text
func_005033D0	0x005033D0	0x338	text
func_00503708	0x00503708	0x218	text
func_00503920	0x00503920	0x138	text
func_00503A58	0x00503A58	0x90	text
func_00503AE8	0x00503AE8	0x70	text
func_00503B58	0x00503B58	0x18	text
func_00503B70	0x00503B70	0x18	text
func_00503B88	0x00503B88	0xA8	text
func_00503C30	0x00503C30	0xD0	text
func_00503D00	0x00503D00	0x70	text
func_00503D70	0x00503D70	0x8	text
func_00503D78	0x00503D78	0xA0	text
func_00503E18	0x00503E18	0x58	text
func_00503E70	0x00503E70	0x8	text
func_00503E78	0x00503E78	0x60	text
func_00503ED8	0x00503ED8	0x8	text
func_00503EE0	0x00503EE0	0xC8	text
func_00503FA8	0x00503FA8	0x108	text
func_005040B0	0x005040B0	0x178	text
func_00504228	0x00504228	0x8	text
func_00504230	0x00504230	0x8	text
func_00504238	0x00504238	0xF8	text
func_00504330	0x00504330	0x8	text
func_00504338	0x00504338	0xB8	text
func_005043F0	0x005043F0	0xB8	text
func_005044A8	0x005044A8	0xA8	text
func_00504550	0x00504550	0xF8	text
func_00504648	0x00504648	0xF8	text
func_00504740	0x00504740	0xF8	text
func_00504838	0x00504838	0x8	text
func_00504840	0x00504840	0x70	text
func_005048B0	0x005048B0	0x8	text
func_005048B8	0x005048B8	0xF8	text
func_005049B0	0x005049B0	0x8	text
func_005049B8	0x005049B8	0xE8	text
func_00504AA0	0x00504AA0	0x8	text
func_00504AA8	0x00504AA8	0xE8	text
func_00504B90	0x00504B90	0xE8	text
func_00504C78	0x00504C78	0x8	text
func_00504C80	0x00504C80	0xE8	text
func_00504D68	0x00504D68	0xF8	text
func_00504E60	0x00504E60	0x8	text
func_00504E68	0x00504E68	0xF8	text
func_00504F60	0x00504F60	0x8	text
func_00504F68	0x00504F68	0xD8	text
func_00505040	0x00505040	0xD8	text
func_00505118	0x00505118	0x118	text
func_00505230	0x00505230	0x8	text
func_00505238	0x00505238	0xE8	text
func_00505320	0x00505320	0x8	text
func_00505328	0x00505328	0xE8	text
func_00505410	0x00505410	0xE8	text
func_005054F8	0x005054F8	0xE8	text
func_005055E0	0x005055E0	0xE8	text
func_005056C8	0x005056C8	0x118	text
func_005057E0	0x005057E0	0xF8	text
func_005058D8	0x005058D8	0x8	text
func_005058E0	0x005058E0	0xF8	text
func_005059D8	0x005059D8	0xE8	text
func_00505AC0	0x00505AC0	0x18	text
func_00505AD8	0x00505AD8	0x48	text
func_00505B20	0x00505B20	0x48	text
func_00505B68	0x00505B68	0x8	text
func_00505B70	0x00505B70	0x90	text
func_00505C00	0x00505C00	0x8	text
func_00505C08	0x00505C08	0x80	text
func_00505C88	0x00505C88	0x8	text
func_00505C90	0x00505C90	0x80	text
func_00505D10	0x00505D10	0x20	text
func_00505D30	0x00505D30	0x80	text
func_00505DB0	0x00505DB0	0x20	text
func_00505DD0	0x00505DD0	0xF0	text
func_00505EC0	0x00505EC0	0x10	text
func_00505ED0	0x00505ED0	0xC8	text
func_00505F98	0x00505F98	0xC8	text
func_00506060	0x00506060	0xC0	text
func_00506120	0x00506120	0xB8	text
func_005061D8	0x005061D8	0x180	text
func_00506358	0x00506358	0xB0	text
func_00506408	0x00506408	0xF0	text
func_005064F8	0x005064F8	0x10	text
func_00506508	0x00506508	0xC8	text
func_005065D0	0x005065D0	0x8	text
func_005065D8	0x005065D8	0x20	text
func_005065F8	0x005065F8	0xC8	text
func_005066C0	0x005066C0	0xC8	text
func_00506788	0x00506788	0x8	text
func_00506790	0x00506790	0xD0	text
func_00506860	0x00506860	0xD0	text
func_00506930	0x00506930	0x148	text
func_00506A78	0x00506A78	0xF8	text
func_00506B70	0x00506B70	0x20	text
func_00506B90	0x00506B90	0x18	text
func_00506BA8	0x00506BA8	0x90	text
func_00506C38	0x00506C38	0xD10	text
func_00507948	0x00507948	0x10	text
func_00507958	0x00507958	0x48	text
func_005079A0	0x005079A0	0x40	text
func_005079E0	0x005079E0	0x1C	text
func_005079FC	0x005079FC	0x14	text
func_00507A10	0x00507A10	0x40	text
func_00507A50	0x00507A50	0x1C	text
func_00507A6C	0x00507A6C	0x14	text
func_00507A80	0x00507A80	0x50	text
func_00507AD0	0x00507AD0	0x1C	text
func_00507AEC	0x00507AEC	0x14	text
func_00507B00	0x00507B00	0x40	text
func_00507B40	0x00507B40	0x1C	text
func_00507B5C	0x00507B5C	0x14	text
func_00507B70	0x00507B70	0x50	text
func_00507BC0	0x00507BC0	0x1C	text
func_00507BDC	0x00507BDC	0x14	text
func_00507BF0	0x00507BF0	0x40	text
func_00507C30	0x00507C30	0x1C	text
func_00507C4C	0x00507C4C	0x14	text
func_00507C60	0x00507C60	0x40	text
func_00507CA0	0x00507CA0	0x1C	text
func_00507CBC	0x00507CBC	0x14	text
func_00507CD0	0x00507CD0	0x40	text
func_00507D10	0x00507D10	0x1C	text
func_00507D2C	0x00507D2C	0x14	text
func_00507D40	0x00507D40	0x40	text
func_00507D80	0x00507D80	0x1C	text
func_00507D9C	0x00507D9C	0x14	text
func_00507DB0	0x00507DB0	0x40	text
func_00507DF0	0x00507DF0	0x1C	text
func_00507E0C	0x00507E0C	0x14	text
func_00507E20	0x00507E20	0x40	text
func_00507E60	0x00507E60	0x1C	text
func_00507E7C	0x00507E7C	0x14	text
func_00507E90	0x00507E90	0x40	text
func_00507ED0	0x00507ED0	0x1C	text
func_00507EEC	0x00507EEC	0x14	text
func_00507F00	0x00507F00	0x40	text
func_00507F40	0x00507F40	0x1C	text
func_00507F5C	0x00507F5C	0x14	text
func_00507F70	0x00507F70	0x50	text
func_00507FC0	0x00507FC0	0x1C	text
func_00507FDC	0x00507FDC	0x14	text
func_00507FF0	0x00507FF0	0x40	text
func_00508030	0x00508030	0x1C	text
func_0050804C	0x0050804C	0x14	text
func_00508060	0x00508060	0x40	text
func_005080A0	0x005080A0	0x1C	text
func_005080BC	0x005080BC	0x14	text
func_005080D0	0x005080D0	0x40	text
func_00508110	0x00508110	0x1C	text
func_0050812C	0x0050812C	0x14	text
func_00508140	0x00508140	0x40	text
func_00508180	0x00508180	0x1C	text
func_0050819C	0x0050819C	0x14	text
func_005081B0	0x005081B0	0x178	text
func_00508328	0x00508328	0x68	text
func_00508390	0x00508390	0xC0	text
func_00508450	0x00508450	0x68	text
func_005084B8	0x005084B8	0xC0	text
func_00508578	0x00508578	0x68	text
func_005085E0	0x005085E0	0x68	text
func_00508648	0x00508648	0x58	text
func_005086A0	0x005086A0	0xC0	text
func_00508760	0x00508760	0x58	text
func_005087B8	0x005087B8	0xC0	text
func_00508878	0x00508878	0x50	text
func_005088C8	0x005088C8	0xC0	text
func_00508988	0x00508988	0x58	text
func_005089E0	0x005089E0	0x68	text
func_00508A48	0x00508A48	0x68	text
func_00508AB0	0x00508AB0	0x50	text
func_00508B00	0x00508B00	0xC0	text
func_00508BC0	0x00508BC0	0x68	text
func_00508C28	0x00508C28	0x68	text
func_00508C90	0x00508C90	0x70	text
func_00508D00	0x00508D00	0xC0	text
func_00508DC0	0x00508DC0	0x68	text
func_00508E28	0x00508E28	0xC0	text
func_00508EE8	0x00508EE8	0x68	text
func_00508F50	0x00508F50	0x78	text
func_00508FC8	0x00508FC8	0xC0	text
func_00509088	0x00509088	0x68	text
func_005090F0	0x005090F0	0x50	text
func_00509140	0x00509140	0xE8	text
func_00509228	0x00509228	0xC0	text
func_005092E8	0x005092E8	0x50	text
func_00509338	0x00509338	0xD8	text
func_00509410	0x00509410	0x68	text
func_00509478	0x00509478	0x68	text
func_005094E0	0x005094E0	0x58	text
func_00509538	0x00509538	0x90	text
func_005095C8	0x005095C8	0xC0	text
func_00509688	0x00509688	0x68	text
func_005096F0	0x005096F0	0x68	text
func_00509758	0x00509758	0x68	text
func_005097C0	0x005097C0	0x70	text
func_00509830	0x00509830	0x68	text
func_00509898	0x00509898	0x68	text
func_00509900	0x00509900	0x78	text
func_00509978	0x00509978	0x68	text
func_005099E0	0x005099E0	0x50	text
func_00509A30	0x00509A30	0xE8	text
func_00509B18	0x00509B18	0x70	text
func_00509B88	0x00509B88	0xD8	text
func_00509C60	0x00509C60	0x60	text
func_00509CC0	0x00509CC0	0xD8	text
func_00509D98	0x00509D98	0x60	text
func_00509DF8	0x00509DF8	0x70	text
func_00509E68	0x00509E68	0x58	text
func_00509EC0	0x00509EC0	0x68	text
func_00509F28	0x00509F28	0x58	text
func_00509F80	0x00509F80	0x68	text
func_00509FE8	0x00509FE8	0x68	text
func_0050A050	0x0050A050	0x68	text
func_0050A0B8	0x0050A0B8	0x68	text
func_0050A120	0x0050A120	0x60	text
func_0050A180	0x0050A180	0x70	text
func_0050A1F0	0x0050A1F0	0x68	text
func_0050A258	0x0050A258	0x68	text
func_0050A2C0	0x0050A2C0	0x78	text
func_0050A338	0x0050A338	0x68	text
func_0050A3A0	0x0050A3A0	0x50	text
func_0050A3F0	0x0050A3F0	0xE8	text
func_0050A4D8	0x0050A4D8	0x88	text
func_0050A560	0x0050A560	0xC0	text
func_0050A620	0x0050A620	0x58	text
func_0050A678	0x0050A678	0x58	text
func_0050A6D0	0x0050A6D0	0x68	text
func_0050A738	0x0050A738	0x68	text
func_0050A7A0	0x0050A7A0	0x68	text
func_0050A808	0x0050A808	0x68	text
func_0050A870	0x0050A870	0x70	text
func_0050A8E0	0x0050A8E0	0x68	text
func_0050A948	0x0050A948	0x68	text
func_0050A9B0	0x0050A9B0	0x78	text
func_0050AA28	0x0050AA28	0x68	text
func_0050AA90	0x0050AA90	0x50	text
func_0050AAE0	0x0050AAE0	0xE8	text
func_0050ABC8	0x0050ABC8	0x68	text
func_0050AC30	0x0050AC30	0x68	text
func_0050AC98	0x0050AC98	0x68	text
func_0050AD00	0x0050AD00	0x68	text
func_0050AD68	0x0050AD68	0x68	text
func_0050ADD0	0x0050ADD0	0x60	text
func_0050AE30	0x0050AE30	0xC0	text
func_0050AEF0	0x0050AEF0	0x70	text
func_0050AF60	0x0050AF60	0x68	text
func_0050AFC8	0x0050AFC8	0x68	text
func_0050B030	0x0050B030	0x78	text
func_0050B0A8	0x0050B0A8	0x68	text
func_0050B110	0x0050B110	0x50	text
func_0050B160	0x0050B160	0x58	text
func_0050B1B8	0x0050B1B8	0xE8	text
func_0050B2A0	0x0050B2A0	0x68	text
func_0050B308	0x0050B308	0x68	text
func_0050B370	0x0050B370	0x68	text
func_0050B3D8	0x0050B3D8	0x68	text
func_0050B440	0x0050B440	0x60	text
func_0050B4A0	0x0050B4A0	0x70	text
func_0050B510	0x0050B510	0x68	text
func_0050B578	0x0050B578	0x68	text
func_0050B5E0	0x0050B5E0	0x78	text
func_0050B658	0x0050B658	0x68	text
func_0050B6C0	0x0050B6C0	0xE8	text
func_0050B7A8	0x0050B7A8	0x58	text
func_0050B800	0x0050B800	0x58	text
func_0050B858	0x0050B858	0x90	text
func_0050B8E8	0x0050B8E8	0xC0	text
func_0050B9A8	0x0050B9A8	0x58	text
func_0050BA00	0x0050BA00	0x50	text
func_0050BA50	0x0050BA50	0xC0	text
func_0050BB10	0x0050BB10	0x70	text
func_0050BB80	0x0050BB80	0x68	text
func_0050BBE8	0x0050BBE8	0x68	text
func_0050BC50	0x0050BC50	0x78	text
func_0050BCC8	0x0050BCC8	0x68	text
func_0050BD30	0x0050BD30	0x68	text
func_0050BD98	0x0050BD98	0x68	text
func_0050BE00	0x0050BE00	0x90	text
func_0050BE90	0x0050BE90	0x118	text
func_0050BFA8	0x0050BFA8	0xB0	text
func_0050C058	0x0050C058	0x38	text
func_0050C090	0x0050C090	0x70	text
func_0050C100	0x0050C100	0x1B0	text
func_0050C2B0	0x0050C2B0	0xB8	text
func_0050C368	0x0050C368	0x8	text
func_0050C370	0x0050C370	0x10C	text
func_0050C47C	0x0050C47C	0x34	text
func_0050C4B0	0x0050C4B0	0x30	text
func_0050C4E0	0x0050C4E0	0x50	text
func_0050C530	0x0050C530	0x30	text
func_0050C560	0x0050C560	0x8	text
func_0050C568	0x0050C568	0x8	text
func_0050C570	0x0050C570	0x50	text
func_0050C5C0	0x0050C5C0	0x70	text
func_0050C630	0x0050C630	0x8	text
func_0050C638	0x0050C638	0x108	text
func_0050C740	0x0050C740	0x20	text
func_0050C760	0x0050C760	0x8	text
func_0050C768	0x0050C768	0x70	text
func_0050C7D8	0x0050C7D8	0xF0	text
func_0050C8C8	0x0050C8C8	0xE0	text
func_0050C9A8	0x0050C9A8	0x118	text
func_0050CAC0	0x0050CAC0	0x1D8	text
func_0050CC98	0x0050CC98	0x118	text
func_0050CDB0	0x0050CDB0	0x70	text
func_0050CE20	0x0050CE20	0x14	text
func_0050CE34	0x0050CE34	0x14	text
func_0050CE48	0x0050CE48	0x10	text
func_0050CE58	0x0050CE58	0x18	text
func_0050CE70	0x0050CE70	0x2C0	text
func_0050D130	0x0050D130	0x150	text
func_0050D280	0x0050D280	0x8	text
func_0050D288	0x0050D288	0x40	text
func_0050D2C8	0x0050D2C8	0x20	text
func_0050D2E8	0x0050D2E8	0x60	text
func_0050D348	0x0050D348	0x70	text
func_0050D3B8	0x0050D3B8	0x48	text
func_0050D400	0x0050D400	0x8	text
func_0050D408	0x0050D408	0x650	text
func_0050DA58	0x0050DA58	0x18	text
func_0050DA70	0x0050DA70	0x38	text
func_0050DAA8	0x0050DAA8	0x30	text
func_0050DAD8	0x0050DAD8	0x8	text
func_0050DAE0	0x0050DAE0	0xA0	text
func_0050DB80	0x0050DB80	0x100	text
func_0050DC80	0x0050DC80	0x98	text
func_0050DD18	0x0050DD18	0x58	text
func_0050DD70	0x0050DD70	0x48	text
func_0050DDB8	0x0050DDB8	0x8	text
func_0050DDC0	0x0050DDC0	0x58	text
func_0050DE18	0x0050DE18	0x18	text
func_0050DE30	0x0050DE30	0x3D8	text
func_0050E208	0x0050E208	0x68	text
func_0050E270	0x0050E270	0x30	text
func_0050E2A0	0x0050E2A0	0x10	text
func_0050E2B0	0x0050E2B0	0xB0	text
func_0050E360	0x0050E360	0x90	text
func_0050E3F0	0x0050E3F0	0x18	text
func_0050E408	0x0050E408	0x18	text
func_0050E420	0x0050E420	0x18	text
func_0050E438	0x0050E438	0x38	text
func_0050E470	0x0050E470	0x370	text
func_0050E7E0	0x0050E7E0	0x208	text
func_0050E9E8	0x0050E9E8	0x18	text
func_0050EA00	0x0050EA00	0x48	text
func_0050EA48	0x0050EA48	0x30	text
func_0050EA78	0x0050EA78	0x8	text
func_0050EA80	0x0050EA80	0x80	text
func_0050EB00	0x0050EB00	0x1E8	text
func_0050ECE8	0x0050ECE8	0xA0	text
func_0050ED88	0x0050ED88	0x40	text
func_0050EDC8	0x0050EDC8	0x60	text
func_0050EE28	0x0050EE28	0x18	text
func_0050EE40	0x0050EE40	0x28	text
func_0050EE68	0x0050EE68	0x18	text
func_0050EE80	0x0050EE80	0x18	text
func_0050EE98	0x0050EE98	0x20	text
func_0050EEB8	0x0050EEB8	0x40	text
func_0050EEF8	0x0050EEF8	0x10	text
func_0050EF08	0x0050EF08	0x10	text
func_0050EF18	0x0050EF18	0x10	text
func_0050EF28	0x0050EF28	0x40	text
func_0050EF68	0x0050EF68	0x18	text
func_0050EF80	0x0050EF80	0x8	text
func_0050EF88	0x0050EF88	0x90	text
func_0050F018	0x0050F018	0x18	text
func_0050F030	0x0050F030	0x50	text
func_0050F080	0x0050F080	0x3B8	text
func_0050F438	0x0050F438	0x50	text
func_0050F488	0x0050F488	0x10	text
func_0050F498	0x0050F498	0x54	text
func_0050F4EC	0x0050F4EC	0x68	text
func_0050F554	0x0050F554	0x44	text
func_0050F598	0x0050F598	0xEC0	text
func_00510458	0x00510458	0xD0	text
func_00510528	0x00510528	0x48	text
func_00510570	0x00510570	0x30	text
func_005105A0	0x005105A0	0x78	text
func_00510618	0x00510618	0x48	text
func_00510660	0x00510660	0x8	text
func_00510668	0x00510668	0x228	text
func_00510890	0x00510890	0x100	text
func_00510990	0x00510990	0x18	text
func_005109A8	0x005109A8	0x78	text
func_00510A20	0x00510A20	0x48	text
func_00510A68	0x00510A68	0x10	text
func_00510A78	0x00510A78	0x20	text
func_00510A98	0x00510A98	0x30	text
func_00510AC8	0x00510AC8	0x2C	text
func_00510AF4	0x00510AF4	0x34	text
func_00510B28	0x00510B28	0x8	text
func_00510B30	0x00510B30	0x38	text
func_00510B68	0x00510B68	0x28	text
func_00510B90	0x00510B90	0x28	text
func_00510BB8	0x00510BB8	0x10	text
func_00510BC8	0x00510BC8	0x8	text
func_00510BD0	0x00510BD0	0x10	text
func_00510BE0	0x00510BE0	0x8	text
func_00510BE8	0x00510BE8	0x18	text
func_00510C00	0x00510C00	0x10	text
func_00510C10	0x00510C10	0x8	text
func_00510C18	0x00510C18	0x18	text
func_00510C30	0x00510C30	0x20	text
func_00510C50	0x00510C50	0x8	text
func_00510C58	0x00510C58	0x38	text
func_00510C90	0x00510C90	0x18	text
func_00510CA8	0x00510CA8	0x70	text
func_00510D18	0x00510D18	0x38	text
func_00510D50	0x00510D50	0x88	text
func_00510DD8	0x00510DD8	0x8	text
func_00510DE0	0x00510DE0	0x48	text
func_00510E28	0x00510E28	0x48	text
func_00510E70	0x00510E70	0x38	text
func_00510EA8	0x00510EA8	0x8	text
func_00510EB0	0x00510EB0	0x18	text
func_00510EC8	0x00510EC8	0x18	text
func_00510EE0	0x00510EE0	0xD8	text
func_00510FB8	0x00510FB8	0x48	text
func_00511000	0x00511000	0x34	text
func_00511034	0x00511034	0x14	text
func_00511048	0x00511048	0x18	text
func_00511060	0x00511060	0xF0	text
func_00511150	0x00511150	0x80	text
func_005111D0	0x005111D0	0xC8	text
func_00511298	0x00511298	0x30	text
func_005112C8	0x005112C8	0x48	text
func_00511310	0x00511310	0x8	text
func_00511318	0x00511318	0x58	text
func_00511370	0x00511370	0x8	text
func_00511378	0x00511378	0x8	text
func_00511380	0x00511380	0x8	text
func_00511388	0x00511388	0x8	text
func_00511390	0x00511390	0x8	text
func_00511398	0x00511398	0x74	text
func_0051140C	0x0051140C	0x3C	text
func_00511448	0x00511448	0x8	text
func_00511450	0x00511450	0xD0	text
func_00511520	0x00511520	0xC8	text
func_005115E8	0x005115E8	0x1028	text
func_00512610	0x00512610	0x40	text
func_00512650	0x00512650	0xF8	text
func_00512748	0x00512748	0x60	text
func_005127A8	0x005127A8	0x108	text
func_005128B0	0x005128B0	0x58	text
func_00512908	0x00512908	0x10	text
func_00512918	0x00512918	0x10	text
func_00512928	0x00512928	0x10	text
func_00512938	0x00512938	0x8	text
func_00512940	0x00512940	0xB0	text
func_005129F0	0x005129F0	0x310	text
func_00512D00	0x00512D00	0x8	text
func_00512D08	0x00512D08	0x48	text
func_00512D50	0x00512D50	0x70	text
func_00512DC0	0x00512DC0	0x1B0	text
func_00512F70	0x00512F70	0xA8	text
func_00513018	0x00513018	0x260	text
func_00513278	0x00513278	0x80	text
func_005132F8	0x005132F8	0xB8	text
func_005133B0	0x005133B0	0x18	text
func_005133C8	0x005133C8	0x1A0	text
func_00513568	0x00513568	0x8	text
func_00513570	0x00513570	0xB8	text
func_00513628	0x00513628	0xC0	text
func_005136E8	0x005136E8	0x68	text
func_00513750	0x00513750	0x328	text
func_00513A78	0x00513A78	0x30	text
func_00513AA8	0x00513AA8	0x10	text
func_00513AB8	0x00513AB8	0xD0	text
func_00513B88	0x00513B88	0x210	text
func_00513D98	0x00513D98	0x210	text
func_00513FA8	0x00513FA8	0x328	text
func_005142D0	0x005142D0	0x2A0	text
func_00514570	0x00514570	0x340	text
func_005148B0	0x005148B0	0x1A0	text
func_00514A50	0x00514A50	0x8	text
func_00514A58	0x00514A58	0x30	text
func_00514A88	0x00514A88	0x18	text
func_00514AA0	0x00514AA0	0x970	text
func_00515410	0x00515410	0x300	text
func_00515710	0x00515710	0x8	text
func_00515718	0x00515718	0x18	text
func_00515730	0x00515730	0x8	text
func_00515738	0x00515738	0x8	text
func_00515740	0x00515740	0x40	text
func_00515780	0x00515780	0x8	text
func_00515788	0x00515788	0x8	text
func_00515790	0x00515790	0x50	text
func_005157E0	0x005157E0	0x310	text
func_00515AF0	0x00515AF0	0x338	text
func_00515E28	0x00515E28	0x2B0	text
func_005160D8	0x005160D8	0x68	text
func_00516140	0x00516140	0x188	text
func_005162C8	0x005162C8	0x318	text
func_005165E0	0x005165E0	0x18	text
func_005165F8	0x005165F8	0x2E8	text
func_005168E0	0x005168E0	0x1C8	text
func_00516AA8	0x00516AA8	0x10	text
func_00516AB8	0x00516AB8	0x178	text
func_00516C30	0x00516C30	0xEB8	text
func_00517AE8	0x00517AE8	0x40	text
func_00517B28	0x00517B28	0x88	text
func_00517BB0	0x00517BB0	0x380	text
func_00517F30	0x00517F30	0x20	text
func_00517F50	0x00517F50	0x678	text
func_005185C8	0x005185C8	0x8	text
func_005185D0	0x005185D0	0x12E8	text
func_005198B8	0x005198B8	0x98	text
func_00519950	0x00519950	0x8	text
func_00519958	0x00519958	0x7B8	text
func_0051A110	0x0051A110	0x528	text
func_0051A638	0x0051A638	0x158	text
func_0051A790	0x0051A790	0x90	text
func_0051A820	0x0051A820	0x178	text
func_0051A998	0x0051A998	0x458	text
func_0051ADF0	0x0051ADF0	0x18	text
func_0051AE08	0x0051AE08	0x8	text
func_0051AE10	0x0051AE10	0x18	text
func_0051AE28	0x0051AE28	0xC8	text
func_0051AEF0	0x0051AEF0	0x8	text
func_0051AEF8	0x0051AEF8	0xE0	text
func_0051AFD8	0x0051AFD8	0x150	text
func_0051B128	0x0051B128	0x8	text
func_0051B130	0x0051B130	0x38	text
func_0051B168	0x0051B168	0x500	text
func_0051B668	0x0051B668	0xC8	text
func_0051B730	0x0051B730	0x338	text
func_0051BA68	0x0051BA68	0xD8	text
func_0051BB40	0x0051BB40	0x128	text
func_0051BC68	0x0051BC68	0x8	text
func_0051BC70	0x0051BC70	0x250	text
func_0051BEC0	0x0051BEC0	0x50	text
func_0051BF10	0x0051BF10	0xE0	text
func_0051BFF0	0x0051BFF0	0x68	text
func_0051C058	0x0051C058	0x200	text
func_0051C258	0x0051C258	0x500	text
func_0051C758	0x0051C758	0x1E8	text
func_0051C940	0x0051C940	0xCB8	text
func_0051D5F8	0x0051D5F8	0x8	text
func_0051D600	0x0051D600	0x60	text
func_0051D660	0x0051D660	0x8	text
func_0051D668	0x0051D668	0x58	text
func_0051D6C0	0x0051D6C0	0x538	text
func_0051DBF8	0x0051DBF8	0x5C0	text
func_0051E1B8	0x0051E1B8	0xC80	text
func_0051EE38	0x0051EE38	0x178	text
func_0051EFB0	0x0051EFB0	0x9B8	text
func_0051F968	0x0051F968	0x200	text
func_0051FB68	0x0051FB68	0x18	text
func_0051FB80	0x0051FB80	0xB8	text
func_0051FC38	0x0051FC38	0x70	text
func_0051FCA8	0x0051FCA8	0x28	text
func_0051FCD0	0x0051FCD0	0x28	text
func_0051FCF8	0x0051FCF8	0x20	text
func_0051FD18	0x0051FD18	0x58	text
func_0051FD70	0x0051FD70	0x30	text
func_0051FDA0	0x0051FDA0	0x18	text
func_0051FDB8	0x0051FDB8	0x8	text
func_0051FDC0	0x0051FDC0	0x900	text
func_005206C0	0x005206C0	0x220	text
func_005208E0	0x005208E0	0x238	text
func_00520B18	0x00520B18	0x550	text
func_00521068	0x00521068	0x10	text
func_00521078	0x00521078	0x38	text
func_005210B0	0x005210B0	0x1A0	text
func_00521250	0x00521250	0xA0	text
func_005212F0	0x005212F0	0x34	text
func_00521324	0x00521324	0x10	text
func_00521334	0x00521334	0x24	text
func_00521358	0x00521358	0x9C	text
func_005213F4	0x005213F4	0xBC	text
func_005214B0	0x005214B0	0x270	text
func_00521720	0x00521720	0xF8	text
func_00521818	0x00521818	0x698	text
func_00521EB0	0x00521EB0	0x268	text
func_00522118	0x00522118	0x268	text
func_00522380	0x00522380	0xB8	text
func_00522438	0x00522438	0x198	text
func_005225D0	0x005225D0	0x130	text
func_00522700	0x00522700	0x168	text
func_00522868	0x00522868	0xB8	text
func_00522920	0x00522920	0x8	text
func_00522928	0x00522928	0x78	text
func_005229A0	0x005229A0	0x40	text
func_005229E0	0x005229E0	0x50	text
func_00522A30	0x00522A30	0xC8	text
func_00522AF8	0x00522AF8	0x100	text
func_00522BF8	0x00522BF8	0x78	text
func_00522C70	0x00522C70	0x90	text
func_00522D00	0x00522D00	0x118	text
func_00522E18	0x00522E18	0x18	text
func_00522E30	0x00522E30	0x8	text
func_00522E38	0x00522E38	0x258	text
func_00523090	0x00523090	0x178	text
func_00523208	0x00523208	0x8	text
func_00523210	0x00523210	0xB0	text
func_005232C0	0x005232C0	0x4C0	text
func_00523780	0x00523780	0x248	text
func_005239C8	0x005239C8	0x138	text
func_00523B00	0x00523B00	0x40	text
func_00523B40	0x00523B40	0x680	text
func_005241C0	0x005241C0	0x1C8	text
func_00524388	0x00524388	0xB8	text
func_00524440	0x00524440	0x240	text
func_00524680	0x00524680	0x1B8	text
func_00524838	0x00524838	0x130	text
func_00524968	0x00524968	0x220	text
func_00524B88	0x00524B88	0x18	text
func_00524BA0	0x00524BA0	0x44	text
func_00524BE4	0x00524BE4	0xC	text
func_00524BF0	0x00524BF0	0xB0	text
func_00524CA0	0x00524CA0	0x120	text
func_00524DC0	0x00524DC0	0xB0	text
func_00524E70	0x00524E70	0xD0	text
func_00524F40	0x00524F40	0x100	text
func_00525040	0x00525040	0xD8	text
func_00525118	0x00525118	0x8	text
func_00525120	0x00525120	0x28	text
func_00525148	0x00525148	0x14	text
func_0052515C	0x0052515C	0x8	text
func_00525164	0x00525164	0xC	text
func_00525170	0x00525170	0x20	text
func_00525190	0x00525190	0x34	text
func_005251C4	0x005251C4	0x8C	text
func_00525250	0x00525250	0x400	text
func_00525650	0x00525650	0x20	text
func_00525670	0x00525670	0x70	text
func_005256E0	0x005256E0	0x228	text
func_00525908	0x00525908	0x8	text
func_00525910	0x00525910	0x2E8	text
func_00525BF8	0x00525BF8	0x8	text
func_00525C00	0x00525C00	0x38	text
func_00525C38	0x00525C38	0x20	text
func_00525C58	0x00525C58	0x50	text
func_00525CA8	0x00525CA8	0x8	text
func_00525CB0	0x00525CB0	0x180	text
func_00525E30	0x00525E30	0xB0	text
func_00525EE0	0x00525EE0	0x1B0	text
func_00526090	0x00526090	0x350	text
func_005263E0	0x005263E0	0x88	text
func_00526468	0x00526468	0x8	text
func_00526470	0x00526470	0x1C	text
func_0052648C	0x0052648C	0x8C	text
func_00526518	0x00526518	0x820	text
func_00526D38	0x00526D38	0x88	text
func_00526DC0	0x00526DC0	0xC0	text
func_00526E80	0x00526E80	0xA0	text
func_00526F20	0x00526F20	0xB8	text
func_00526FD8	0x00526FD8	0x70	text
func_00527048	0x00527048	0x8	text
func_00527050	0x00527050	0x170	text
func_005271C0	0x005271C0	0x28	text
func_005271E8	0x005271E8	0x128	text
func_00527310	0x00527310	0x30	text
func_00527340	0x00527340	0x2C	text
func_0052736C	0x0052736C	0x14	text
func_00527380	0x00527380	0x28	text
func_005273A8	0x005273A8	0x8	text
func_005273B0	0x005273B0	0x8	text
func_005273B8	0x005273B8	0x38	text
func_005273F0	0x005273F0	0x8	text
func_005273F8	0x005273F8	0x38	text
func_00527430	0x00527430	0x28	text
func_00527458	0x00527458	0x28	text
func_00527480	0x00527480	0x8	text
func_00527488	0x00527488	0x4670	text
func_0052BAF8	0x0052BAF8	0x748	text
func_0052C240	0x0052C240	0x968	text
func_0052CBA8	0x0052CBA8	0x9F0	text
func_0052D598	0x0052D598	0xBF0	text
func_0052E188	0x0052E188	0x680	text
func_0052E808	0x0052E808	0x5E0	text
func_0052EDE8	0x0052EDE8	0x668	text
func_0052F450	0x0052F450	0x198	text
func_0052F5E8	0x0052F5E8	0xC10	text
func_005301F8	0x005301F8	0x4820	text
func_00534A18	0x00534A18	0x220	text
func_00534C38	0x00534C38	0x8	text
func_00534C40	0x00534C40	0x130	text
func_00534D70	0x00534D70	0x6750	text
func_0053B4C0	0x0053B4C0	0xB8	text
func_0053B578	0x0053B578	0xE60	text
func_0053C3D8	0x0053C3D8	0x428	text
func_0053C800	0x0053C800	0xC0	text
func_0053C8C0	0x0053C8C0	0x38	text
func_0053C8F8	0x0053C8F8	0x8	text
func_0053C900	0x0053C900	0x20	text
func_0053C920	0x0053C920	0xC8	text
func_0053C9E8	0x0053C9E8	0x8	text
func_0053C9F0	0x0053C9F0	0x50	text
func_0053CA40	0x0053CA40	0x20	text
func_0053CA60	0x0053CA60	0x20	text
func_0053CA80	0x0053CA80	0x20	text
func_0053CAA0	0x0053CAA0	0x8	text
func_0053CAA8	0x0053CAA8	0x78	text
func_0053CB20	0x0053CB20	0x50	text
func_0053CB70	0x0053CB70	0x60	text
func_0053CBD0	0x0053CBD0	0x80	text
func_0053CC50	0x0053CC50	0x8	text
func_0053CC58	0x0053CC58	0x30	text
func_0053CC88	0x0053CC88	0x58	text
func_0053CCE0	0x0053CCE0	0x10	text
func_0053CCF0	0x0053CCF0	0xB8	text
func_0053CDA8	0x0053CDA8	0x1B8	text
func_0053CF60	0x0053CF60	0x270	text
func_0053D1D0	0x0053D1D0	0x280	text
func_0053D450	0x0053D450	0x290	text
func_0053D6E0	0x0053D6E0	0x108	text
func_0053D7E8	0x0053D7E8	0x8E8	text
func_0053E0D0	0x0053E0D0	0x8	text
func_0053E0D8	0x0053E0D8	0x2C	text
func_0053E104	0x0053E104	0x14	text
func_0053E118	0x0053E118	0x38	text
func_0053E150	0x0053E150	0x8	text
func_0053E158	0x0053E158	0xE38	text
func_0053EF90	0x0053EF90	0x2C8	text
func_0053F258	0x0053F258	0x2E0	text
func_0053F538	0x0053F538	0x18	text
func_0053F550	0x0053F550	0x14	text
func_0053F564	0x0053F564	0x24	text
func_0053F588	0x0053F588	0x8	text
func_0053F590	0x0053F590	0x40	text
func_0053F5D0	0x0053F5D0	0x30	text
func_0053F600	0x0053F600	0xB0	text
func_0053F6B0	0x0053F6B0	0x320	text
func_0053F9D0	0x0053F9D0	0x8	text
func_0053F9D8	0x0053F9D8	0x98	text
func_0053FA70	0x0053FA70	0x28	text
func_0053FA98	0x0053FA98	0x8	text
func_0053FAA0	0x0053FAA0	0x8	text
func_0053FAA8	0x0053FAA8	0x20	text
func_0053FAC8	0x0053FAC8	0xA0	text
func_0053FB68	0x0053FB68	0x30	text
func_0053FB98	0x0053FB98	0x10	text
func_0053FBA8	0x0053FBA8	0xF8	text
func_0053FCA0	0x0053FCA0	0xA8	text
func_0053FD48	0x0053FD48	0x58	text
func_0053FDA0	0x0053FDA0	0x108	text
func_0053FEA8	0x0053FEA8	0x228	text
func_005400D0	0x005400D0	0x1D8	text
func_005402A8	0x005402A8	0x60	text
func_00540308	0x00540308	0x348	text
func_00540650	0x00540650	0xB0	text
func_00540700	0x00540700	0x70	text
func_00540770	0x00540770	0x68	text
func_005407D8	0x005407D8	0x80	text
func_00540858	0x00540858	0xC0	text
func_00540918	0x00540918	0xD8	text
func_005409F0	0x005409F0	0xA0	text
func_00540A90	0x00540A90	0x20	text
func_00540AB0	0x00540AB0	0x28	text
func_00540AD8	0x00540AD8	0x8	text
func_00540AE0	0x00540AE0	0x60	text
func_00540B40	0x00540B40	0x518	text
func_00541058	0x00541058	0x248	text
func_005412A0	0x005412A0	0x730	text
func_005419D0	0x005419D0	0x168	text
func_00541B38	0x00541B38	0x30	text
func_00541B68	0x00541B68	0x320	text
func_00541E88	0x00541E88	0x248	text
func_005420D0	0x005420D0	0x98	text
func_00542168	0x00542168	0x1060	text
func_005431C8	0x005431C8	0x170	text
func_00543338	0x00543338	0x60	text
func_00543398	0x00543398	0x48	text
func_005433E0	0x005433E0	0xBD0	text
func_00543FB0	0x00543FB0	0x598	text
func_00544548	0x00544548	0xED8	text
func_00545420	0x00545420	0xB8	text
func_005454D8	0x005454D8	0x2A0	text
func_00545778	0x00545778	0xCC	text
func_00545844	0x00545844	0x174	text
func_005459B8	0x005459B8	0xF88	text
func_00546940	0x00546940	0x78	text
func_005469B8	0x005469B8	0x68	text
func_00546A20	0x00546A20	0x40	text
func_00546A60	0x00546A60	0x8	text
func_00546A68	0x00546A68	0x150	text
func_00546BB8	0x00546BB8	0x8	text
func_00546BC0	0x00546BC0	0x28	text
func_00546BE8	0x00546BE8	0x60	text
func_00546C48	0x00546C48	0x148	text
func_00546D90	0x00546D90	0x218	text
func_00546FA8	0x00546FA8	0x208	text
func_005471B0	0x005471B0	0x1D0	text
func_00547380	0x00547380	0x2F0	text
func_00547670	0x00547670	0x380	text
func_005479F0	0x005479F0	0x50	text
func_00547A40	0x00547A40	0x58	text
func_00547A98	0x00547A98	0x24	text
func_00547ABC	0x00547ABC	0xC	text
func_00547AC8	0x00547AC8	0x40	text
func_00547B08	0x00547B08	0x88	text
func_00547B90	0x00547B90	0x20	text
func_00547BB0	0x00547BB0	0x18	text
func_00547BC8	0x00547BC8	0x2C	text
func_00547BF4	0x00547BF4	0xC	text
func_00547C00	0x00547C00	0x10	text
func_00547C10	0x00547C10	0x80	text
func_00547C90	0x00547C90	0xC8	text
func_00547D58	0x00547D58	0x18	text
func_00547D70	0x00547D70	0x28	text
func_00547D98	0x00547D98	0x30	text
func_00547DC8	0x00547DC8	0x38	text
func_00547E00	0x00547E00	0x30	text
func_00547E30	0x00547E30	0x98	text
func_00547EC8	0x00547EC8	0x90	text
func_00547F58	0x00547F58	0xA0	text
func_00547FF8	0x00547FF8	0x20	text
func_00548018	0x00548018	0x28	text
func_00548040	0x00548040	0x38	text
func_00548078	0x00548078	0x30	text
func_005480A8	0x005480A8	0x100	text
func_005481A8	0x005481A8	0xD8	text
func_00548280	0x00548280	0x118	text
func_00548398	0x00548398	0x80	text
func_00548418	0x00548418	0x60	text
func_00548478	0x00548478	0x50	text
func_005484C8	0x005484C8	0x50	text
func_00548518	0x00548518	0x30	text
func_00548548	0x00548548	0x8	text
func_00548550	0x00548550	0x30	text
func_00548580	0x00548580	0xA0	text
func_00548620	0x00548620	0x3F0	text
func_00548A10	0x00548A10	0x8	text
func_00548A18	0x00548A18	0xE8	text
func_00548B00	0x00548B00	0x220	text
func_00548D20	0x00548D20	0x8	text
func_00548D28	0x00548D28	0x28	text
func_00548D50	0x00548D50	0x18	text
func_00548D68	0x00548D68	0x38	text
func_00548DA0	0x00548DA0	0x38	text
func_00548DD8	0x00548DD8	0x20	text
func_00548DF8	0x00548DF8	0x150	text
func_00548F48	0x00548F48	0x90	text
func_00548FD8	0x00548FD8	0x58	text
func_00549030	0x00549030	0x8	text
func_00549038	0x00549038	0xC8	text
func_00549100	0x00549100	0x330	text
func_00549430	0x00549430	0x28	text
func_00549458	0x00549458	0x3E8	text
func_00549840	0x00549840	0x1F8	text
func_00549A38	0x00549A38	0xB0	text
func_00549AE8	0x00549AE8	0x18	text
func_00549B00	0x00549B00	0x18	text
func_00549B18	0x00549B18	0x18	text
func_00549B30	0x00549B30	0x8	text
func_00549B38	0x00549B38	0x80	text
func_00549BB8	0x00549BB8	0x18	text
func_00549BD0	0x00549BD0	0x8	text
func_00549BD8	0x00549BD8	0x34	text
func_00549C0C	0x00549C0C	0xC	text
func_00549C18	0x00549C18	0x88	text
func_00549CA0	0x00549CA0	0x80	text
func_00549D20	0x00549D20	0xA0	text
func_00549DC0	0x00549DC0	0x148	text
func_00549F08	0x00549F08	0xC8	text
func_00549FD0	0x00549FD0	0x60	text
func_0054A030	0x0054A030	0x8	text
func_0054A038	0x0054A038	0x88	text
func_0054A0C0	0x0054A0C0	0xD0	text
func_0054A190	0x0054A190	0xD0	text
func_0054A260	0x0054A260	0x8	text
func_0054A268	0x0054A268	0x28	text
func_0054A290	0x0054A290	0xE0	text
func_0054A370	0x0054A370	0x90	text
func_0054A400	0x0054A400	0xA0	text
func_0054A4A0	0x0054A4A0	0xE0	text
func_0054A580	0x0054A580	0x88	text
func_0054A608	0x0054A608	0x80	text
func_0054A688	0x0054A688	0x80	text
func_0054A708	0x0054A708	0x80	text
func_0054A788	0x0054A788	0x18	text
func_0054A7A0	0x0054A7A0	0x40	text
func_0054A7E0	0x0054A7E0	0x30	text
func_0054A810	0x0054A810	0x40	text
func_0054A850	0x0054A850	0x20	text
func_0054A870	0x0054A870	0x20	text
func_0054A890	0x0054A890	0x20	text
func_0054A8B0	0x0054A8B0	0xD0	text
func_0054A980	0x0054A980	0x18	text
func_0054A998	0x0054A998	0x18	text
func_0054A9B0	0x0054A9B0	0x18	text
func_0054A9C8	0x0054A9C8	0x8	text
func_0054A9D0	0x0054A9D0	0x28	text
func_0054A9F8	0x0054A9F8	0x8	text
func_0054AA00	0x0054AA00	0x30	text
func_0054AA30	0x0054AA30	0x28	text
func_0054AA58	0x0054AA58	0x48	text
func_0054AAA0	0x0054AAA0	0x38	text
func_0054AAD8	0x0054AAD8	0x30	text
func_0054AB08	0x0054AB08	0x38	text
func_0054AB40	0x0054AB40	0x24	text
func_0054AB64	0x0054AB64	0x14	text
func_0054AB78	0x0054AB78	0x20	text
func_0054AB98	0x0054AB98	0x50	text
func_0054ABE8	0x0054ABE8	0x38	text
func_0054AC20	0x0054AC20	0x38	text
func_0054AC58	0x0054AC58	0x90	text
func_0054ACE8	0x0054ACE8	0xE0	text
func_0054ADC8	0x0054ADC8	0x9C	text
func_0054AE64	0x0054AE64	0x34	text
func_0054AE98	0x0054AE98	0x8	text
func_0054AEA0	0x0054AEA0	0xA8	text
func_0054AF48	0x0054AF48	0x70	text
func_0054AFB8	0x0054AFB8	0x48	text
func_0054B000	0x0054B000	0x10	text
func_0054B010	0x0054B010	0x90	text
func_0054B0A0	0x0054B0A0	0xB0	text
func_0054B150	0x0054B150	0x130	text
func_0054B280	0x0054B280	0x38	text
func_0054B2B8	0x0054B2B8	0xC0	text
func_0054B378	0x0054B378	0x230	text
func_0054B5A8	0x0054B5A8	0x20	text
func_0054B5C8	0x0054B5C8	0x370	text
func_0054B938	0x0054B938	0x910	text
func_0054C248	0x0054C248	0x170	text
func_0054C3B8	0x0054C3B8	0x10	text
func_0054C3C8	0x0054C3C8	0x4E8	text
func_0054C8B0	0x0054C8B0	0x330	text
func_0054CBE0	0x0054CBE0	0x80	text
func_0054CC60	0x0054CC60	0x220	text
func_0054CE80	0x0054CE80	0x68	text
func_0054CEE8	0x0054CEE8	0x3F8	text
func_0054D2E0	0x0054D2E0	0xC8	text
func_0054D3A8	0x0054D3A8	0x58	text
func_0054D400	0x0054D400	0x1A8	text
func_0054D5A8	0x0054D5A8	0x38	text
func_0054D5E0	0x0054D5E0	0xF8	text
func_01E9A000	0x01E9A000	0xF0	net_text
func_01E9A0F0	0x01E9A0F0	0x80	net_text
func_01E9A170	0x01E9A170	0x13C	net_text
func_01E9A2B0	0x01E9A2B0	0xB0	net_text
func_01E9A360	0x01E9A360	0x140	net_text
func_01E9A4A0	0x01E9A4A0	0xF0	net_text
func_01E9A590	0x01E9A590	0x88	net_text
func_01E9A618	0x01E9A618	0x118	net_text
func_01E9A730	0x01E9A730	0x94	net_text
func_01E9A7C8	0x01E9A7C8	0x8C	net_text
func_01E9A858	0x01E9A858	0x150	net_text
func_01E9A9A8	0x01E9A9A8	0xCC	net_text
func_01E9AA78	0x01E9AA78	0x4C	net_text
func_01E9AAC8	0x01E9AAC8	0x84	net_text
func_01E9AB50	0x01E9AB50	0x15C	net_text
func_01E9ACB0	0x01E9ACB0	0x48	net_text
func_01E9ACF8	0x01E9ACF8	0x7C	net_text
func_01E9AD78	0x01E9AD78	0xB8	net_text
func_01E9AE30	0x01E9AE30	0x18	net_text
func_01E9AE48	0x01E9AE48	0x29C	net_text
func_01E9B0F0	0x01E9B0F0	0x14C	net_text
func_01E9B240	0x01E9B240	0x28	net_text
func_01E9B268	0x01E9B268	0x28	net_text
func_01E9B290	0x01E9B290	0x3C	net_text
func_01E9B2D0	0x01E9B2D0	0x18C	net_text
func_01E9B460	0x01E9B460	0x8	net_text
func_01E9B468	0x01E9B468	0x1D8	net_text
func_01E9B640	0x01E9B640	0xC0	net_text
func_01E9B700	0x01E9B700	0x84	net_text
func_01E9B788	0x01E9B788	0xB0	net_text
func_01E9B838	0x01E9B838	0x58	net_text
func_01E9B890	0x01E9B890	0x58	net_text
func_01E9B8E8	0x01E9B8E8	0x8C	net_text
func_01E9B978	0x01E9B978	0xE8	net_text
func_01E9BA60	0x01E9BA60	0x7C	net_text
func_01E9BAE0	0x01E9BAE0	0x48	net_text
func_01E9BB28	0x01E9BB28	0x48	net_text
func_01E9BB70	0x01E9BB70	0xC8	net_text
func_01E9BC38	0x01E9BC38	0xA8	net_text
func_01E9BCE0	0x01E9BCE0	0x50	net_text
func_01E9BD30	0x01E9BD30	0xB0	net_text
func_01E9BDE0	0x01E9BDE0	0x90	net_text
func_01E9BE70	0x01E9BE70	0xB0	net_text
func_01E9BF20	0x01E9BF20	0x90	net_text
func_01E9BFB0	0x01E9BFB0	0x2C	net_text
func_01E9BFE0	0x01E9BFE0	0xCC	net_text
func_01E9C0B0	0x01E9C0B0	0x7C	net_text
func_01E9C130	0x01E9C130	0x40	net_text
func_01E9C170	0x01E9C170	0x40	net_text
func_01E9C1B0	0x01E9C1B0	0x90	net_text
func_01E9C240	0x01E9C240	0x18	net_text
func_01E9C258	0x01E9C258	0xDC	net_text
func_01E9C338	0x01E9C338	0x20	net_text
func_01E9C358	0x01E9C358	0x94	net_text
func_01E9C3F0	0x01E9C3F0	0x68	net_text
func_01E9C458	0x01E9C458	0x4	net_text
func_01E9C460	0x01E9C460	0x34	net_text
func_01E9C498	0x01E9C498	0x4	net_text
func_01E9C4A0	0x01E9C4A0	0x17C	net_text
func_01E9C620	0x01E9C620	0x58	net_text
func_01E9C678	0x01E9C678	0x178	net_text
func_01E9C7F0	0x01E9C7F0	0x2A0	net_text
func_01E9CA90	0x01E9CA90	0x1F0	net_text
func_01E9CC80	0x01E9CC80	0x148	net_text
func_01E9CDC8	0x01E9CDC8	0xB4	net_text
func_01E9CE80	0x01E9CE80	0x150	net_text
func_01E9CFD0	0x01E9CFD0	0x8C	net_text
func_01E9D060	0x01E9D060	0x128	net_text
func_01E9D188	0x01E9D188	0x114	net_text
func_01E9D2A0	0x01E9D2A0	0xA8	net_text
func_01E9D348	0x01E9D348	0x30	net_text
func_01E9D378	0x01E9D378	0x8	net_text
func_01E9D380	0x01E9D380	0x10	net_text
func_01E9D390	0x01E9D390	0x15C	net_text
func_01E9D4F0	0x01E9D4F0	0x24C	net_text
func_01E9D740	0x01E9D740	0xE8	net_text
func_01E9D828	0x01E9D828	0x1CC	net_text
func_01E9D9F8	0x01E9D9F8	0x48	net_text
func_01E9DA40	0x01E9DA40	0x4C	net_text
func_01E9DA90	0x01E9DA90	0x14C	net_text
func_01E9DBE0	0x01E9DBE0	0xC8	net_text
func_01E9DCA8	0x01E9DCA8	0x44	net_text
func_01E9DCF0	0x01E9DCF0	0x28	net_text
func_01E9DD18	0x01E9DD18	0x28	net_text
func_01E9DD40	0x01E9DD40	0x28	net_text
func_01E9DD68	0x01E9DD68	0x28	net_text
func_01E9DD90	0x01E9DD90	0x38	net_text
func_01E9DDC8	0x01E9DDC8	0x4	net_text
func_01E9DDD0	0x01E9DDD0	0x68	net_text
func_01E9DE38	0x01E9DE38	0x14C	net_text
func_01E9DF88	0x01E9DF88	0xD8	net_text
func_01E9E060	0x01E9E060	0x60	net_text
func_01E9E0C0	0x01E9E0C0	0x70	net_text
func_01E9E130	0x01E9E130	0x4	net_text
func_01E9E138	0x01E9E138	0x60	net_text
func_01E9E198	0x01E9E198	0xD4	net_text
func_01E9E270	0x01E9E270	0xC8	net_text
func_01E9E338	0x01E9E338	0xC	net_text
func_01E9E348	0x01E9E348	0x14	net_text
func_01E9E360	0x01E9E360	0x7C	net_text
func_01E9E3E0	0x01E9E3E0	0x48	net_text
func_01E9E428	0x01E9E428	0x7C	net_text
func_01E9E4A8	0x01E9E4A8	0x50	net_text
func_01E9E4F8	0x01E9E4F8	0x60	net_text
func_01E9E558	0x01E9E558	0x24	net_text
func_01E9E580	0x01E9E580	0x50	net_text
func_01E9E5D0	0x01E9E5D0	0x60	net_text
func_01E9E630	0x01E9E630	0x38	net_text
func_01E9E668	0x01E9E668	0x44	net_text
func_01E9E6B0	0x01E9E6B0	0x60	net_text
func_01E9E710	0x01E9E710	0x80	net_text
func_01E9E790	0x01E9E790	0x4	net_text
func_01E9E798	0x01E9E798	0x50	net_text
func_01E9E7E8	0x01E9E7E8	0x50	net_text
func_01E9E838	0x01E9E838	0x5C	net_text
func_01E9E898	0x01E9E898	0x2C	net_text
func_01E9E8C8	0x01E9E8C8	0x50	net_text
func_01E9E918	0x01E9E918	0x6C	net_text
func_01E9E988	0x01E9E988	0x4	net_text
func_01E9E990	0x01E9E990	0x7C	net_text
func_01E9EA10	0x01E9EA10	0x4	net_text
func_01E9EA18	0x01E9EA18	0x6C	net_text
func_01E9EA88	0x01E9EA88	0x6C	net_text
func_01E9EAF8	0x01E9EAF8	0xC	net_text
func_01E9EB08	0x01E9EB08	0x6C	net_text
func_01E9EB78	0x01E9EB78	0x1C	net_text
func_01E9EB98	0x01E9EB98	0x40	net_text
func_01E9EBD8	0x01E9EBD8	0x124	net_text
func_01E9ED00	0x01E9ED00	0x124	net_text
func_01E9EE28	0x01E9EE28	0xEC	net_text
func_01E9EF18	0x01E9EF18	0x120	net_text
func_01E9F038	0x01E9F038	0x14	net_text
func_01E9F050	0x01E9F050	0x1C8	net_text
func_01E9F218	0x01E9F218	0x280	net_text
func_01E9F498	0x01E9F498	0x1F8	net_text
func_01E9F690	0x01E9F690	0x98	net_text
func_01E9F728	0x01E9F728	0x200	net_text
func_01E9F928	0x01E9F928	0x214	net_text
func_01E9FB40	0x01E9FB40	0x1B8	net_text
func_01E9FCF8	0x01E9FCF8	0x210	net_text
func_01E9FF08	0x01E9FF08	0x5C	net_text
func_01E9FF68	0x01E9FF68	0x6C	net_text
func_01E9FFD8	0x01E9FFD8	0x68	net_text
func_01EA0048	0x01EA0048	0xC8	net_text
func_01EA0110	0x01EA0110	0xDC	net_text
func_01EA01F0	0x01EA01F0	0xC	net_text
func_01EA0200	0x01EA0200	0x8	net_text
func_01EA0208	0x01EA0208	0x10	net_text
func_01EA0218	0x01EA0218	0xAC	net_text
func_01EA02C8	0x01EA02C8	0x9C	net_text
func_01EA0368	0x01EA0368	0x128	net_text
func_01EA0490	0x01EA0490	0xC	net_text
func_01EA04A0	0x01EA04A0	0xB8	net_text
func_01EA0558	0x01EA0558	0xB4	net_text
func_01EA0610	0x01EA0610	0x28	net_text
func_01EA0638	0x01EA0638	0x4	net_text
func_01EA0640	0x01EA0640	0x18	net_text
func_01EA0658	0x01EA0658	0x10	net_text
func_01EA0668	0x01EA0668	0x40	net_text
func_01EA06A8	0x01EA06A8	0x2C	net_text
func_01EA06D8	0x01EA06D8	0x50	net_text
func_01EA0728	0x01EA0728	0x44	net_text
func_01EA0770	0x01EA0770	0xB8	net_text
func_01EA0828	0x01EA0828	0x340	net_text
func_01EA0B68	0x01EA0B68	0x34	net_text
func_01EA0BA0	0x01EA0BA0	0x30	net_text
func_01EA0BD0	0x01EA0BD0	0x20	net_text
func_01EA0BF0	0x01EA0BF0	0x58	net_text
func_01EA0C48	0x01EA0C48	0x68	net_text
func_01EA0CB0	0x01EA0CB0	0x54	net_text
func_01EA0D08	0x01EA0D08	0x4	net_text
func_01EA0D10	0x01EA0D10	0x140	net_text
func_01EA0E50	0x01EA0E50	0x64	net_text
func_01EA0EB8	0x01EA0EB8	0x16C	net_text
func_01EA1028	0x01EA1028	0x1CC	net_text
func_01EA11F8	0x01EA11F8	0x74	net_text
func_01EA1270	0x01EA1270	0xF8	net_text
func_01EA1368	0x01EA1368	0x4C	net_text
func_01EA13B8	0x01EA13B8	0x378	net_text
func_01EA1730	0x01EA1730	0x128	net_text
func_01EA1858	0x01EA1858	0x4D4	net_text
func_01EA1D30	0x01EA1D30	0x118	net_text
func_01EA1E48	0x01EA1E48	0x1CC	net_text
func_01EA2018	0x01EA2018	0xA8	net_text
func_01EA20C0	0x01EA20C0	0xDC	net_text
func_01EA21A0	0x01EA21A0	0x204	net_text
func_01EA23A8	0x01EA23A8	0x33C	net_text
func_01EA26E8	0x01EA26E8	0x68	net_text
func_01EA2750	0x01EA2750	0xD8	net_text
func_01EA2828	0x01EA2828	0x12C	net_text
func_01EA2958	0x01EA2958	0x53C	net_text
func_01EA2E98	0x01EA2E98	0x4B0	net_text
func_01EA3348	0x01EA3348	0x74	net_text
func_01EA33C0	0x01EA33C0	0x3B8	net_text
func_01EA3778	0x01EA3778	0x34	net_text
func_01EA37B0	0x01EA37B0	0x40	net_text
func_01EA37F0	0x01EA37F0	0x174	net_text
func_01EA3968	0x01EA3968	0x1A8	net_text
func_01EA3B10	0x01EA3B10	0x74	net_text
func_01EA3B88	0x01EA3B88	0xC	net_text
func_01EA3B98	0x01EA3B98	0x264	net_text
func_01EA3E00	0x01EA3E00	0x4	net_text
func_01EA3E08	0x01EA3E08	0x120	net_text
func_01EA3F28	0x01EA3F28	0x30	net_text
func_01EA3F58	0x01EA3F58	0x1F8	net_text
func_01EA4150	0x01EA4150	0x184	net_text
func_01EA42D8	0x01EA42D8	0x1F0	net_text
func_01EA44C8	0x01EA44C8	0x58	net_text
func_01EA4520	0x01EA4520	0x4C	net_text
func_01EA4570	0x01EA4570	0x30	net_text
func_01EA45A0	0x01EA45A0	0xC8	net_text
func_01EA4668	0x01EA4668	0x18	net_text
func_01EA4680	0x01EA4680	0x30	net_text
func_01EA46B0	0x01EA46B0	0xA0	net_text
func_01EA4750	0x01EA4750	0x20	net_text
func_01EA4770	0x01EA4770	0x74	net_text
func_01EA47E8	0x01EA47E8	0x28	net_text
func_01EA4810	0x01EA4810	0x94	net_text
func_01EA48A8	0x01EA48A8	0x2C	net_text
func_01EA48D8	0x01EA48D8	0x68	net_text
func_01EA4940	0x01EA4940	0x30	net_text
func_01EA4970	0x01EA4970	0xC4	net_text
func_01EA4A38	0x01EA4A38	0x150	net_text
func_01EA4B88	0x01EA4B88	0x4	net_text
func_01EA4B90	0x01EA4B90	0x17C	net_text
func_01EA4D10	0x01EA4D10	0x100	net_text
func_01EA4E10	0x01EA4E10	0xD0	net_text
func_01EA4EE0	0x01EA4EE0	0x8	net_text
func_01EA4EE8	0x01EA4EE8	0x20	net_text
func_01EA4F08	0x01EA4F08	0x60	net_text
func_01EA4F68	0x01EA4F68	0x154	net_text
func_01EA50C0	0x01EA50C0	0x9C	net_text
func_01EA5160	0x01EA5160	0x3C	net_text
func_01EA51A0	0x01EA51A0	0xD8	net_text
func_01EA5278	0x01EA5278	0xF8	net_text
func_01EA5370	0x01EA5370	0x180	net_text
func_01EA54F0	0x01EA54F0	0xF8	net_text
func_01EA55E8	0x01EA55E8	0x30	net_text
func_01EA5618	0x01EA5618	0x70	net_text
func_01EA5688	0x01EA5688	0x44	net_text
func_01EA56D0	0x01EA56D0	0x2C	net_text
func_01EA5700	0x01EA5700	0x5C	net_text
func_01EA5760	0x01EA5760	0x58	net_text
func_01EA57B8	0x01EA57B8	0x3C	net_text
func_01EA57F8	0x01EA57F8	0x24	net_text
func_01EA5820	0x01EA5820	0x128	net_text
func_01EA5948	0x01EA5948	0x34	net_text
func_01EA5980	0x01EA5980	0x12C	net_text
func_01EA5AB0	0x01EA5AB0	0x8	net_text
func_01EA5AB8	0x01EA5AB8	0x1B0	net_text
func_01EA5C68	0x01EA5C68	0x25C	net_text
func_01EA5EC8	0x01EA5EC8	0x2C0	net_text
func_01EA6188	0x01EA6188	0xC4	net_text
func_01EA6250	0x01EA6250	0x4	net_text
func_01EA6258	0x01EA6258	0x28	net_text
func_01EA6280	0x01EA6280	0x28	net_text
func_01EA62A8	0x01EA62A8	0x20	net_text
func_01EA62C8	0x01EA62C8	0x1A4	net_text
func_01EA6470	0x01EA6470	0x34C	net_text
func_01EA67C0	0x01EA67C0	0x298	net_text
func_01EA6A58	0x01EA6A58	0x1E4	net_text
func_01EA6C40	0x01EA6C40	0x1C	net_text
func_01EA6C60	0x01EA6C60	0x9C	net_text
func_01EA6D00	0x01EA6D00	0x50	net_text
func_01EA6D50	0x01EA6D50	0x20	net_text
func_01EA6D70	0x01EA6D70	0xA4	net_text
func_01EA6E18	0x01EA6E18	0xA4	net_text
func_01EA6EC0	0x01EA6EC0	0x110	net_text
func_01EA6FD0	0x01EA6FD0	0xE0	net_text
func_01EA70B0	0x01EA70B0	0x44	net_text
func_01EA70F8	0x01EA70F8	0xD0	net_text
func_01EA71C8	0x01EA71C8	0x24	net_text
func_01EA71F0	0x01EA71F0	0x54	net_text
func_01EA7248	0x01EA7248	0x30	net_text
func_01EA7278	0x01EA7278	0x50	net_text
func_01EA72C8	0x01EA72C8	0x70	net_text
func_01EA7338	0x01EA7338	0x70	net_text
func_01EA73A8	0x01EA73A8	0x4C	net_text
func_01EA73F8	0x01EA73F8	0xC	net_text
func_01EA7408	0x01EA7408	0x94	net_text
func_01EA74A0	0x01EA74A0	0x98	net_text
func_01EA7538	0x01EA7538	0x90	net_text
func_01EA75C8	0x01EA75C8	0x30	net_text
func_01EA75F8	0x01EA75F8	0xEC	net_text
func_01EA76E8	0x01EA76E8	0x58	net_text
func_01EA7740	0x01EA7740	0xEC	net_text
func_01EA7830	0x01EA7830	0xE4	net_text
func_01EA7918	0x01EA7918	0x4	net_text
func_01EA7920	0x01EA7920	0xD4	net_text
func_01EA79F8	0x01EA79F8	0xD0	net_text
func_01EA7AC8	0x01EA7AC8	0xFC	net_text
func_01EA7BC8	0x01EA7BC8	0xD0	net_text
func_01EA7C98	0x01EA7C98	0xAC	net_text
func_01EA7D48	0x01EA7D48	0x28	net_text
func_01EA7D70	0x01EA7D70	0x28	net_text
func_01EA7D98	0x01EA7D98	0x28	net_text
func_01EA7DC0	0x01EA7DC0	0x4	net_text
func_01EA7DC8	0x01EA7DC8	0x28	net_text
func_01EA7DF0	0x01EA7DF0	0x34	net_text
func_01EA7E28	0x01EA7E28	0x4C	net_text
func_01EA7E78	0x01EA7E78	0x4C	net_text
func_01EA7EC8	0x01EA7EC8	0x88	net_text
func_01EA7F50	0x01EA7F50	0x1A8	net_text
func_01EA80F8	0x01EA80F8	0x178	net_text
func_01EA8270	0x01EA8270	0xDC	net_text
func_01EA8350	0x01EA8350	0x1C8	net_text
func_01EA8518	0x01EA8518	0x16C	net_text
func_01EA8688	0x01EA8688	0x98	net_text
func_01EA8720	0x01EA8720	0x17C	net_text
func_01EA88A0	0x01EA88A0	0x24	net_text
func_01EA88C8	0x01EA88C8	0x3C	net_text
func_01EA8908	0x01EA8908	0x20	net_text
func_01EA8928	0x01EA8928	0x3C	net_text
func_01EA8968	0x01EA8968	0x74	net_text
func_01EA89E0	0x01EA89E0	0x6C	net_text
func_01EA8A50	0x01EA8A50	0x78	net_text
func_01EA8AC8	0x01EA8AC8	0xAC	net_text
func_01EA8B78	0x01EA8B78	0x28	net_text
func_01EA8BA0	0x01EA8BA0	0x30	net_text
func_01EA8BD0	0x01EA8BD0	0x38	net_text
func_01EA8C08	0x01EA8C08	0x30	net_text
func_01EA8C38	0x01EA8C38	0x30	net_text
func_01EA8C68	0x01EA8C68	0x28	net_text
func_01EA8C90	0x01EA8C90	0xC	net_text
func_01EA8CA0	0x01EA8CA0	0x50	net_text
func_01EA8CF0	0x01EA8CF0	0x8C	net_text
func_01EA8D80	0x01EA8D80	0x44	net_text
func_01EA8DC8	0x01EA8DC8	0x28	net_text
func_01EA8DF0	0x01EA8DF0	0x28	net_text
func_01EA8E18	0x01EA8E18	0x28	net_text
func_01EA8E40	0x01EA8E40	0x28	net_text
func_01EA8E68	0x01EA8E68	0x60	net_text
func_01EA8EC8	0x01EA8EC8	0xD0	net_text
func_01EA8F98	0x01EA8F98	0x40	net_text
func_01EA8FD8	0x01EA8FD8	0x114	net_text
func_01EA90F0	0x01EA90F0	0x4C	net_text
func_01EA9140	0x01EA9140	0x80	net_text
func_01EA91C0	0x01EA91C0	0xAC	net_text
func_01EA9270	0x01EA9270	0x148	net_text
func_01EA93B8	0x01EA93B8	0x118	net_text
func_01EA94D0	0x01EA94D0	0x74	net_text
func_01EA9548	0x01EA9548	0x4	net_text
func_01EA9550	0x01EA9550	0x70	net_text
func_01EA95C0	0x01EA95C0	0x58	net_text
func_01EA9618	0x01EA9618	0x90	net_text
func_01EA96A8	0x01EA96A8	0x70	net_text
func_01EA9718	0x01EA9718	0x50	net_text
func_01EA9768	0x01EA9768	0x18	net_text
func_01EA9780	0x01EA9780	0x10	net_text
func_01EA9790	0x01EA9790	0x48	net_text
func_01EA97E0	0x01EA97E0	0x1C	net_text
func_01EA9800	0x01EA9800	0x24	net_text
func_01EA9828	0x01EA9828	0x24	net_text
func_01EA9850	0x01EA9850	0x38	net_text
func_01EA9888	0x01EA9888	0x38	net_text
func_01EA98C0	0x01EA98C0	0x60	net_text
func_01EA9928	0x01EA9928	0x24	net_text
func_01EA9950	0x01EA9950	0x34	net_text
func_01EA9988	0x01EA9988	0x4C	net_text
func_01EA99D8	0x01EA99D8	0x70	net_text
func_01EA9A48	0x01EA9A48	0x178	net_text
func_01EA9BC0	0x01EA9BC0	0x4	net_text
func_01EA9BC8	0x01EA9BC8	0xB4	net_text
func_01EA9C80	0x01EA9C80	0x14	net_text
func_01EA9C98	0x01EA9C98	0x8C	net_text
func_01EA9D28	0x01EA9D28	0x70	net_text
func_01EA9D98	0x01EA9D98	0x48	net_text
func_01EA9DE0	0x01EA9DE0	0x48	net_text
func_01EA9E28	0x01EA9E28	0xA8	net_text
func_01EA9ED0	0x01EA9ED0	0xAC	net_text
func_01EA9F80	0x01EA9F80	0xC	net_text
func_01EA9F90	0x01EA9F90	0x58	net_text
func_01EA9FE8	0x01EA9FE8	0x34	net_text
func_01EAA020	0x01EAA020	0x34	net_text
func_01EAA058	0x01EAA058	0x4	net_text
func_01EAA060	0x01EAA060	0x34	net_text
func_01EAA098	0x01EAA098	0x38	net_text
func_01EAA0D0	0x01EAA0D0	0x60	net_text
func_01EAA130	0x01EAA130	0xE8	net_text
func_01EAA218	0x01EAA218	0x90	net_text
func_01EAA2A8	0x01EAA2A8	0x110	net_text
func_01EAA3B8	0x01EAA3B8	0x104	net_text
func_01EAA4C0	0x01EAA4C0	0x14C	net_text
func_01EAA610	0x01EAA610	0xF8	net_text
func_01EAA708	0x01EAA708	0xAC	net_text
func_01EAA7B8	0x01EAA7B8	0xD4	net_text
func_01EAA898	0x01EAA898	0x1F4	net_text
func_01EAAA90	0x01EAAA90	0x88	net_text
func_01EAAB18	0x01EAAB18	0x2D0	net_text
func_01EAADE8	0x01EAADE8	0xAC	net_text
func_01EAAE98	0x01EAAE98	0x1C	net_text
func_01EAAEB8	0x01EAAEB8	0x1FC	net_text
func_01EAB0B8	0x01EAB0B8	0x100	net_text
func_01EAB1B8	0x01EAB1B8	0x58	net_text
func_01EAB210	0x01EAB210	0x14	net_text
func_01EAB228	0x01EAB228	0x48	net_text
func_01EAB270	0x01EAB270	0x14	net_text
func_01EAB288	0x01EAB288	0x14	net_text
func_01EAB2A0	0x01EAB2A0	0x14	net_text
func_01EAB2B8	0x01EAB2B8	0x4	net_text
func_01EAB2C0	0x01EAB2C0	0x4C	net_text
func_01EAB310	0x01EAB310	0x4C	net_text
func_01EAB360	0x01EAB360	0x5C	net_text
func_01EAB3C0	0x01EAB3C0	0x58	net_text
func_01EAB418	0x01EAB418	0x4	net_text
func_01EAB420	0x01EAB420	0xD4	net_text
func_01EAB500	0x01EAB500	0x6C	net_text
func_01EAB570	0x01EAB570	0x44	net_text
func_01EAB5B8	0x01EAB5B8	0x58	net_text
func_01EAB610	0x01EAB610	0x5C	net_text
func_01EAB670	0x01EAB670	0x1C	net_text
func_01EAB690	0x01EAB690	0x14	net_text
func_01EAB6A8	0x01EAB6A8	0x58	net_text
func_01EAB700	0x01EAB700	0x15C	net_text
func_01EAB860	0x01EAB860	0x14	net_text
func_01EAB878	0x01EAB878	0x1EC	net_text
func_01EABA68	0x01EABA68	0x4	net_text
func_01EABA70	0x01EABA70	0x14	net_text
func_01EABA88	0x01EABA88	0x5C	net_text
func_01EABAE8	0x01EABAE8	0x10	net_text
func_01EABAF8	0x01EABAF8	0x118	net_text
func_01EABC10	0x01EABC10	0x58	net_text
func_01EABC68	0x01EABC68	0x14	net_text
func_01EABC80	0x01EABC80	0x50	net_text
func_01EABCD0	0x01EABCD0	0xC	net_text
func_01EABCE0	0x01EABCE0	0xBC	net_text
func_01EABDA0	0x01EABDA0	0xD4	net_text
func_01EABE78	0x01EABE78	0x64	net_text
func_01EABEE0	0x01EABEE0	0x54	net_text
func_01EABF38	0x01EABF38	0x54	net_text
func_01EABF90	0x01EABF90	0x40	net_text
func_01EABFD0	0x01EABFD0	0x10	net_text
func_01EABFE0	0x01EABFE0	0x14	net_text
func_01EABFF8	0x01EABFF8	0xA4	net_text
func_01EAC0A0	0x01EAC0A0	0x84	net_text
func_01EAC128	0x01EAC128	0xE4	net_text
func_01EAC210	0x01EAC210	0x98	net_text
func_01EAC2A8	0x01EAC2A8	0x118	net_text
func_01EAC3C0	0x01EAC3C0	0x140	net_text
func_01EAC500	0x01EAC500	0x184	net_text
func_01EAC688	0x01EAC688	0x144	net_text
func_01EAC7D0	0x01EAC7D0	0x1D4	net_text
func_01EAC9A8	0x01EAC9A8	0xA4	net_text
func_01EACA50	0x01EACA50	0xBC	net_text
func_01EACB10	0x01EACB10	0x44	net_text
func_01EACB58	0x01EACB58	0x3C	net_text
func_01EACB98	0x01EACB98	0x54	net_text
func_01EACBF0	0x01EACBF0	0x104	net_text
func_01EACCF8	0x01EACCF8	0x1A0	net_text
func_01EACE98	0x01EACE98	0x4	net_text
func_01EACEA0	0x01EACEA0	0x3C	net_text
func_01EACEE0	0x01EACEE0	0x10	net_text
func_01EACEF0	0x01EACEF0	0x38	net_text
func_01EACF30	0x01EACF30	0x4	net_text
func_01EACF38	0x01EACF38	0x24	net_text
func_01EACF60	0x01EACF60	0x50	net_text
func_01EACFB0	0x01EACFB0	0xC	net_text
func_01EACFC0	0x01EACFC0	0x54	net_text
func_01EAD018	0x01EAD018	0x4	net_text
func_01EAD020	0x01EAD020	0x138	net_text
func_01EAD158	0x01EAD158	0x1FC	net_text
func_01EAD358	0x01EAD358	0xC	net_text
func_01EAD368	0x01EAD368	0x26C	net_text
func_01EAD5D8	0x01EAD5D8	0x74	net_text
func_01EAD64C	0x01EAD64C	0x60	net_text
func_01EAD6AC	0x01EAD6AC	0x68	net_text
func_01EAD714	0x01EAD714	0x12C	net_text
func_01EAD840	0x01EAD840	0x148	net_text
func_01EAD988	0x01EAD988	0x78	net_text
func_01EADA00	0x01EADA00	0x78	net_text
func_01EADA78	0x01EADA78	0x3E4	net_text
func_01EADE5C	0x01EADE5C	0x130	net_text
func_01EADF8C	0x01EADF8C	0x30	net_text
func_01EADFBC	0x01EADFBC	0x1D0	net_text
func_01EAE190	0x01EAE190	0xA0	net_text
func_01EAE230	0x01EAE230	0x8C	net_text
func_01EAE2C0	0x01EAE2C0	0xA0	net_text
func_01EAE360	0x01EAE360	0xF8	net_text
func_01EAE460	0x01EAE460	0x88	net_text
func_01EAE4F0	0x01EAE4F0	0x88	net_text
func_01EAE578	0x01EAE578	0xC0	net_text
func_01EAE638	0x01EAE638	0xD4	net_text
func_01EAE710	0x01EAE710	0x88	net_text
func_01EAE798	0x01EAE798	0x94	net_text
func_01EAE830	0x01EAE830	0x150	net_text
func_01EAE980	0x01EAE980	0xC8	net_text
func_01EAEA48	0x01EAEA48	0x198	net_text
func_01EAEBE0	0x01EAEBE0	0x10C	net_text
func_01EAECF0	0x01EAECF0	0x28	net_text
func_01EAED20	0x01EAED20	0x1F48	net_text
func_01EB0C70	0x01EB0C70	0x2C	net_text
func_01EB0CA0	0x01EB0CA0	0x74	net_text
func_01EB0D18	0x01EB0D18	0x5C	net_text
func_01EB0D78	0x01EB0D78	0x1C	net_text
func_01EB0D98	0x01EB0D98	0xC0	net_text
func_01EB0E58	0x01EB0E58	0x8C	net_text
func_01EB0EE8	0x01EB0EE8	0x158	net_text
func_01EB1040	0x01EB1040	0x5C	net_text
func_01EB10A0	0x01EB10A0	0x3C	net_text
func_01EB10E0	0x01EB10E0	0xE8	net_text
func_01EB11C8	0x01EB11C8	0xB0	net_text
func_01EB1278	0x01EB1278	0x808	net_text
func_01EB1A80	0x01EB1A80	0x50	net_text
func_01EB1AD0	0x01EB1AD0	0x60	net_text
func_01EB1B30	0x01EB1B30	0x5C	net_text
func_01EB1B90	0x01EB1B90	0x90	net_text
func_01EB1C20	0x01EB1C20	0x3C	net_text
func_01EB1C60	0x01EB1C60	0x15C	net_text
func_01EB1DC0	0x01EB1DC0	0xC8	net_text
func_01EB1E90	0x01EB1E90	0xDC0	net_text
func_01EB2C50	0x01EB2C50	0x5C	net_text
func_01EB2CB0	0x01EB2CB0	0x20	net_text
func_01EB2CD0	0x01EB2CD0	0x210	net_text
func_01EB2EE0	0x01EB2EE0	0x40	net_text
func_01EB2F20	0x01EB2F20	0x50	net_text
func_01EB2F70	0x01EB2F70	0x80	net_text
func_01EB2FF0	0x01EB2FF0	0x38	net_text
func_01EB3028	0x01EB3028	0x34	net_text
func_01EB3060	0x01EB3060	0x4C	net_text
func_01EB30B0	0x01EB30B0	0x14	net_text
func_01EB30C8	0x01EB30C8	0x6C	net_text
func_01EB3138	0x01EB3138	0xA0	net_text
func_01EB31D8	0x01EB31D8	0xEC	net_text
func_01EB32C8	0x01EB32C8	0x2C	net_text
func_01EB32F8	0x01EB32F8	0xE8	net_text
func_01EB33E0	0x01EB33E0	0x8C	net_text
func_01EB3470	0x01EB3470	0xE8	net_text
func_01EB3558	0x01EB3558	0xCC	net_text
func_01EB3628	0x01EB3628	0x74	net_text
func_01EB36A0	0x01EB36A0	0x104	net_text
func_01EB37A8	0x01EB37A8	0x90	net_text
func_01EB3838	0x01EB3838	0xA8	net_text
func_01EB38E0	0x01EB38E0	0x8C	net_text
func_01EB3970	0x01EB3970	0x118	net_text
func_01EB3A88	0x01EB3A88	0xEC	net_text
func_01EB3B78	0x01EB3B78	0xF4	net_text
func_01EB3C70	0x01EB3C70	0x6C	net_text
func_01EB3CE0	0x01EB3CE0	0x124	net_text
func_01EB3E08	0x01EB3E08	0xC8	net_text
func_01EB3ED0	0x01EB3ED0	0x40	net_text
func_01EB3F10	0x01EB3F10	0x58	net_text
func_01EB3F68	0x01EB3F68	0x354	net_text
func_01EB42C0	0x01EB42C0	0x258	net_text
func_01EB4518	0x01EB4518	0x260	net_text
func_01EB4778	0x01EB4778	0x214	net_text
func_01EB4990	0x01EB4990	0x94	net_text
func_01EB4A28	0x01EB4A28	0x118	net_text
func_01EB4B40	0x01EB4B40	0x20	net_text
func_01EB4B60	0x01EB4B60	0x1C4	net_text
func_01EB4D28	0x01EB4D28	0x58	net_text
func_01EB4D80	0x01EB4D80	0x2C	net_text
func_01EB4DB0	0x01EB4DB0	0x1C	net_text
func_01EB4DD0	0x01EB4DD0	0x18	net_text
func_01EB4DE8	0x01EB4DE8	0x24	net_text
func_01EB4E10	0x01EB4E10	0x30	net_text
func_01EB4E40	0x01EB4E40	0x24	net_text
func_01EB4E68	0x01EB4E68	0x30	net_text
func_01EB4E98	0x01EB4E98	0xE4	net_text
func_01EB4F80	0x01EB4F80	0x70	net_text
func_01EB4FF0	0x01EB4FF0	0x24	net_text
func_01EB5018	0x01EB5018	0x380	net_text
func_01EB5398	0x01EB5398	0x40	net_text
func_01EB53D8	0x01EB53D8	0x80	net_text
func_01EB5458	0x01EB5458	0xE4	net_text
func_01EB5540	0x01EB5540	0x7C	net_text
func_01EB55C0	0x01EB55C0	0xDC	net_text
func_01EB56A0	0x01EB56A0	0xB8	net_text
func_01EB5758	0x01EB5758	0xB8	net_text
func_01EB5810	0x01EB5810	0xD8	net_text
func_01EB58E8	0x01EB58E8	0xB8	net_text
func_01EB59A0	0x01EB59A0	0x88	net_text
func_01EB5A28	0x01EB5A28	0x2C	net_text
func_01EB5A58	0x01EB5A58	0x2C	net_text
func_01EB5A88	0x01EB5A88	0x80	net_text
func_01EB5B08	0x01EB5B08	0x80	net_text
func_01EB5B88	0x01EB5B88	0x3C	net_text
func_01EB5BC8	0x01EB5BC8	0x74	net_text
func_01EB5C40	0x01EB5C40	0x14C	net_text
func_01EB5D90	0x01EB5D90	0x78	net_text
func_01EB5E08	0x01EB5E08	0x94	net_text
func_01EB5EA0	0x01EB5EA0	0x10C	net_text
func_01EB5FB0	0x01EB5FB0	0x104	net_text
func_01EB60B8	0x01EB60B8	0x48	net_text
func_01EB6100	0x01EB6100	0x64	net_text
func_01EB6168	0x01EB6168	0x74	net_text
func_01EB61E0	0x01EB61E0	0x70	net_text
func_01EB6250	0x01EB6250	0x68	net_text
func_01EB62B8	0x01EB62B8	0x150	net_text
func_01EB6408	0x01EB6408	0x1C	net_text
func_01EB6428	0x01EB6428	0xE4	net_text
func_01EB6510	0x01EB6510	0x1D8	net_text
func_01EB66E8	0x01EB66E8	0x5C	net_text
func_01EB6748	0x01EB6748	0x40	net_text
func_01EB6788	0x01EB6788	0x104	net_text
func_01EB6890	0x01EB6890	0x84	net_text
func_01EB6918	0x01EB6918	0x5C	net_text
func_01EB6978	0x01EB6978	0x208	net_text
func_01EB6B80	0x01EB6B80	0x3EC	net_text
func_01EB6F70	0x01EB6F70	0x180	net_text
func_01EB70F0	0x01EB70F0	0x6C	net_text
func_01EB7160	0x01EB7160	0xC0	net_text
func_01EB7220	0x01EB7220	0x68	net_text
func_01EB7288	0x01EB7288	0x24	net_text
func_01EB72B0	0x01EB72B0	0x24	net_text
func_01EB72D8	0x01EB72D8	0x24	net_text
func_01EB7300	0x01EB7300	0x260	net_text
func_01EB7560	0x01EB7560	0x20C	net_text
func_01EB7770	0x01EB7770	0x24	net_text
func_01EB7798	0x01EB7798	0xCC	net_text
func_01EB7868	0x01EB7868	0x300	net_text
func_01EB7B68	0x01EB7B68	0x24C	net_text
func_01EB7DB8	0x01EB7DB8	0x114	net_text
func_01EB7ED0	0x01EB7ED0	0xC	net_text
func_01EB7EE0	0x01EB7EE0	0xA8	net_text
func_01EB7F88	0x01EB7F88	0x234	net_text
func_01EB81C0	0x01EB81C0	0x214	net_text
func_01EB83D8	0x01EB83D8	0xAC	net_text
func_01EB8488	0x01EB8488	0x2C	net_text
func_01EB84B8	0x01EB84B8	0x24	net_text
func_01EB84E0	0x01EB84E0	0x18	net_text
func_01EB84F8	0x01EB84F8	0x110	net_text
func_01EB8608	0x01EB8608	0x194	net_text
func_01EB87A0	0x01EB87A0	0x164	net_text
func_01EB8908	0x01EB8908	0xD4	net_text
func_01EB89E0	0x01EB89E0	0x124	net_text
func_01EB8B08	0x01EB8B08	0x54	net_text
func_01EB8B60	0x01EB8B60	0x80	net_text
func_01EB8BE0	0x01EB8BE0	0x2B8	net_text
func_01EB8E98	0x01EB8E98	0x14	net_text
func_01EB8EB0	0x01EB8EB0	0x48	net_text
func_01EB8EF8	0x01EB8EF8	0x28	net_text
func_01EB8F20	0x01EB8F20	0xE0	net_text
func_01EB9000	0x01EB9000	0xC4	net_text
func_01EB90C8	0x01EB90C8	0x294	net_text
func_01EB9360	0x01EB9360	0x14C	net_text
func_01EB94B0	0x01EB94B0	0xC8	net_text
func_01EB9578	0x01EB9578	0x148	net_text
func_01EB96C0	0x01EB96C0	0x20	net_text
func_01EB96E0	0x01EB96E0	0x20	net_text
func_01EB9700	0x01EB9700	0x20	net_text
func_01EB9720	0x01EB9720	0x100	net_text
func_01EB9820	0x01EB9820	0x5C	net_text
func_01EB9880	0x01EB9880	0x98	net_text
func_01EB9918	0x01EB9918	0x78	net_text
func_01EB9990	0x01EB9990	0x174	net_text
func_01EB9B08	0x01EB9B08	0x208	net_text
func_01EB9D10	0x01EB9D10	0x3C0	net_text
func_01EBA0D0	0x01EBA0D0	0xDC	net_text
func_01EBA1B0	0x01EBA1B0	0xA0	net_text
func_01EBA250	0x01EBA250	0x60	net_text
func_01EBA2B0	0x01EBA2B0	0xD4	net_text
func_01EBA388	0x01EBA388	0x98	net_text
func_01EBA420	0x01EBA420	0x30	net_text
func_01EBA450	0x01EBA450	0x44	net_text
func_01EBA498	0x01EBA498	0x138	net_text
func_01EBA5D0	0x01EBA5D0	0xB0	net_text
func_01EBA680	0x01EBA680	0xD4	net_text
func_01EBA758	0x01EBA758	0x68	net_text
func_01EBA7C0	0x01EBA7C0	0x278	net_text
func_01EBAA38	0x01EBAA38	0x34C	net_text
func_01EBAD88	0x01EBAD88	0xCC	net_text
func_01EBAE58	0x01EBAE58	0x88	net_text
func_01EBAEE0	0x01EBAEE0	0x14C	net_text
func_01EBB030	0x01EBB030	0xAC	net_text
func_01EBB0E0	0x01EBB0E0	0x470	net_text
func_01EBB550	0x01EBB550	0xC8	net_text
func_01EBB618	0x01EBB618	0xB4	net_text
func_01EBB6D0	0x01EBB6D0	0xA8	net_text
func_01EBB778	0x01EBB778	0x9C	net_text
func_01EBB818	0x01EBB818	0xC8	net_text
func_01EBB8E0	0x01EBB8E0	0xA0	net_text
func_01EBB980	0x01EBB980	0xC4	net_text
func_01EBBA48	0x01EBBA48	0xAC	net_text
func_01EBBAF8	0x01EBBAF8	0xF0	net_text
func_01EBBBE8	0x01EBBBE8	0x1D4	net_text
func_01EBBDC0	0x01EBBDC0	0x84	net_text
func_01EBBE48	0x01EBBE48	0x49C	net_text
func_01EBC2E8	0x01EBC2E8	0x16C	net_text
func_01EBC458	0x01EBC458	0xF4	net_text
func_01EBC550	0x01EBC550	0x10C	net_text
func_01EBC660	0x01EBC660	0x310	net_text
func_01EBC970	0x01EBC970	0x1CC	net_text
func_01EBCB40	0x01EBCB40	0xE0	net_text
func_01EBCC20	0x01EBCC20	0x150	net_text
func_01EBCD70	0x01EBCD70	0xF0	net_text
func_01EBCE60	0x01EBCE60	0x7C	net_text
func_01EBCEE0	0x01EBCEE0	0xA8	net_text
func_01EBCF88	0x01EBCF88	0x50	net_text
func_01EBCFD8	0x01EBCFD8	0x8C	net_text
func_01EBD068	0x01EBD068	0x240	net_text
func_01EBD2A8	0x01EBD2A8	0xE4	net_text
func_01EBD390	0x01EBD390	0xBC	net_text
func_01EBD450	0x01EBD450	0x164	net_text
func_01EBD5B8	0x01EBD5B8	0xC	net_text
func_01EBD5C8	0x01EBD5C8	0x20	net_text
func_01EBD5E8	0x01EBD5E8	0x8C	net_text
func_01EBD678	0x01EBD678	0xA0	net_text
func_01EBD718	0x01EBD718	0x34	net_text
func_01EBD750	0x01EBD750	0x8	net_text
func_01EBD758	0x01EBD758	0x3C	net_text
func_01EBD798	0x01EBD798	0x20	net_text
func_01EBD7B8	0x01EBD7B8	0x23C	net_text
func_01EBD9F8	0x01EBD9F8	0xC	net_text
func_01EBDA08	0x01EBDA08	0x29C	net_text
func_01EBDCA8	0x01EBDCA8	0x13C	net_text
func_01EBDDE8	0x01EBDDE8	0x74	net_text
func_01EBDE60	0x01EBDE60	0x18	net_text
func_01EBDE78	0x01EBDE78	0x58	net_text
func_01EBDED0	0x01EBDED0	0x20	net_text
func_01EBDEF0	0x01EBDEF0	0x20	net_text
func_01EBDF10	0x01EBDF10	0x114	net_text
func_01EBE028	0x01EBE028	0xC8	net_text
func_01EBE0F0	0x01EBE0F0	0x98	net_text
func_01EBE188	0x01EBE188	0x2C	net_text
func_01EBE1B8	0x01EBE1B8	0x68	net_text
func_01EBE220	0x01EBE220	0x28	net_text
func_01EBE248	0x01EBE248	0x28C	net_text
func_01EBE4D8	0x01EBE4D8	0x130	net_text
func_01EBE608	0x01EBE608	0x10	net_text
func_01EBE618	0x01EBE618	0x2EC	net_text
func_01EBE908	0x01EBE908	0x398	net_text
func_01EBECA0	0x01EBECA0	0x180	net_text
func_01EBEE20	0x01EBEE20	0x268	net_text
func_01EBF088	0x01EBF088	0x18	net_text
func_01EBF0A0	0x01EBF0A0	0x60	net_text
func_01EBF100	0x01EBF100	0x48	net_text
func_01EBF148	0x01EBF148	0x12C	net_text
func_01EBF278	0x01EBF278	0x15C	net_text
func_01EBF3D8	0x01EBF3D8	0x58C	net_text
func_01EBF968	0x01EBF968	0x10	net_text
func_01EBF978	0x01EBF978	0x58	net_text
func_01EBF9D0	0x01EBF9D0	0x80	net_text
func_01EBFA50	0x01EBFA50	0xDC	net_text
func_01EBFB30	0x01EBFB30	0x18C	net_text
func_01EBFCC0	0x01EBFCC0	0xB8	net_text
func_01EBFD78	0x01EBFD78	0xB0	net_text
func_01EBFE28	0x01EBFE28	0xA4	net_text
func_01EBFED0	0x01EBFED0	0x53C	net_text
func_01EC0410	0x01EC0410	0x80	net_text
func_01EC0490	0x01EC0490	0xEC	net_text
func_01EC0580	0x01EC0580	0xA4	net_text
func_01EC0628	0x01EC0628	0x450	net_text
func_01EC0A78	0x01EC0A78	0x340	net_text
func_01EC0DB8	0x01EC0DB8	0x1EC	net_text
func_01EC0FA8	0x01EC0FA8	0x368	net_text
func_01EC1310	0x01EC1310	0xD8	net_text
func_01EC13E8	0x01EC13E8	0x50	net_text
func_01EC1438	0x01EC1438	0x7C	net_text
func_01EC14B8	0x01EC14B8	0x1B8	net_text
func_01EC1670	0x01EC1670	0x35C	net_text
func_01EC19D0	0x01EC19D0	0x120	net_text
func_01EC1AF0	0x01EC1AF0	0x24C	net_text
func_01EC1D40	0x01EC1D40	0x74	net_text
func_01EC1DB8	0x01EC1DB8	0x40	net_text
func_01EC1DF8	0x01EC1DF8	0x1D4	net_text
func_01EC1FD0	0x01EC1FD0	0x118	net_text
func_01EC20E8	0x01EC20E8	0xDC	net_text
func_01EC21C8	0x01EC21C8	0x5C	net_text
func_01EC2228	0x01EC2228	0x38	net_text
func_01EC2268	0x01EC2268	0x14	net_text
func_01EC2280	0x01EC2280	0x18	net_text
func_01EC2298	0x01EC2298	0x48	net_text
func_01EC22E0	0x01EC22E0	0x2C	net_text
func_01EC2310	0x01EC2310	0x78	net_text
func_01EC2388	0x01EC2388	0x40	net_text
func_01EC23C8	0x01EC23C8	0xF4	net_text
func_01EC24C0	0x01EC24C0	0x94	net_text
func_01EC2558	0x01EC2558	0xB4	net_text
func_01EC2610	0x01EC2610	0x4	net_text
func_01EC2618	0x01EC2618	0xAC	net_text
func_01EC26C8	0x01EC26C8	0x34	net_text
func_01EC2700	0x01EC2700	0xF8	net_text
func_01EC27F8	0x01EC27F8	0x48	net_text
func_01EC2840	0x01EC2840	0x28	net_text
func_01EC2868	0x01EC2868	0x4C	net_text
func_01EC28B8	0x01EC28B8	0x64	net_text
func_01EC2920	0x01EC2920	0x8	net_text
func_01EC2928	0x01EC2928	0x34	net_text
func_01EC2960	0x01EC2960	0x84	net_text
func_01EC29E8	0x01EC29E8	0x1D8	net_text
func_01EC2BC0	0x01EC2BC0	0x19C	net_text
func_01EC2D60	0x01EC2D60	0x84	net_text
func_01EC2DE8	0x01EC2DE8	0x98	net_text
func_01EC2E80	0x01EC2E80	0xE8	net_text
func_01EC2F68	0x01EC2F68	0x9C	net_text
func_01EC3008	0x01EC3008	0x20	net_text
func_01EC3028	0x01EC3028	0x19C	net_text
func_01EC31C8	0x01EC31C8	0x6C	net_text
func_01EC3238	0x01EC3238	0x8	net_text
func_01EC3240	0x01EC3240	0x48	net_text
func_01EC3288	0x01EC3288	0x17C	net_text
func_01EC3408	0x01EC3408	0x28	net_text
func_01EC3430	0x01EC3430	0x30	net_text
func_01EC3460	0x01EC3460	0x34	net_text
func_01EC3498	0x01EC3498	0x20	net_text
func_01EC34B8	0x01EC34B8	0xC	net_text
func_01EC34C8	0x01EC34C8	0xC	net_text
func_01EC34D8	0x01EC34D8	0x1CC	net_text
func_01EC36A8	0x01EC36A8	0x54	net_text
func_01EC3700	0x01EC3700	0x58	net_text
func_01EC3758	0x01EC3758	0x78	net_text
func_01EC37D0	0x01EC37D0	0x54	net_text
func_01EC3828	0x01EC3828	0xA8	net_text
func_01EC38D0	0x01EC38D0	0x4C4	net_text
func_01EC3D98	0x01EC3D98	0x44	net_text
func_01EC3DE0	0x01EC3DE0	0x68	net_text
func_01EC3E48	0x01EC3E48	0x7C	net_text
func_01EC3EC8	0x01EC3EC8	0x90	net_text
func_01EC3F58	0x01EC3F58	0x16C	net_text
func_01EC40C8	0x01EC40C8	0x84	net_text
func_01EC4150	0x01EC4150	0x94	net_text
func_01EC41E8	0x01EC41E8	0x64	net_text
func_01EC4250	0x01EC4250	0x40	net_text
func_01EC4290	0x01EC4290	0x84	net_text
func_01EC4318	0x01EC4318	0x318	net_text
func_01EC4630	0x01EC4630	0x174	net_text
func_01EC47A8	0x01EC47A8	0xEC	net_text
func_01EC4898	0x01EC4898	0x154	net_text
func_01EC49F0	0x01EC49F0	0xC4	net_text
func_01EC4AB8	0x01EC4AB8	0x28C	net_text
func_01EC4D48	0x01EC4D48	0xA8	net_text
func_01EC4DF0	0x01EC4DF0	0x40	net_text
func_01EC4E30	0x01EC4E30	0x240	net_text
func_01EC5070	0x01EC5070	0xDC	net_text
func_01EC5150	0x01EC5150	0xA8	net_text
func_01EC51F8	0x01EC51F8	0x50	net_text
func_01EC5248	0x01EC5248	0x38	net_text
func_01EC5280	0x01EC5280	0x38	net_text
func_01EC52B8	0x01EC52B8	0x24	net_text
func_01EC52E0	0x01EC52E0	0x48	net_text
func_01EC5328	0x01EC5328	0x1B8	net_text
func_01EC54E0	0x01EC54E0	0xC	net_text
func_01EC54F0	0x01EC54F0	0x8	net_text
func_01EC54F8	0x01EC54F8	0x11C	net_text
func_01EC5618	0x01EC5618	0x1BC	net_text
func_01EC57D8	0x01EC57D8	0xAC	net_text
func_01EC5888	0x01EC5888	0x184	net_text
func_01EC5A10	0x01EC5A10	0x73C	net_text
func_01EC6150	0x01EC6150	0xA0	net_text
func_01EC61F0	0x01EC61F0	0x2A4	net_text
func_01EC6498	0x01EC6498	0x2C	net_text
func_01EC64C8	0x01EC64C8	0x184	net_text
func_01EC6650	0x01EC6650	0xD4	net_text
func_01EC6728	0x01EC6728	0x44	net_text
func_01EC6770	0x01EC6770	0x7FC	net_text
func_01EC6F70	0x01EC6F70	0xA8	net_text
func_01EC7018	0x01EC7018	0x124	net_text
func_01EC7140	0x01EC7140	0x1A0	net_text
func_01EC72E0	0x01EC72E0	0x88	net_text
func_01EC7368	0x01EC7368	0x38C	net_text
func_01EC76F8	0x01EC76F8	0xC8	net_text
func_01EC77C0	0x01EC77C0	0xB8	net_text
func_01EC7878	0x01EC7878	0x4C	net_text
func_01EC78C8	0x01EC78C8	0x20	net_text
func_01EC78E8	0x01EC78E8	0x38	net_text
func_01EC7920	0x01EC7920	0x178	net_text
func_01EC7A98	0x01EC7A98	0x94	net_text
func_01EC7B30	0x01EC7B30	0xA0	net_text
func_01EC7BD0	0x01EC7BD0	0xFC	net_text
func_01EC7CD0	0x01EC7CD0	0x64	net_text
func_01EC7D38	0x01EC7D38	0x84	net_text
func_01EC7DC0	0x01EC7DC0	0x5C	net_text
func_01EC7E20	0x01EC7E20	0x388	net_text
func_01EC81A8	0x01EC81A8	0xE8	net_text
func_01EC8290	0x01EC8290	0x218	net_text
func_01EC84A8	0x01EC84A8	0x10C	net_text
func_01EC85B8	0x01EC85B8	0x230	net_text
func_01EC87E8	0x01EC87E8	0x618	net_text
func_01EC8E00	0x01EC8E00	0x54	net_text
func_01EC8E58	0x01EC8E58	0x4C	net_text
func_01EC8EA8	0x01EC8EA8	0x58	net_text
func_01EC8F00	0x01EC8F00	0x64	net_text
func_01EC8F68	0x01EC8F68	0x50	net_text
func_01EC8FB8	0x01EC8FB8	0x34	net_text
func_01EC8FF0	0x01EC8FF0	0x6C	net_text
func_01EC9060	0x01EC9060	0x5C	net_text
func_01EC90C0	0x01EC90C0	0x1C	net_text
func_01EC90E0	0x01EC90E0	0x158	net_text
func_01EC9238	0x01EC9238	0x50	net_text
func_01EC9288	0x01EC9288	0x5C	net_text
func_01EC92E8	0x01EC92E8	0x58	net_text
func_01EC9340	0x01EC9340	0xA0	net_text
func_01EC93E0	0x01EC93E0	0x4	net_text
func_01EC93E8	0x01EC93E8	0xCC	net_text
func_01EC94B8	0x01EC94B8	0x4	net_text
func_01EC94C0	0x01EC94C0	0x70	net_text
func_01EC9530	0x01EC9530	0x50	net_text
func_01EC9580	0x01EC9580	0x50	net_text
func_01EC95D0	0x01EC95D0	0x70	net_text
func_01EC9640	0x01EC9640	0x80	net_text
func_01EC96C0	0x01EC96C0	0x6C	net_text
func_01EC9730	0x01EC9730	0x60	net_text
func_01EC97B8	0x01EC97B8	0x14	net_text
func_01EC97D0	0x01EC97D0	0x88	net_text
func_01EC9858	0x01EC9858	0x90	net_text
func_01EC98E8	0x01EC98E8	0x38	net_text
func_01EC9920	0x01EC9920	0xE4	net_text
func_01EC9A08	0x01EC9A08	0x1C	net_text
func_01EC9A28	0x01EC9A28	0xE0	net_text
func_01EC9B08	0x01EC9B08	0x28	net_text
func_01EC9B30	0x01EC9B30	0x6C	net_text
func_01EC9BA0	0x01EC9BA0	0x9C	net_text
func_01EC9C40	0x01EC9C40	0x6C	net_text
func_01EC9CB0	0x01EC9CB0	0x11C	net_text
func_01EC9DD0	0x01EC9DD0	0xBC	net_text
func_01EC9E90	0x01EC9E90	0x88	net_text
func_01EC9F18	0x01EC9F18	0xD0	net_text
func_01EC9FE8	0x01EC9FE8	0xAC	net_text
func_01ECA098	0x01ECA098	0x88	net_text
func_01ECA120	0x01ECA120	0x74	net_text
func_01ECA198	0x01ECA198	0x340	net_text
func_01ECA4D8	0x01ECA4D8	0x234	net_text
func_01ECA710	0x01ECA710	0x344	net_text
func_01ECAA58	0x01ECAA58	0x208	net_text
func_01ECAC60	0x01ECAC60	0x74	net_text
func_01ECACD8	0x01ECACD8	0x240	net_text
func_01ECAF18	0x01ECAF18	0x16C	net_text
func_01ECB088	0x01ECB088	0x2D0	net_text
func_01ECB358	0x01ECB358	0x1EC	net_text
func_01ECB548	0x01ECB548	0x440	net_text
func_01ECB988	0x01ECB988	0xFC	net_text
func_01ECBA88	0x01ECBA88	0x5F8	net_text
func_01ECC080	0x01ECC080	0x13C	net_text
func_01ECC1C0	0x01ECC1C0	0x128	net_text
func_01ECC2E8	0x01ECC2E8	0x124	net_text
func_01ECC410	0x01ECC410	0x84	net_text
func_01ECC498	0x01ECC498	0x348	net_text
func_01ECC7E0	0x01ECC7E0	0x28	net_text
func_01ECC808	0x01ECC808	0x150	net_text
func_01ECC958	0x01ECC958	0x18	net_text
func_01ECC970	0x01ECC970	0x120	net_text
func_01ECCA90	0x01ECCA90	0xC0	net_text
func_01ECCB50	0x01ECCB50	0x184	net_text
func_01ECCCD8	0x01ECCCD8	0x6C	net_text
func_01ECCD48	0x01ECCD48	0xF4	net_text
func_01ECCE40	0x01ECCE40	0x88	net_text
func_01ECCEC8	0x01ECCEC8	0x408	net_text
func_01ECD2D0	0x01ECD2D0	0x94	net_text
func_01ECD368	0x01ECD368	0x34C	net_text
func_01ECD6B8	0x01ECD6B8	0x1AC	net_text
func_01ECD868	0x01ECD868	0x2C4	net_text
func_01ECDB30	0x01ECDB30	0x1A8	net_text
func_01ECDCD8	0x01ECDCD8	0x24	net_text
func_01ECDD00	0x01ECDD00	0x264	net_text
func_01ECDF68	0x01ECDF68	0x3E8	net_text
func_01ECE350	0x01ECE350	0x238	net_text
func_01ECE588	0x01ECE588	0xF0	net_text
func_01ECE678	0x01ECE678	0x280	net_text
func_01ECE8F8	0x01ECE8F8	0x12C	net_text
func_01ECEA28	0x01ECEA28	0xE4	net_text
func_01ECEB10	0x01ECEB10	0x288	net_text
func_01ECED98	0x01ECED98	0x130	net_text
func_01ECEEC8	0x01ECEEC8	0xB4	net_text
func_01ECEF80	0x01ECEF80	0xA8	net_text
func_01ECF028	0x01ECF028	0x178	net_text
func_01ECF1A0	0x01ECF1A0	0x23C	net_text
func_01ECF3E0	0x01ECF3E0	0x164	net_text
func_01ECF548	0x01ECF548	0x20	net_text
func_01ECF568	0x01ECF568	0xF0	net_text
func_01ECF658	0x01ECF658	0x5C	net_text
func_01ECF6B8	0x01ECF6B8	0x158	net_text
func_01ECF810	0x01ECF810	0x158	net_text
func_01ECF968	0x01ECF968	0x1FC	net_text
func_01ECFB68	0x01ECFB68	0x70	net_text
func_01ECFBD8	0x01ECFBD8	0x58	net_text
func_01ECFC30	0x01ECFC30	0xA8	net_text
func_01ECFCD8	0x01ECFCD8	0x9C	net_text
func_01ECFD78	0x01ECFD78	0xFC	net_text
func_01ECFE78	0x01ECFE78	0x94	net_text
func_01ECFF10	0x01ECFF10	0x104	net_text
func_01ED0018	0x01ED0018	0x1A8	net_text
func_01ED01C0	0x01ED01C0	0x118	net_text
func_01ED02D8	0x01ED02D8	0xDC	net_text
func_01ED03B8	0x01ED03B8	0xD0	net_text
func_01ED0488	0x01ED0488	0x1F0	net_text
func_01ED0678	0x01ED0678	0x338	net_text
func_01ED09B0	0x01ED09B0	0x230	net_text
func_01ED0BE0	0x01ED0BE0	0x6C	net_text
func_01ED0C50	0x01ED0C50	0x24C	net_text
func_01ED0EA0	0x01ED0EA0	0x2E4	net_text
func_01ED1188	0x01ED1188	0x194	net_text
func_01ED1320	0x01ED1320	0x8	net_text
func_01ED1328	0x01ED1328	0x17C	net_text
func_01ED14A8	0x01ED14A8	0x60	net_text
func_01ED1508	0x01ED1508	0x64	net_text
func_01ED1570	0x01ED1570	0x20	net_text
func_01ED1590	0x01ED1590	0x80	net_text
func_01ED1610	0x01ED1610	0x104	net_text
func_01ED1718	0x01ED1718	0x8C	net_text
func_01ED17A8	0x01ED17A8	0x70	net_text
func_01ED1818	0x01ED1818	0x310	net_text
func_01ED1B28	0x01ED1B28	0x150	net_text
func_01ED1C78	0x01ED1C78	0x11C	net_text
func_01ED1D98	0x01ED1D98	0x78	net_text
func_01ED1E10	0x01ED1E10	0x44C	net_text
func_01ED2260	0x01ED2260	0x1F8	net_text
func_01ED2458	0x01ED2458	0x2C	net_text
func_01ED2488	0x01ED2488	0xB0	net_text
func_01ED2538	0x01ED2538	0x13C	net_text
func_01ED2678	0x01ED2678	0x11C	net_text
func_01ED2798	0x01ED2798	0x70	net_text
func_01ED2808	0x01ED2808	0x48	net_text
func_01ED2850	0x01ED2850	0x224	net_text
func_01ED2A78	0x01ED2A78	0x140	net_text
func_01ED2BB8	0x01ED2BB8	0xE8	net_text
func_01ED2CA0	0x01ED2CA0	0x120	net_text
func_01ED2DC0	0x01ED2DC0	0x34	net_text
func_01ED2DF8	0x01ED2DF8	0x20	net_text
func_01ED2E18	0x01ED2E18	0x1E8	net_text
func_01ED3000	0x01ED3000	0x278	net_text
func_01ED3278	0x01ED3278	0x3C	net_text
func_01ED32B8	0x01ED32B8	0x54	net_text
func_01ED3310	0x01ED3310	0x8	net_text
func_01ED3318	0x01ED3318	0x8	net_text
func_01ED3320	0x01ED3320	0x350	net_text
func_01ED3670	0x01ED3670	0x3A4	net_text
func_01ED3A18	0x01ED3A18	0x18	net_text
func_01ED3A30	0x01ED3A30	0x8	net_text
func_01ED3A38	0x01ED3A38	0x8	net_text
func_01ED3A40	0x01ED3A40	0x8	net_text
func_01ED3A48	0x01ED3A48	0x8	net_text
func_01ED3A50	0x01ED3A50	0x8C	net_text
func_01ED3AE0	0x01ED3AE0	0x24	net_text
func_01ED3B08	0x01ED3B08	0x58	net_text
func_01ED3B60	0x01ED3B60	0x1E8	net_text
func_01ED3D48	0x01ED3D48	0x15C	net_text
func_01ED3EA8	0x01ED3EA8	0x78	net_text
func_01ED3F20	0x01ED3F20	0x24	net_text
func_01ED3F48	0x01ED3F48	0xF0	net_text
func_01ED4038	0x01ED4038	0x1A4	net_text
func_01ED41E0	0x01ED41E0	0x198	net_text
func_01ED4380	0x01ED4380	0x64	net_text
func_01ED43E8	0x01ED43E8	0x48	net_text
func_01ED4430	0x01ED4430	0x4	net_text
func_01ED4438	0x01ED4438	0x14	net_text
func_01ED4450	0x01ED4450	0xC	net_text
func_01ED4460	0x01ED4460	0x14	net_text
func_01ED4478	0x01ED4478	0x1C	net_text
func_01ED4498	0x01ED4498	0x210	net_text
func_01ED46A8	0x01ED46A8	0xB8	net_text
func_01ED4760	0x01ED4760	0x24	net_text
func_01ED4788	0x01ED4788	0x110	net_text
func_01ED4898	0x01ED4898	0x7C	net_text
func_01ED4918	0x01ED4918	0x80	net_text
func_01ED4998	0x01ED4998	0x7C	net_text
func_01ED4A18	0x01ED4A18	0x80	net_text
func_01ED4A98	0x01ED4A98	0x7C	net_text
func_01ED4B18	0x01ED4B18	0x80	net_text
func_01ED4B98	0x01ED4B98	0x7C	net_text
func_01ED4C18	0x01ED4C18	0x7C	net_text
func_01ED4C98	0x01ED4C98	0x80	net_text
func_01ED4D18	0x01ED4D18	0x7C	net_text
func_01ED4D98	0x01ED4D98	0x7C	net_text
func_01ED4E18	0x01ED4E18	0x80	net_text
func_01ED4E98	0x01ED4E98	0x80	net_text
func_01ED4F18	0x01ED4F18	0x7C	net_text
func_01ED4F98	0x01ED4F98	0x80	net_text
func_01ED5018	0x01ED5018	0x80	net_text
func_01ED5098	0x01ED5098	0x7C	net_text
func_01ED5118	0x01ED5118	0x7C	net_text
func_01ED5198	0x01ED5198	0x7C	net_text
func_01ED5218	0x01ED5218	0x84	net_text
func_01ED52A0	0x01ED52A0	0x7C	net_text
func_01ED5320	0x01ED5320	0x7C	net_text
func_01ED53A0	0x01ED53A0	0x84	net_text
func_01ED5428	0x01ED5428	0x7C	net_text
func_01ED54A8	0x01ED54A8	0x7C	net_text
func_01ED5528	0x01ED5528	0xC	net_text
func_01ED5538	0x01ED5538	0xC	net_text
func_01ED5548	0x01ED5548	0x24	net_text
func_01ED5570	0x01ED5570	0x20	net_text
func_01ED5590	0x01ED5590	0xC	net_text
func_01ED55A0	0x01ED55A0	0xC	net_text
func_01ED55B0	0x01ED55B0	0x88	net_text
func_01ED5638	0x01ED5638	0x20	net_text
func_01ED5658	0x01ED5658	0x5C	net_text
func_01ED56B8	0x01ED56B8	0x54	net_text
func_01ED5710	0x01ED5710	0x10	net_text
func_01ED5720	0x01ED5720	0x54	net_text
func_01ED5778	0x01ED5778	0xE8	net_text
func_01ED5860	0x01ED5860	0x1C4	net_text
func_01ED5A28	0x01ED5A28	0x64	net_text
func_01ED5A90	0x01ED5A90	0x90	net_text
func_01ED5B20	0x01ED5B20	0x14	net_text
func_01ED5B38	0x01ED5B38	0xC	net_text
func_01ED5B48	0x01ED5B48	0xC	net_text
func_01ED5B58	0x01ED5B58	0x14	net_text
func_01ED5B70	0x01ED5B70	0x138	net_text
func_01ED5CA8	0x01ED5CA8	0x84	net_text
func_01ED5D30	0x01ED5D30	0x34	net_text
func_01ED5D68	0x01ED5D68	0x68	net_text
func_01ED5DD0	0x01ED5DD0	0x34	net_text
func_01ED5E08	0x01ED5E08	0x134	net_text
func_01ED5F40	0x01ED5F40	0x4C	net_text
func_01ED5F90	0x01ED5F90	0x48	net_text
func_01ED5FD8	0x01ED5FD8	0x10	net_text
func_01ED5FE8	0x01ED5FE8	0xB0	net_text
func_01ED6098	0x01ED6098	0x84	net_text
func_01ED6120	0x01ED6120	0xF4	net_text
func_01ED6218	0x01ED6218	0x3C	net_text
func_01ED6258	0x01ED6258	0x5C	net_text
func_01ED62B8	0x01ED62B8	0xC8	net_text
func_01ED6380	0x01ED6380	0x98	net_text
func_01ED6418	0x01ED6418	0x60	net_text
func_01ED6478	0x01ED6478	0x234	net_text
func_01ED66B0	0x01ED66B0	0x68	net_text
func_01ED6718	0x01ED6718	0x184	net_text
func_01ED68A0	0x01ED68A0	0x68	net_text
func_01ED6908	0x01ED6908	0x8C	net_text
func_01ED6998	0x01ED6998	0x7C	net_text
func_01ED6A18	0x01ED6A18	0x90	net_text
func_01ED6AA8	0x01ED6AA8	0x80	net_text
func_01ED6B28	0x01ED6B28	0x88	net_text
func_01ED6BB0	0x01ED6BB0	0x80	net_text
func_01ED6C30	0x01ED6C30	0x84	net_text
func_01ED6CB8	0x01ED6CB8	0xF8	net_text
func_01ED6DB0	0x01ED6DB0	0x80	net_text
func_01ED6E30	0x01ED6E30	0x94	net_text
func_01ED6EC8	0x01ED6EC8	0x7C	net_text
func_01ED6F48	0x01ED6F48	0x7C	net_text
func_01ED6FC8	0x01ED6FC8	0x7C	net_text
func_01ED7048	0x01ED7048	0x80	net_text
func_01ED70C8	0x01ED70C8	0x64	net_text
func_01ED7130	0x01ED7130	0x60	net_text
func_01ED7190	0x01ED7190	0x84	net_text
func_01ED7218	0x01ED7218	0x7C	net_text
func_01ED7298	0x01ED7298	0x84	net_text
func_01ED7320	0x01ED7320	0x7C	net_text
func_01ED73A0	0x01ED73A0	0x7C	net_text
func_01ED7420	0x01ED7420	0x10C	net_text
func_01ED7530	0x01ED7530	0x5C	net_text
func_01ED7590	0x01ED7590	0x5C	net_text
func_01ED75F0	0x01ED75F0	0x64	net_text
func_01ED7658	0x01ED7658	0x7C	net_text
func_01ED76D8	0x01ED76D8	0x7C	net_text
func_01ED7758	0x01ED7758	0x74	net_text
func_01ED77D0	0x01ED77D0	0x74	net_text
func_01ED7848	0x01ED7848	0x7C	net_text
func_01ED78C8	0x01ED78C8	0x5C	net_text
func_01ED7948	0x01ED7948	0x7C	net_text
func_01ED79C8	0x01ED79C8	0x8C	net_text
func_01ED7A58	0x01ED7A58	0x7C	net_text
func_01ED7AD8	0x01ED7AD8	0x94	net_text
func_01ED7B70	0x01ED7B70	0x114	net_text
func_01ED7C88	0x01ED7C88	0x9C	net_text
func_01ED7D28	0x01ED7D28	0xF8	net_text
func_01ED7E20	0x01ED7E20	0x74	net_text
func_01ED7E98	0x01ED7E98	0x74	net_text
func_01ED7F10	0x01ED7F10	0x74	net_text
func_01ED7F88	0x01ED7F88	0x74	net_text
func_01ED8000	0x01ED8000	0x74	net_text
func_01ED8078	0x01ED8078	0x7C	net_text
func_01ED80F8	0x01ED80F8	0x7C	net_text
func_01ED8178	0x01ED8178	0x74	net_text
func_01ED81F0	0x01ED81F0	0x4	net_text
func_01ED81F8	0x01ED81F8	0x74	net_text
func_01ED8270	0x01ED8270	0x4	net_text
func_01ED8278	0x01ED8278	0xB8	net_text
func_01ED8330	0x01ED8330	0x4	net_text
func_01ED8338	0x01ED8338	0xA0	net_text
func_01ED83D8	0x01ED83D8	0x74	net_text
func_01ED8450	0x01ED8450	0x74	net_text
func_01ED84C8	0x01ED84C8	0x38	net_text
func_01ED8500	0x01ED8500	0x28	net_text
func_01ED8528	0x01ED8528	0x60	net_text
func_01ED8588	0x01ED8588	0x24	net_text
func_01ED85B0	0x01ED85B0	0x54	net_text
func_01ED8608	0x01ED8608	0x28	net_text
func_01ED8630	0x01ED8630	0x15C	net_text
func_01ED8790	0x01ED8790	0x1BC	net_text
func_01ED8950	0x01ED8950	0x160	net_text
func_01ED8AB0	0x01ED8AB0	0x13C	net_text
func_01ED8BF0	0x01ED8BF0	0x14C	net_text
func_01ED8D40	0x01ED8D40	0x188	net_text
func_01ED8EC8	0x01ED8EC8	0x84	net_text
func_01ED8F50	0x01ED8F50	0x8	net_text
func_01ED8F58	0x01ED8F58	0x1C	net_text
func_01ED8F78	0x01ED8F78	0x104	net_text
func_01ED9080	0x01ED9080	0x8	net_text
func_01ED9088	0x01ED9088	0x18	net_text
func_01ED90A0	0x01ED90A0	0x18	net_text
func_01ED90B8	0x01ED90B8	0x1C	net_text
func_01ED90D8	0x01ED90D8	0x6C	net_text
func_01ED9148	0x01ED9148	0x80	net_text
func_01ED91C8	0x01ED91C8	0x64	net_text
func_01ED9230	0x01ED9230	0x8	net_text
func_01ED9238	0x01ED9238	0x8C	net_text
func_01ED92C8	0x01ED92C8	0x48	net_text
func_01ED9310	0x01ED9310	0x44	net_text
func_01ED9358	0x01ED9358	0x8C	net_text
func_01ED93E8	0x01ED93E8	0x34	net_text
func_01ED9420	0x01ED9420	0x84	net_text
func_01ED94A8	0x01ED94A8	0x1C	net_text
func_01ED94C8	0x01ED94C8	0x24	net_text
func_01ED94F0	0x01ED94F0	0x148	net_text
func_01ED9638	0x01ED9638	0x17C	net_text
func_01ED97B8	0x01ED97B8	0x68	net_text
func_01ED9820	0x01ED9820	0x13C	net_text
func_01ED9960	0x01ED9960	0x64	net_text
func_01ED99C8	0x01ED99C8	0x64	net_text
func_01ED9A30	0x01ED9A30	0x98	net_text
func_01ED9AC8	0x01ED9AC8	0x78	net_text
func_01ED9B40	0x01ED9B40	0x4C	net_text
func_01ED9B90	0x01ED9B90	0x50	net_text
func_01ED9BE0	0x01ED9BE0	0x8	net_text
func_01ED9BE8	0x01ED9BE8	0x20	net_text
func_01ED9C08	0x01ED9C08	0x58	net_text
func_01ED9C60	0x01ED9C60	0x40	net_text
func_01ED9CA0	0x01ED9CA0	0x3F8	net_text
func_01EDA098	0x01EDA098	0x1C	net_text
func_01EDA0B8	0x01EDA0B8	0x54	net_text
func_01EDA110	0x01EDA110	0x2AC	net_text
func_01EDA3C0	0x01EDA3C0	0x48	net_text
func_01EDA408	0x01EDA408	0xF0	net_text
func_01EDA4F8	0x01EDA4F8	0xC8	net_text
func_01EDA5C0	0x01EDA5C0	0xA4	net_text
func_01EDA668	0x01EDA668	0x104	net_text
func_01EDA770	0x01EDA770	0x24	net_text
func_01EDA798	0x01EDA798	0xD8	net_text
func_01EDA870	0x01EDA870	0x4C	net_text
func_01EDA8C0	0x01EDA8C0	0x44	net_text
func_01EDA908	0x01EDA908	0x18	net_text
func_01EDA920	0x01EDA920	0x18	net_text
func_01EDA938	0x01EDA938	0x14	net_text
func_01EDA950	0x01EDA950	0x8	net_text
func_01EDA958	0x01EDA958	0x34	net_text
func_01EDA990	0x01EDA990	0x3C	net_text
func_01EDA9D0	0x01EDA9D0	0x10	net_text
func_01EDA9E0	0x01EDA9E0	0xF0	net_text
func_01EDAAD0	0x01EDAAD0	0x1B8	net_text
func_01EDAC88	0x01EDAC88	0x50	net_text
func_01EDACD8	0x01EDACD8	0x80	net_text
func_01EDAD58	0x01EDAD58	0xB0	net_text
func_01EDAE08	0x01EDAE08	0x114	net_text
func_01EDAF20	0x01EDAF20	0x74	net_text
func_01EDAF98	0x01EDAF98	0x38	net_text
func_01EDAFD0	0x01EDAFD0	0x1C	net_text
func_01EDAFF0	0x01EDAFF0	0x8	net_text
func_01EDAFF8	0x01EDAFF8	0x8	net_text
func_01EDB000	0x01EDB000	0x18	net_text
func_01EDB018	0x01EDB018	0x14	net_text
func_01EDB030	0x01EDB030	0x24	net_text
func_01EDB058	0x01EDB058	0x14	net_text
func_01EDB070	0x01EDB070	0xC	net_text
func_01EDB080	0x01EDB080	0x8	net_text
func_01EDB088	0x01EDB088	0x8	net_text
func_01EDB090	0x01EDB090	0x74	net_text
func_01EDB108	0x01EDB108	0x90	net_text
func_01EDB198	0x01EDB198	0x74	net_text
func_01EDB210	0x01EDB210	0x74	net_text
func_01EDB288	0x01EDB288	0x7C	net_text
func_01EDB308	0x01EDB308	0x7C	net_text
func_01EDB388	0x01EDB388	0x24	net_text
func_01EDB3B0	0x01EDB3B0	0x2C	net_text
func_01EDB3E0	0x01EDB3E0	0x58	net_text
func_01EDB438	0x01EDB438	0x40	net_text
func_01EDB478	0x01EDB478	0x144	net_text
func_01EDB5C0	0x01EDB5C0	0x98	net_text
func_01EDB658	0x01EDB658	0x9C	net_text
func_01EDB6F8	0x01EDB6F8	0x9C	net_text
func_01EDB798	0x01EDB798	0x120	net_text
func_01EDB8B8	0x01EDB8B8	0x4C	net_text
func_01EDB908	0x01EDB908	0x74	net_text
func_01EDB980	0x01EDB980	0xBC	net_text
func_01EDBA40	0x01EDBA40	0xE0	net_text
func_01EDBB20	0x01EDBB20	0x8	net_text
func_01EDBB28	0x01EDBB28	0x34	net_text
func_01EDBB60	0x01EDBB60	0x5C	net_text
func_01EDBBC0	0x01EDBBC0	0x44	net_text
func_01EDBC08	0x01EDBC08	0x8	net_text
func_01EDBC10	0x01EDBC10	0x54	net_text
func_01EDBC68	0x01EDBC68	0x34	net_text
func_01EDBCA0	0x01EDBCA0	0x34	net_text
func_01EDBCD8	0x01EDBCD8	0x34	net_text
func_01EDBD10	0x01EDBD10	0x34	net_text
func_01EDBD48	0x01EDBD48	0x34	net_text
func_01EDBD80	0x01EDBD80	0x34	net_text
func_01EDBDB8	0x01EDBDB8	0x34	net_text
func_01EDBDF0	0x01EDBDF0	0x34	net_text
func_01EDBE28	0x01EDBE28	0x34	net_text
func_01EDBE60	0x01EDBE60	0x34	net_text
func_01EDBE98	0x01EDBE98	0x34	net_text
func_01EDBED0	0x01EDBED0	0x8	net_text
func_01EDBED8	0x01EDBED8	0x34	net_text
func_01EDBF10	0x01EDBF10	0x34	net_text
func_01EDBF48	0x01EDBF48	0x34	net_text
func_01EDBF80	0x01EDBF80	0x34	net_text
func_01EDBFB8	0x01EDBFB8	0x34	net_text
func_01EDBFF0	0x01EDBFF0	0x34	net_text
func_01EDC028	0x01EDC028	0x34	net_text
func_01EDC060	0x01EDC060	0x34	net_text
func_01EDC098	0x01EDC098	0x34	net_text
func_01EDC0D0	0x01EDC0D0	0x8	net_text
func_01EDC0D8	0x01EDC0D8	0x34	net_text
func_01EDC110	0x01EDC110	0x8	net_text
func_01EDC118	0x01EDC118	0x34	net_text
func_01EDC150	0x01EDC150	0x34	net_text
func_01EDC188	0x01EDC188	0x34	net_text
func_01EDC1C0	0x01EDC1C0	0x34	net_text
func_01EDC1F8	0x01EDC1F8	0x34	net_text
func_01EDC230	0x01EDC230	0x34	net_text
func_01EDC268	0x01EDC268	0x8	net_text
func_01EDC270	0x01EDC270	0x34	net_text
func_01EDC2A8	0x01EDC2A8	0x34	net_text
func_01EDC2E0	0x01EDC2E0	0x34	net_text
func_01EDC318	0x01EDC318	0xC4	net_text
func_01EDC3E0	0x01EDC3E0	0x8	net_text
func_01EDC3E8	0x01EDC3E8	0x34	net_text
func_01EDC420	0x01EDC420	0x8	net_text
func_01EDC428	0x01EDC428	0x34	net_text
func_01EDC460	0x01EDC460	0x34	net_text
func_01EDC498	0x01EDC498	0x8	net_text
func_01EDC4A0	0x01EDC4A0	0x34	net_text
func_01EDC4D8	0x01EDC4D8	0x34	net_text
func_01EDC510	0x01EDC510	0x34	net_text
func_01EDC548	0x01EDC548	0x34	net_text
func_01EDC580	0x01EDC580	0x34	net_text
func_01EDC5B8	0x01EDC5B8	0x34	net_text
func_01EDC5F0	0x01EDC5F0	0x34	net_text
func_01EDC628	0x01EDC628	0x34	net_text
func_01EDC660	0x01EDC660	0x34	net_text
func_01EDC698	0x01EDC698	0x34	net_text
func_01EDC6D0	0x01EDC6D0	0x34	net_text
func_01EDC708	0x01EDC708	0x34	net_text
func_01EDC740	0x01EDC740	0x34	net_text
func_01EDC778	0x01EDC778	0x34	net_text
func_01EDC7B0	0x01EDC7B0	0x34	net_text
func_01EDC7E8	0x01EDC7E8	0x34	net_text
func_01EDC820	0x01EDC820	0x34	net_text
func_01EDC858	0x01EDC858	0x34	net_text
func_01EDC890	0x01EDC890	0x34	net_text
func_01EDC8C8	0x01EDC8C8	0x34	net_text
func_01EDC900	0x01EDC900	0x34	net_text
func_01EDC938	0x01EDC938	0x34	net_text
func_01EDC970	0x01EDC970	0x34	net_text
func_01EDC9A8	0x01EDC9A8	0x34	net_text
func_01EDC9E0	0x01EDC9E0	0x34	net_text
func_01EDCA18	0x01EDCA18	0x34	net_text
func_01EDCA50	0x01EDCA50	0x34	net_text
func_01EDCA88	0x01EDCA88	0x34	net_text
func_01EDCAC0	0x01EDCAC0	0x34	net_text
func_01EDCAF8	0x01EDCAF8	0x34	net_text
func_01EDCB30	0x01EDCB30	0x34	net_text
func_01EDCB68	0x01EDCB68	0x34	net_text
func_01EDCBA0	0x01EDCBA0	0x34	net_text
func_01EDCBD8	0x01EDCBD8	0x34	net_text
func_01EDCC10	0x01EDCC10	0x34	net_text
func_01EDCC48	0x01EDCC48	0x34	net_text
func_01EDCC80	0x01EDCC80	0x34	net_text
func_01EDCCB8	0x01EDCCB8	0x34	net_text
func_01EDCCF0	0x01EDCCF0	0x34	net_text
func_01EDCD28	0x01EDCD28	0x34	net_text
func_01EDCD60	0x01EDCD60	0x34	net_text
func_01EDCD98	0x01EDCD98	0x34	net_text
func_01EDCDD0	0x01EDCDD0	0x34	net_text
func_01EDCE08	0x01EDCE08	0x34	net_text
func_01EDCE40	0x01EDCE40	0x34	net_text
func_01EDCE78	0x01EDCE78	0x34	net_text
func_01EDCEB0	0x01EDCEB0	0x34	net_text
func_01EDCEE8	0x01EDCEE8	0x34	net_text
func_01EDCF20	0x01EDCF20	0x34	net_text
func_01EDCF58	0x01EDCF58	0x34	net_text
func_01EDCF90	0x01EDCF90	0x34	net_text
func_01EDCFC8	0x01EDCFC8	0x34	net_text
func_01EDD000	0x01EDD000	0x34	net_text
func_01EDD038	0x01EDD038	0x34	net_text
func_01EDD070	0x01EDD070	0x34	net_text
func_01EDD0A8	0x01EDD0A8	0x34	net_text
func_01EDD0E0	0x01EDD0E0	0x34	net_text
func_01EDD118	0x01EDD118	0x34	net_text
func_01EDD150	0x01EDD150	0x34	net_text
func_01EDD188	0x01EDD188	0x8	net_text
func_01EDD190	0x01EDD190	0xD4	net_text
func_01EDD268	0x01EDD268	0x34	net_text
func_01EDD2A0	0x01EDD2A0	0x34	net_text
func_01EDD2D8	0x01EDD2D8	0x34	net_text
func_01EDD310	0x01EDD310	0x34	net_text
func_01EDD348	0x01EDD348	0x34	net_text
func_01EDD380	0x01EDD380	0x34	net_text
func_01EDD3B8	0x01EDD3B8	0x34	net_text
func_01EDD3F0	0x01EDD3F0	0x34	net_text
func_01EDD428	0x01EDD428	0x34	net_text
func_01EDD460	0x01EDD460	0x34	net_text
func_01EDD498	0x01EDD498	0x34	net_text
func_01EDD4D0	0x01EDD4D0	0x54	net_text
func_01EDD528	0x01EDD528	0x8	net_text
func_01EDD530	0x01EDD530	0x8	net_text
func_01EDD538	0x01EDD538	0x8C	net_text
func_01EDD5C8	0x01EDD5C8	0x5DC	net_text
func_01EDDBA8	0x01EDDBA8	0x34	net_text
func_01EDDBE0	0x01EDDBE0	0x34	net_text
func_01EDDC18	0x01EDDC18	0x34	net_text
func_01EDDC50	0x01EDDC50	0x34	net_text
func_01EDDC88	0x01EDDC88	0x34	net_text
func_01EDDCC0	0x01EDDCC0	0x34	net_text
func_01EDDCF8	0x01EDDCF8	0x34	net_text
func_01EDDD30	0x01EDDD30	0x74	net_text
func_01EDDDA8	0x01EDDDA8	0x48	net_text
func_01EDDDF0	0x01EDDDF0	0x34	net_text
func_01EDDE28	0x01EDDE28	0x34	net_text
func_01EDDE60	0x01EDDE60	0x34	net_text
func_01EDDE98	0x01EDDE98	0x34	net_text
func_01EDDED0	0x01EDDED0	0x34	net_text
func_01EDDF08	0x01EDDF08	0x34	net_text
func_01EDDF40	0x01EDDF40	0x94	net_text
func_01EDDFD8	0x01EDDFD8	0xAE0	net_text
func_01EDEAB8	0x01EDEAB8	0x6C	net_text
func_01EDEB28	0x01EDEB28	0x30	net_text
func_01EDEB58	0x01EDEB58	0x24	net_text
func_01EDEB80	0x01EDEB80	0x338	net_text
func_01EDEEB8	0x01EDEEB8	0x214	net_text
func_01EDF0D0	0x01EDF0D0	0xCC	net_text
func_01EDF1A0	0x01EDF1A0	0x1A8	net_text
func_01EDF348	0x01EDF348	0xD0	net_text
func_01EDF418	0x01EDF418	0x2C	net_text
func_01EDF448	0x01EDF448	0x20	net_text
func_01EDF468	0x01EDF468	0x80	net_text
func_01EDF4E8	0x01EDF4E8	0xD0	net_text
func_01EDF5B8	0x01EDF5B8	0x8	net_text
func_01EDF5C0	0x01EDF5C0	0xFC	net_text
func_01EDF6C0	0x01EDF6C0	0x8C	net_text
func_01EDF750	0x01EDF750	0x394	net_text
func_01EDFAE8	0x01EDFAE8	0x40	net_text
func_01EDFB28	0x01EDFB28	0x364	net_text
func_01EDFE90	0x01EDFE90	0x210	net_text
func_01EE00A0	0x01EE00A0	0xF0	net_text
func_01EE0190	0x01EE0190	0x1AC	net_text
func_01EE0340	0x01EE0340	0x78	net_text
func_01EE03B8	0x01EE03B8	0x78	net_text
func_01EE0430	0x01EE0430	0x188	net_text
func_01EE05B8	0x01EE05B8	0x8C	net_text
func_01EE0648	0x01EE0648	0x334	net_text
func_01EE0980	0x01EE0980	0x2A8	net_text
func_01EE0C28	0x01EE0C28	0x168	net_text
func_01EE0D90	0x01EE0D90	0x88	net_text
func_01EE0E18	0x01EE0E18	0x2C	net_text
func_01EE0E48	0x01EE0E48	0x4	net_text
func_01EE0E50	0x01EE0E50	0x2A0	net_text
func_01EE10F0	0x01EE10F0	0x45C	net_text
func_01EE1550	0x01EE1550	0x80	net_text
func_01EE15D0	0x01EE15D0	0x4	net_text
func_01EE15D8	0x01EE15D8	0xB8	net_text
func_01EE1690	0x01EE1690	0xC8	net_text
func_01EE1758	0x01EE1758	0x18	net_text
func_01EE1770	0x01EE1770	0x98	net_text
func_01EE1808	0x01EE1808	0xC8	net_text
func_01EE18D0	0x01EE18D0	0x140	net_text
func_01EE1A10	0x01EE1A10	0x4C	net_text
func_01EE1A60	0x01EE1A60	0x88	net_text
func_01EE1AE8	0x01EE1AE8	0x2EC	net_text
func_01EE1DD8	0x01EE1DD8	0x984	net_text
func_01EE2760	0x01EE2760	0x2E0	net_text
func_01EE2A40	0x01EE2A40	0x150	net_text
func_01EE2B90	0x01EE2B90	0x150	net_text
func_01EE2CE0	0x01EE2CE0	0x2FC	net_text
func_01EE2FE0	0x01EE2FE0	0x8	net_text
func_01EE2FE8	0x01EE2FE8	0x84	net_text
func_01EE3070	0x01EE3070	0x1E4	net_text
func_01EE3258	0x01EE3258	0xA4	net_text
func_01EE32FC	0x01EE32FC	0x180	net_text
func_01EE347C	0x01EE347C	0x2C	net_text
func_01EE34A8	0x01EE34A8	0x38	net_text
func_01EE34E0	0x01EE34E0	0x90	net_text
func_01EE3570	0x01EE3570	0x90	net_text
func_01EE3600	0x01EE3600	0x6C	net_text
func_01EE366C	0x01EE366C	0x104	net_text
func_01EE3770	0x01EE3770	0x154	net_text
func_01EE38C4	0x01EE38C4	0x28	net_text
func_01EE38EC	0x01EE38EC	0x14	net_text
func_01EE3900	0x01EE3900	0x4C	net_text
func_01EE394C	0x01EE394C	0x14	net_text
func_01EE3960	0x01EE3960	0x14	net_text
func_01EE3974	0x01EE3974	0x6C	net_text
func_01EE39E0	0x01EE39E0	0x38	net_text
func_01EE3A18	0x01EE3A18	0x6C	net_text
func_01EE3A84	0x01EE3A84	0x14	net_text
func_01EE3A98	0x01EE3A98	0x14	net_text
func_01EE3AAC	0x01EE3AAC	0x14	net_text
func_01EE3AC0	0x01EE3AC0	0x20	net_text
func_01EE3AE0	0x01EE3AE0	0x70	net_text
func_01EE3B50	0x01EE3B50	0x5C	net_text
func_01EE3BAC	0x01EE3BAC	0x140	net_text
func_01EE3CEC	0x01EE3CEC	0x5C	net_text
func_01EE3D48	0x01EE3D48	0x68	net_text
func_01EE3DB0	0x01EE3DB0	0x64	net_text
func_01EE3E14	0x01EE3E14	0x88	net_text
func_01EE3E9C	0x01EE3E9C	0x1E0	net_text
func_01EE407C	0x01EE407C	0x3C	net_text
func_01EE40B8	0x01EE40B8	0x94	net_text
func_01EE414C	0x01EE414C	0x8	net_text
func_01EE4154	0x01EE4154	0x8	net_text
func_01EE415C	0x01EE415C	0xA8	net_text
func_01EE4204	0x01EE4204	0x89C	net_text
func_01EE4AA0	0x01EE4AA0	0x23C	net_text
func_01EE4CDC	0x01EE4CDC	0x6C	net_text
func_01EE4D48	0x01EE4D48	0x90	net_text
func_01EE4DD8	0x01EE4DD8	0xC	net_text
func_01EE4DE4	0x01EE4DE4	0xC	net_text
func_01EE4DF0	0x01EE4DF0	0x210	net_text
func_01EE5000	0x01EE5000	0x3C	net_text
func_01EE503C	0x01EE503C	0x30	net_text
func_01EE506C	0x01EE506C	0x68	net_text
func_01EE50D4	0x01EE50D4	0x30	net_text
func_01EE5104	0x01EE5104	0xC8	net_text
func_01EE51CC	0x01EE51CC	0x68	net_text
func_01EE5234	0x01EE5234	0x34	net_text
func_01EE5268	0x01EE5268	0x80	net_text
func_01EE52E8	0x01EE52E8	0xA8	net_text
func_01EE5390	0x01EE5390	0x90	net_text
func_01EE5420	0x01EE5420	0x8	net_text
func_01EE5428	0x01EE5428	0x8	net_text
func_01EE5430	0x01EE5430	0x8C	net_text
func_01EE54BC	0x01EE54BC	0xB8	net_text
func_01EE5574	0x01EE5574	0x8	net_text
func_01EE557C	0x01EE557C	0x8	net_text
func_01EE5584	0x01EE5584	0x8	net_text
func_01EE558C	0x01EE558C	0x8	net_text
func_01EE5594	0x01EE5594	0xCC	net_text
func_01EE5660	0x01EE5660	0x184	net_text
func_01EE57E4	0x01EE57E4	0x144	net_text
func_01EE5928	0x01EE5928	0x8	net_text
func_01EE5930	0x01EE5930	0x48	net_text
func_01EE5978	0x01EE5978	0x1EC	net_text
func_01EE5B64	0x01EE5B64	0x3C	net_text
func_01EE5BA0	0x01EE5BA0	0x30	net_text
func_01EE5BD0	0x01EE5BD0	0x120	net_text
func_01EE5CF0	0x01EE5CF0	0x2C8	net_text
func_01EE5FB8	0x01EE5FB8	0x140	net_text
func_01EE60F8	0x01EE60F8	0x15C	net_text
func_01EE6254	0x01EE6254	0x58	net_text
func_01EE62AC	0x01EE62AC	0x58	net_text
func_01EE6304	0x01EE6304	0x58	net_text
func_01EE635C	0x01EE635C	0x354	net_text
func_01EE66B0	0x01EE66B0	0xBC	net_text
func_01EE676C	0x01EE676C	0x70	net_text
func_01EE67DC	0x01EE67DC	0x120	net_text
func_01EE68FC	0x01EE68FC	0x1FC	net_text
func_01EE6AF8	0x01EE6AF8	0x54	net_text
func_01EE6B4C	0x01EE6B4C	0x18	net_text
func_01EE6B64	0x01EE6B64	0x1C	net_text
func_01EE6B80	0x01EE6B80	0x360	net_text
func_01EE6EE0	0x01EE6EE0	0x98	net_text
func_01EE6F78	0x01EE6F78	0x98	net_text
func_01EE7010	0x01EE7010	0x88	net_text
func_01EE7098	0x01EE7098	0x1C8	net_text
func_01EE7260	0x01EE7260	0x17C	net_text
func_01EE73DC	0x01EE73DC	0x114	net_text
func_01EE74F0	0x01EE74F0	0x130	net_text
func_01EE7620	0x01EE7620	0x240	net_text
func_01EE7860	0x01EE7860	0xA4	net_text
func_01EE7904	0x01EE7904	0x128	net_text
func_01EE7A2C	0x01EE7A2C	0x5C	net_text
func_01EE7A88	0x01EE7A88	0xF0	net_text
func_01EE7B78	0x01EE7B78	0x24	net_text
func_01EE7B9C	0x01EE7B9C	0x98	net_text
func_01EE7C34	0x01EE7C34	0x22C	net_text
func_01EE7E60	0x01EE7E60	0x8C	net_text
func_01EE7EEC	0x01EE7EEC	0xF0	net_text
func_01EE7FDC	0x01EE7FDC	0x34	net_text
func_01EE8010	0x01EE8010	0x34	net_text
func_01EE8044	0x01EE8044	0x4C	net_text
func_01EE8090	0x01EE8090	0xD0	net_text
func_01EE8160	0x01EE8160	0xC0	net_text
func_01EE8220	0x01EE8220	0x1B8	net_text
func_01EE83D8	0x01EE83D8	0x7B0	net_text
func_01EE8B88	0x01EE8B88	0x190	net_text
func_01EE8D18	0x01EE8D18	0x3D4	net_text
func_01EE90EC	0x01EE90EC	0xA0	net_text
func_01EE918C	0x01EE918C	0x54	net_text
func_01EE91E0	0x01EE91E0	0x90	net_text
func_01EE9270	0x01EE9270	0xFC	net_text
func_01EE936C	0x01EE936C	0xE0	net_text
func_01EE944C	0x01EE944C	0x68	net_text
func_01EE94B4	0x01EE94B4	0x44	net_text
func_01EE94F8	0x01EE94F8	0x64	net_text
func_01EE955C	0x01EE955C	0x354	net_text
func_01EE98B0	0x01EE98B0	0x28	net_text
func_01EE98D8	0x01EE98D8	0x14	net_text
func_01EE98EC	0x01EE98EC	0x14	net_text
func_01EE9900	0x01EE9900	0x2C	net_text
func_01EE992C	0x01EE992C	0x74	net_text
func_01EE99A0	0x01EE99A0	0xD0	net_text
func_01EE9A70	0x01EE9A70	0xD0	net_text
func_01EE9B40	0x01EE9B40	0x2C	net_text
func_01EE9B6C	0x01EE9B6C	0x1D4	net_text
func_01EE9D40	0x01EE9D40	0x30	net_text
func_01EE9D70	0x01EE9D70	0x20	net_text
func_01EE9D90	0x01EE9D90	0xC4	net_text
func_01EE9E54	0x01EE9E54	0xD4	net_text
func_01EE9F28	0x01EE9F28	0x34	net_text
func_01EE9F5C	0x01EE9F5C	0xD8	net_text
func_01EEA034	0x01EEA034	0xD0	net_text
func_01EEA104	0x01EEA104	0x250	net_text
func_01EEA354	0x01EEA354	0x324	net_text
func_01EEA678	0x01EEA678	0xFC	net_text
func_01EEA774	0x01EEA774	0x174	net_text
func_01EEA8E8	0x01EEA8E8	0x8C	net_text
func_01EEA974	0x01EEA974	0x34	net_text
func_01EEA9A8	0x01EEA9A8	0xFC	net_text
func_01EEAAA4	0x01EEAAA4	0x64	net_text
func_01EEAB08	0x01EEAB08	0x1C0	net_text
func_01EEACC8	0x01EEACC8	0x80	net_text
func_01EEAD48	0x01EEAD48	0x1DC	net_text
func_01EEAF24	0x01EEAF24	0x1EC	net_text
func_01EEB110	0x01EEB110	0xA0	net_text
func_01EEB1B0	0x01EEB1B0	0x530	net_text
func_01EEB6E0	0x01EEB6E0	0x124	net_text
func_01EEB804	0x01EEB804	0x120	net_text
func_01EEB924	0x01EEB924	0x44	net_text
func_01EEB968	0x01EEB968	0x8	net_text
func_01EEB970	0x01EEB970	0x8	net_text
func_01EEB978	0x01EEB978	0x10	net_text
func_01EEB988	0x01EEB988	0xC	net_text
func_01EEB994	0x01EEB994	0x18	net_text
func_01EEB9AC	0x01EEB9AC	0x8	net_text
func_01EEB9B4	0x01EEB9B4	0x8	net_text
func_01EEB9BC	0x01EEB9BC	0x8	net_text
func_01EEB9C4	0x01EEB9C4	0x8	net_text
func_01EEB9CC	0x01EEB9CC	0x1C	net_text
func_01EEB9E8	0x01EEB9E8	0x160	net_text
func_01EEBB48	0x01EEBB48	0xF0	net_text
func_01EEBC38	0x01EEBC38	0x1C	net_text
func_01EEBC54	0x01EEBC54	0x1C	net_text
func_01EEBC70	0x01EEBC70	0xC0	net_text
func_01EEBD30	0x01EEBD30	0x70	net_text
func_01EEBDA0	0x01EEBDA0	0x1C	net_text
func_01EEBDBC	0x01EEBDBC	0x8	net_text
func_01EEBDC4	0x01EEBDC4	0x8	net_text
func_01EEBDCC	0x01EEBDCC	0x8	net_text
func_01EEBDD4	0x01EEBDD4	0x80	net_text
func_01EEBE54	0x01EEBE54	0x50	net_text
func_01EEBEA4	0x01EEBEA4	0x3BC	net_text
func_01EEC260	0x01EEC260	0x8	net_text
func_01EEC268	0x01EEC268	0x21C	net_text
func_01EEC484	0x01EEC484	0x14	net_text
func_01EEC498	0x01EEC498	0x50	net_text
func_01EEC4E8	0x01EEC4E8	0x24	net_text
func_01EEC50C	0x01EEC50C	0x38	net_text
func_01EEC544	0x01EEC544	0x38	net_text
func_01EEC57C	0x01EEC57C	0xBC	net_text
func_01EEC638	0x01EEC638	0x15C	net_text
func_01EEC794	0x01EEC794	0x40	net_text
func_01EEC7D4	0x01EEC7D4	0x44	net_text
func_01EEC818	0x01EEC818	0x318	net_text
func_01EECB30	0x01EECB30	0x110	net_text
func_01EECC40	0x01EECC40	0x48	net_text
func_01EECC88	0x01EECC88	0x3C	net_text
func_01EECCC4	0x01EECCC4	0x8	net_text
func_01EECCCC	0x01EECCCC	0x8	net_text
func_01EECCD4	0x01EECCD4	0x8	net_text
func_01EECCDC	0x01EECCDC	0x8	net_text
func_01EECCE4	0x01EECCE4	0x8	net_text
func_01EECCEC	0x01EECCEC	0x8	net_text
func_01EECCF4	0x01EECCF4	0x44	net_text
func_01EECD38	0x01EECD38	0x1D4	net_text
func_01EECF0C	0x01EECF0C	0x1AC	net_text
func_01EED0B8	0x01EED0B8	0x1B4	net_text
func_01EED26C	0x01EED26C	0x240	net_text
func_01EED4AC	0x01EED4AC	0x8	net_text
func_01EED4B4	0x01EED4B4	0x24	net_text
func_01EED4D8	0x01EED4D8	0x28	net_text
func_01EED500	0x01EED500	0x28	net_text
func_01EED528	0x01EED528	0x70	net_text
func_01EED598	0x01EED598	0x10	net_text
func_01EED5A8	0x01EED5A8	0x10	net_text
func_01EED5B8	0x01EED5B8	0x34	net_text
func_01EED5EC	0x01EED5EC	0x3C	net_text
func_01EED628	0x01EED628	0x180	net_text
func_01EED7A8	0x01EED7A8	0xFC	net_text
func_01EED8A4	0x01EED8A4	0x1B4	net_text
func_01EEDA58	0x01EEDA58	0x8	net_text
func_01EEDA60	0x01EEDA60	0x48	net_text
func_01EEDAA8	0x01EEDAA8	0x228	net_text
func_01EEDCD0	0x01EEDCD0	0xE0	net_text
func_01EEDDB0	0x01EEDDB0	0xC4	net_text
func_01EEDE74	0x01EEDE74	0xDC	net_text
func_01EEDF50	0x01EEDF50	0x90	net_text
func_01EEDFE0	0x01EEDFE0	0x20	net_text
func_01EEE000	0x01EEE000	0x28	net_text
func_01EEE028	0x01EEE028	0x48	net_text
func_01EEE070	0x01EEE070	0xC	net_text
func_01EEE07C	0x01EEE07C	0x40	net_text
func_01EEE0BC	0x01EEE0BC	0x70	net_text
func_01EEE12C	0x01EEE12C	0x10	net_text
func_01EEE13C	0x01EEE13C	0x60	net_text
func_01EEE19C	0x01EEE19C	0x60	net_text
func_01EEE1FC	0x01EEE1FC	0x80	net_text
func_01EEE27C	0x01EEE27C	0x60	net_text
func_01EEE2DC	0x01EEE2DC	0x60	net_text
func_01EEE33C	0x01EEE33C	0x60	net_text
func_01EEE39C	0x01EEE39C	0x60	net_text
func_01EEE3FC	0x01EEE3FC	0x60	net_text
func_01EEE45C	0x01EEE45C	0x60	net_text
func_01EEE4BC	0x01EEE4BC	0x60	net_text
func_01EEE51C	0x01EEE51C	0x3C	net_text
func_01EEE558	0x01EEE558	0x30	net_text
func_01EEE588	0x01EEE588	0xCC	net_text
func_01EEE654	0x01EEE654	0x638	net_text
func_01EEEC8C	0x01EEEC8C	0x9C	net_text
func_01EEED28	0x01EEED28	0x24	net_text
func_01EEED4C	0x01EEED4C	0x54	net_text
func_01EEEDA0	0x01EEEDA0	0x24	net_text
func_01EEEDC4	0x01EEEDC4	0xC	net_text
func_01EEEDD0	0x01EEEDD0	0x50	net_text
func_01EEEE20	0x01EEEE20	0x1B0	net_text
func_01EEEFD0	0x01EEEFD0	0xA4	net_text
func_01EEF074	0x01EEF074	0x14	net_text
func_01EEF088	0x01EEF088	0xDC	net_text
func_01EEF164	0x01EEF164	0x8	net_text
func_01EEF16C	0x01EEF16C	0xC	net_text
func_01EEF178	0x01EEF178	0xE4	net_text
func_01EEF25C	0x01EEF25C	0x30	net_text
func_01EEF28C	0x01EEF28C	0xCC	net_text
func_01EEF358	0x01EEF358	0xA0	net_text
func_01EEF3F8	0x01EEF3F8	0x1C	net_text
func_01EEF414	0x01EEF414	0x294	net_text
func_01EEF6A8	0x01EEF6A8	0xF8	net_text
func_01EEF7A0	0x01EEF7A0	0x44	net_text
func_01EEF7E4	0x01EEF7E4	0x30	net_text
func_01EEF814	0x01EEF814	0x28	net_text
func_01EEF83C	0x01EEF83C	0x68	net_text
func_01EEF8A4	0x01EEF8A4	0x50	net_text
func_01EEF8F4	0x01EEF8F4	0xC0	net_text
func_01EEF9B4	0x01EEF9B4	0xA8	net_text
func_01EEFA5C	0x01EEFA5C	0x24	net_text
func_01EEFA80	0x01EEFA80	0x88	net_text
func_01EEFB08	0x01EEFB08	0x70	net_text
func_01EEFB78	0x01EEFB78	0xCC	net_text
func_01EEFC44	0x01EEFC44	0xFC	net_text
func_01EEFD40	0x01EEFD40	0xC8	net_text
func_01EEFE08	0x01EEFE08	0x44	net_text
func_01EEFE4C	0x01EEFE4C	0x48	net_text
func_01EEFE94	0x01EEFE94	0x24	net_text
func_01EEFEB8	0x01EEFEB8	0x94	net_text
func_01EEFF4C	0x01EEFF4C	0x1AC	net_text
func_01EF00F8	0x01EF00F8	0x18C	net_text
func_01EF0284	0x01EF0284	0xF4	net_text
func_01EF0378	0x01EF0378	0x54	net_text
func_01EF03CC	0x01EF03CC	0x64	net_text
func_01EF0430	0x01EF0430	0x74	net_text
func_01EF04A4	0x01EF04A4	0xAC	net_text
func_01EF0550	0x01EF0550	0x54	net_text
func_01EF05A4	0x01EF05A4	0x60	net_text
func_01EF0604	0x01EF0604	0x14	net_text
func_01EF0618	0x01EF0618	0x114	net_text
func_01EF072C	0x01EF072C	0x8	net_text
func_01EF0734	0x01EF0734	0x14	net_text
func_01EF0748	0x01EF0748	0x1C	net_text
func_01EF0764	0x01EF0764	0x30	net_text
func_01EF0794	0x01EF0794	0x88	net_text
func_01EF081C	0x01EF081C	0x130	net_text
func_01EF094C	0x01EF094C	0x90	net_text
func_01EF09DC	0x01EF09DC	0x7C	net_text
func_01EF0A58	0x01EF0A58	0x84	net_text
func_01EF0ADC	0x01EF0ADC	0x38	net_text
func_01EF0B14	0x01EF0B14	0x28	net_text
func_01EF0B3C	0x01EF0B3C	0x3C	net_text
func_01EF0B78	0x01EF0B78	0x30	net_text
func_01EF0BA8	0x01EF0BA8	0x74	net_text
func_01EF0C1C	0x01EF0C1C	0x38	net_text
func_01EF0C54	0x01EF0C54	0x30	net_text
func_01EF0C84	0x01EF0C84	0x30	net_text
func_01EF0CB4	0x01EF0CB4	0x64	net_text
func_01EF0D18	0x01EF0D18	0xC	net_text
func_01EF0D24	0x01EF0D24	0x20	net_text
func_01EF0D44	0x01EF0D44	0x44	net_text
func_01EF0D88	0x01EF0D88	0x10C4	net_text
func_01EF1E4C	0x01EF1E4C	0x124	net_text
func_01EF1F70	0x01EF1F70	0x220	net_text
func_01EF2190	0x01EF2190	0x6C	net_text
func_01EF21FC	0x01EF21FC	0x20	net_text
func_01EF221C	0x01EF221C	0x28	net_text
func_01EF2244	0x01EF2244	0x118	net_text
func_01EF235C	0x01EF235C	0x178	net_text
func_01EF24D4	0x01EF24D4	0xB4	net_text
func_01EF2588	0x01EF2588	0x90	net_text
func_01EF2618	0x01EF2618	0xC	net_text
func_01EF2624	0x01EF2624	0x8	net_text
func_01EF262C	0x01EF262C	0x6C	net_text
func_01EF2698	0x01EF2698	0x68	net_text
func_01EF2700	0x01EF2700	0x1A4	net_text
func_01EF28A4	0x01EF28A4	0x8	net_text
func_01EF28AC	0x01EF28AC	0x190	net_text
func_01EF2A3C	0x01EF2A3C	0xE4	net_text
func_01EF2B20	0x01EF2B20	0x1C	net_text
func_01EF2B3C	0x01EF2B3C	0x60	net_text
func_01EF2B9C	0x01EF2B9C	0x78	net_text
func_01EF2C14	0x01EF2C14	0x44	net_text
func_01EF2C58	0x01EF2C58	0x3C	net_text
func_01EF2C94	0x01EF2C94	0x30	net_text
func_01EF2CC4	0x01EF2CC4	0x4C	net_text
func_01EF2D10	0x01EF2D10	0x78	net_text
func_01EF2D88	0x01EF2D88	0x30	net_text
func_01EF2DB8	0x01EF2DB8	0x3C	net_text
func_01EF2DF4	0x01EF2DF4	0x30	net_text
func_01EF2E24	0x01EF2E24	0x268	net_text
func_01EF308C	0x01EF308C	0x60	net_text
func_01EF30EC	0x01EF30EC	0x78	net_text
func_01EF3164	0x01EF3164	0x6C	net_text
func_01EF31D0	0x01EF31D0	0xBC	net_text
func_01EF328C	0x01EF328C	0x8C	net_text
func_01EF3318	0x01EF3318	0x84	net_text
func_01EF339C	0x01EF339C	0x38	net_text
func_01EF33D4	0x01EF33D4	0x9C	net_text
func_01EF3470	0x01EF3470	0xB0	net_text
func_01EF3520	0x01EF3520	0x134	net_text
func_01EF3654	0x01EF3654	0x3C	net_text
func_01EF3690	0x01EF3690	0x30	net_text
func_01EF36C0	0x01EF36C0	0x44	net_text
func_01EF3704	0x01EF3704	0x8	net_text
func_01EF370C	0x01EF370C	0x3C	net_text
func_01EF3748	0x01EF3748	0x38	net_text
func_01EF3780	0x01EF3780	0xAC	net_text
func_01EF382C	0x01EF382C	0x390	net_text
func_01EF3BBC	0x01EF3BBC	0x5C	net_text
func_01EF3C18	0x01EF3C18	0x14	net_text
func_01EF3C2C	0x01EF3C2C	0x24	net_text
func_01EF3C50	0x01EF3C50	0x14	net_text
func_01EF3C64	0x01EF3C64	0xC	net_text
func_01EF3C70	0x01EF3C70	0x80	net_text
func_01EF3CF0	0x01EF3CF0	0x50	net_text
func_01EF3D40	0x01EF3D40	0xAC	net_text
func_01EF3DEC	0x01EF3DEC	0x8	net_text
func_01EF3DF4	0x01EF3DF4	0x8	net_text
func_01EF3DFC	0x01EF3DFC	0x8	net_text
func_01EF3E04	0x01EF3E04	0x44	net_text
func_01EF3E48	0x01EF3E48	0x7C	net_text
func_01EF3EC4	0x01EF3EC4	0x14	net_text
func_01EF3ED8	0x01EF3ED8	0x14	net_text
func_01EF3EEC	0x01EF3EEC	0x29C	net_text
func_01EF4188	0x01EF4188	0x30C	net_text
func_01EF4494	0x01EF4494	0x70	net_text
func_01EF4504	0x01EF4504	0x7F0	net_text
func_01EF4CF4	0x01EF4CF4	0xE8	net_text
func_01EF4DDC	0x01EF4DDC	0x88	net_text
func_01EF4E64	0x01EF4E64	0x4C	net_text
func_01EF4EB0	0x01EF4EB0	0x90	net_text
func_01EF4F40	0x01EF4F40	0x11C	net_text
func_01EF505C	0x01EF505C	0xCC	net_text
func_01EF5128	0x01EF5128	0x98	net_text
func_01EF51C0	0x01EF51C0	0x168	net_text
func_01EF5328	0x01EF5328	0x8	net_text
func_01EF5330	0x01EF5330	0x58	net_text
func_01EF5388	0x01EF5388	0x1C0	net_text
func_01EF5548	0x01EF5548	0x94	net_text
func_01EF55DC	0x01EF55DC	0x124	net_text
func_01EF5700	0x01EF5700	0xD4	net_text
func_01EF57D4	0x01EF57D4	0x64	net_text
func_01EF5838	0x01EF5838	0x44	net_text
func_01EF587C	0x01EF587C	0x10	net_text
func_01EF588C	0x01EF588C	0x8	net_text
func_01EF5894	0x01EF5894	0x8	net_text
func_01EF589C	0x01EF589C	0x8	net_text
func_01EF58A4	0x01EF58A4	0x8	net_text
func_01EF58AC	0x01EF58AC	0x18	net_text
func_01EF58C4	0x01EF58C4	0x30	net_text
func_01EF58F4	0x01EF58F4	0x20	net_text
func_01EF5914	0x01EF5914	0x24	net_text
func_01EF5938	0x01EF5938	0x74	net_text
func_01EF59AC	0x01EF59AC	0x68	net_text
func_01EF5A14	0x01EF5A14	0x238	net_text
func_01EF5C4C	0x01EF5C4C	0x8	net_text
func_01EF5C54	0x01EF5C54	0x1F4	net_text
func_01EF5E48	0x01EF5E48	0x140	net_text
func_01EF5F88	0x01EF5F88	0x60	net_text
func_01EF5FE8	0x01EF5FE8	0x60	net_text
func_01EF6048	0x01EF6048	0x44	net_text
func_01EF608C	0x01EF608C	0x3C	net_text
func_01EF60C8	0x01EF60C8	0x64	net_text
func_01EF612C	0x01EF612C	0xE0	net_text
func_01EF620C	0x01EF620C	0x1C	net_text
func_01EF6228	0x01EF6228	0x84	net_text
func_01EF62AC	0x01EF62AC	0xE4	net_text
func_01EF6390	0x01EF6390	0x60	net_text
func_01EF63F0	0x01EF63F0	0x80	net_text
func_01EF6470	0x01EF6470	0x44	net_text
func_01EF64B4	0x01EF64B4	0x3C	net_text
func_01EF64F0	0x01EF64F0	0x3C	net_text
func_01EF652C	0x01EF652C	0x68	net_text
func_01EF6594	0x01EF6594	0xA8	net_text
func_01EF663C	0x01EF663C	0x8	net_text
func_01EF6644	0x01EF6644	0xA0	net_text
func_01EF66E4	0x01EF66E4	0x34	net_text
func_01EF6718	0x01EF6718	0x8	net_text
func_01EF6720	0x01EF6720	0xFC	net_text
func_01EF681C	0x01EF681C	0xCC	net_text
func_01EF68E8	0x01EF68E8	0x94	net_text
func_01EF697C	0x01EF697C	0x4C	net_text
func_01EF69C8	0x01EF69C8	0x60	net_text
func_01EF6A28	0x01EF6A28	0x60	net_text
func_01EF6A88	0x01EF6A88	0x44	net_text
func_01EF6ACC	0x01EF6ACC	0x3C	net_text
func_01EF6B08	0x01EF6B08	0x60	net_text
func_01EF6B68	0x01EF6B68	0x80	net_text
func_01EF6BE8	0x01EF6BE8	0x44	net_text
func_01EF6C2C	0x01EF6C2C	0x3C	net_text
func_01EF6C68	0x01EF6C68	0x58	net_text
func_01EF6CC0	0x01EF6CC0	0x98	net_text
func_01EF6D58	0x01EF6D58	0x1C	net_text
func_01EF6D74	0x01EF6D74	0x8	net_text
func_01EF6D7C	0x01EF6D7C	0x98	net_text
func_01EF6E14	0x01EF6E14	0x8	net_text
func_01EF6E1C	0x01EF6E1C	0x40	net_text
func_01EF6E5C	0x01EF6E5C	0x8C	net_text
func_01EF6EE8	0x01EF6EE8	0x1C	net_text
func_01EF6F04	0x01EF6F04	0x23C	net_text
func_01EF7140	0x01EF7140	0xA0	net_text
func_01EF71E0	0x01EF71E0	0x8	net_text
func_01EF71E8	0x01EF71E8	0x60	net_text
func_01EF7248	0x01EF7248	0x80	net_text
func_01EF72C8	0x01EF72C8	0x44	net_text
func_01EF730C	0x01EF730C	0x3C	net_text
func_01EF7348	0x01EF7348	0xA8	net_text
func_01EF73F0	0x01EF73F0	0x9C	net_text
func_01EF748C	0x01EF748C	0x1FC	net_text
func_01EF7688	0x01EF7688	0x1C	net_text
func_01EF76A4	0x01EF76A4	0x18C	net_text
func_01EF7830	0x01EF7830	0x100	net_text
func_01EF7930	0x01EF7930	0x1C	net_text
func_01EF794C	0x01EF794C	0x1C8	net_text
func_01EF7B14	0x01EF7B14	0x148	net_text
func_01EF7C5C	0x01EF7C5C	0x4C	net_text
func_01EF7CA8	0x01EF7CA8	0x28	net_text
func_01EF7CD0	0x01EF7CD0	0xDC	net_text
func_01EF7DAC	0x01EF7DAC	0x3C	net_text
func_01EF7DE8	0x01EF7DE8	0x18	net_text
func_01EF7E00	0x01EF7E00	0x60	net_text
func_01EF7E60	0x01EF7E60	0x90	net_text
func_01EF7EF0	0x01EF7EF0	0x44	net_text
func_01EF7F34	0x01EF7F34	0x3C	net_text
func_01EF7F70	0x01EF7F70	0x60	net_text
func_01EF7FD0	0x01EF7FD0	0x80	net_text
func_01EF8050	0x01EF8050	0x44	net_text
func_01EF8094	0x01EF8094	0x3C	net_text
func_01EF80D0	0x01EF80D0	0x168	net_text
func_01EF8238	0x01EF8238	0x174	net_text
func_01EF83AC	0x01EF83AC	0x88	net_text
func_01EF8434	0x01EF8434	0xC0	net_text
func_01EF84F4	0x01EF84F4	0x1C0	net_text
func_01EF86B4	0x01EF86B4	0x1C	net_text
func_01EF86D0	0x01EF86D0	0x1F0	net_text
func_01EF88C0	0x01EF88C0	0xF8	net_text
func_01EF89B8	0x01EF89B8	0x20	net_text
func_01EF89D8	0x01EF89D8	0x8C	net_text
func_01EF8A64	0x01EF8A64	0xF0	net_text
func_01EF8B54	0x01EF8B54	0x60	net_text
func_01EF8BB4	0x01EF8BB4	0x80	net_text
func_01EF8C34	0x01EF8C34	0x44	net_text
func_01EF8C78	0x01EF8C78	0x3C	net_text
func_01EF8CB4	0x01EF8CB4	0x74	net_text
func_01EF8D28	0x01EF8D28	0x208	net_text
func_01EF8F30	0x01EF8F30	0x1C	net_text
func_01EF8F4C	0x01EF8F4C	0x1F0	net_text
func_01EF913C	0x01EF913C	0x104	net_text
func_01EF9240	0x01EF9240	0x20	net_text
func_01EF9260	0x01EF9260	0xF0	net_text
func_01EF9350	0x01EF9350	0x48C	net_text
func_01EF97DC	0x01EF97DC	0x68	net_text
func_01EF9844	0x01EF9844	0x58	net_text
func_01EF989C	0x01EF989C	0x2B4	net_text
func_01EF9B50	0x01EF9B50	0x1C0	net_text
func_01EF9D10	0x01EF9D10	0xC8	net_text
func_01EF9DD8	0x01EF9DD8	0x40	net_text
func_01EF9E18	0x01EF9E18	0x78	net_text
func_01EF9E90	0x01EF9E90	0x1D4	net_text
func_01EFA064	0x01EFA064	0xB4	net_text
func_01EFA118	0x01EFA118	0x18C	net_text
func_01EFA2A4	0x01EFA2A4	0x24	net_text
func_01EFA2C8	0x01EFA2C8	0xA0	net_text
func_01EFA368	0x01EFA368	0x11C	net_text
func_01EFA484	0x01EFA484	0x144	net_text
func_01EFA5C8	0x01EFA5C8	0x3C	net_text
func_01EFA604	0x01EFA604	0x190	net_text
func_01EFA794	0x01EFA794	0x198	net_text
func_01EFA92C	0x01EFA92C	0x38	net_text
func_01EFA964	0x01EFA964	0xC8	net_text
func_01EFAA2C	0x01EFAA2C	0xD4	net_text
func_01EFAB00	0x01EFAB00	0x1A0	net_text
func_01EFACA0	0x01EFACA0	0x6C	net_text
func_01EFAD0C	0x01EFAD0C	0x248	net_text
func_01EFAF54	0x01EFAF54	0x78	net_text
func_01EFAFCC	0x01EFAFCC	0xCC	net_text
func_01EFB098	0x01EFB098	0x90	net_text
func_01EFB128	0x01EFB128	0xFC	net_text
func_01EFB224	0x01EFB224	0xDC	net_text
func_01EFB300	0x01EFB300	0x8C	net_text
func_01EFB38C	0x01EFB38C	0xC0	net_text
func_01EFB44C	0x01EFB44C	0x9C	net_text
func_01EFB4E8	0x01EFB4E8	0x58	net_text
func_01EFB540	0x01EFB540	0xA0	net_text
func_01EFB5E0	0x01EFB5E0	0x8	net_text
func_01EFB5E8	0x01EFB5E8	0x8	net_text
func_01EFB5F0	0x01EFB5F0	0x60	net_text
func_01EFB650	0x01EFB650	0x90	net_text
func_01EFB6E0	0x01EFB6E0	0x44	net_text
func_01EFB724	0x01EFB724	0x3C	net_text
func_01EFB760	0x01EFB760	0xC8	net_text
func_01EFB828	0x01EFB828	0x80	net_text
func_01EFB8A8	0x01EFB8A8	0x304	net_text
func_01EFBBAC	0x01EFBBAC	0x1C	net_text
func_01EFBBC8	0x01EFBBC8	0x1E8	net_text
func_01EFBDB0	0x01EFBDB0	0x1C	net_text
func_01EFBDCC	0x01EFBDCC	0x1E8	net_text
func_01EFBFB4	0x01EFBFB4	0x4C	net_text
func_01EFC000	0x01EFC000	0x2CC	net_text
func_01EFC2CC	0x01EFC2CC	0x24	net_text
func_01EFC2F0	0x01EFC2F0	0xB4	net_text
func_01EFC3A4	0x01EFC3A4	0x144	net_text
func_01EFC4E8	0x01EFC4E8	0x68	net_text
func_01EFC550	0x01EFC550	0x48	net_text
func_01EFC598	0x01EFC598	0xBC	net_text
func_01EFC654	0x01EFC654	0x160	net_text
func_01EFC7B4	0x01EFC7B4	0x60	net_text
func_01EFC814	0x01EFC814	0x180	net_text
func_01EFC994	0x01EFC994	0x80	net_text
func_01EFCA14	0x01EFCA14	0x134	net_text
func_01EFCB48	0x01EFCB48	0x3C	net_text
func_01EFCB84	0x01EFCB84	0x18	net_text
func_01EFCB9C	0x01EFCB9C	0x8	net_text
func_01EFCBA4	0x01EFCBA4	0x8	net_text
func_01EFCBAC	0x01EFCBAC	0x9C	net_text
func_01EFCC48	0x01EFCC48	0x8C	net_text
func_01EFCCD4	0x01EFCCD4	0x44	net_text
func_01EFCD18	0x01EFCD18	0x3C	net_text
func_01EFCD54	0x01EFCD54	0x9C	net_text
func_01EFCDF0	0x01EFCDF0	0x58	net_text
func_01EFCE48	0x01EFCE48	0xA0	net_text
func_01EFCEE8	0x01EFCEE8	0x7C	net_text
func_01EFCF64	0x01EFCF64	0x78	net_text
func_01EFCFDC	0x01EFCFDC	0x108	net_text
func_01EFD0E4	0x01EFD0E4	0xC8	net_text
func_01EFD1AC	0x01EFD1AC	0x7C	net_text
func_01EFD228	0x01EFD228	0xD4	net_text
func_01EFD2FC	0x01EFD2FC	0x38	net_text
func_01EFD334	0x01EFD334	0x74	net_text
func_01EFD3A8	0x01EFD3A8	0x70	net_text
func_01EFD418	0x01EFD418	0x74	net_text
func_01EFD48C	0x01EFD48C	0x3C	net_text
func_01EFD4C8	0x01EFD4C8	0x9C	net_text
func_01EFD564	0x01EFD564	0x90	net_text
func_01EFD5F4	0x01EFD5F4	0x44	net_text
func_01EFD638	0x01EFD638	0x3C	net_text
func_01EFD674	0x01EFD674	0x7C	net_text
func_01EFD6F0	0x01EFD6F0	0x1C0	net_text
func_01EFD8B0	0x01EFD8B0	0x1C	net_text
func_01EFD8CC	0x01EFD8CC	0x184	net_text
func_01EFDA50	0x01EFDA50	0xE4	net_text
func_01EFDB34	0x01EFDB34	0x154	net_text
func_01EFDC88	0x01EFDC88	0x4C	net_text
func_01EFDCD4	0x01EFDCD4	0x14	net_text
func_01EFDCE8	0x01EFDCE8	0x9C	net_text
func_01EFDD84	0x01EFDD84	0x90	net_text
func_01EFDE14	0x01EFDE14	0x44	net_text
func_01EFDE58	0x01EFDE58	0x3C	net_text
func_01EFDE94	0x01EFDE94	0x78	net_text
func_01EFDF0C	0x01EFDF0C	0x68	net_text
func_01EFDF74	0x01EFDF74	0x1A4	net_text
func_01EFE118	0x01EFE118	0x8	net_text
func_01EFE120	0x01EFE120	0x184	net_text
func_01EFE2A4	0x01EFE2A4	0xE4	net_text
func_01EFE388	0x01EFE388	0x154	net_text
func_01EFE4DC	0x01EFE4DC	0x4C	net_text
func_01EFE528	0x01EFE528	0x94	net_text
func_01EFE5BC	0x01EFE5BC	0x9C	net_text
func_01EFE658	0x01EFE658	0x90	net_text
func_01EFE6E8	0x01EFE6E8	0x44	net_text
func_01EFE72C	0x01EFE72C	0x3C	net_text
func_01EFE768	0x01EFE768	0x110	net_text
func_01EFE878	0x01EFE878	0x1B4	net_text
func_01EFEA2C	0x01EFEA2C	0x1C	net_text
func_01EFEA48	0x01EFEA48	0x84	net_text
func_01EFEACC	0x01EFEACC	0x5C	net_text
func_01EFEB28	0x01EFEB28	0x8	net_text
func_01EFEB30	0x01EFEB30	0x78	net_text
func_01EFEBA8	0x01EFEBA8	0x19C	net_text
func_01EFED44	0x01EFED44	0x84	net_text
func_01EFEDC8	0x01EFEDC8	0x84	net_text
func_01EFEE4C	0x01EFEE4C	0x84	net_text
func_01EFEED0	0x01EFEED0	0x70	net_text
func_01EFEF40	0x01EFEF40	0x84	net_text
func_01EFEFC4	0x01EFEFC4	0x84	net_text
func_01EFF048	0x01EFF048	0x84	net_text
func_01EFF0CC	0x01EFF0CC	0x180	net_text
func_01EFF24C	0x01EFF24C	0x90	net_text
func_01EFF2DC	0x01EFF2DC	0x30	net_text
func_01EFF30C	0x01EFF30C	0x59C	net_text
func_01EFF8A8	0x01EFF8A8	0x60	net_text
func_01EFF908	0x01EFF908	0x88	net_text
func_01EFF990	0x01EFF990	0x44	net_text
func_01EFF9D4	0x01EFF9D4	0x3C	net_text
func_01EFFA10	0x01EFFA10	0xB0	net_text
func_01EFFAC0	0x01EFFAC0	0x184	net_text
func_01EFFC44	0x01EFFC44	0x1C	net_text
func_01EFFC60	0x01EFFC60	0x1A8	net_text
func_01EFFE08	0x01EFFE08	0x130	net_text
func_01EFFF38	0x01EFFF38	0x8	net_text
func_01EFFF40	0x01EFFF40	0x134	net_text
func_01F00074	0x01F00074	0x4C	net_text
func_01F000C0	0x01F000C0	0x9C	net_text
func_01F0015C	0x01F0015C	0x90	net_text
func_01F001EC	0x01F001EC	0x44	net_text
func_01F00230	0x01F00230	0x3C	net_text
func_01F0026C	0x01F0026C	0x38	net_text
func_01F002A4	0x01F002A4	0x34	net_text
func_01F002D8	0x01F002D8	0x1C	net_text
func_01F002F4	0x01F002F4	0x8	net_text
func_01F002FC	0x01F002FC	0x70	net_text
func_01F0036C	0x01F0036C	0x60	net_text
func_01F003CC	0x01F003CC	0x80	net_text
func_01F0044C	0x01F0044C	0x44	net_text
func_01F00490	0x01F00490	0x3C	net_text
func_01F004CC	0x01F004CC	0xA8	net_text
func_01F00574	0x01F00574	0x94	net_text
func_01F00608	0x01F00608	0x17C	net_text
func_01F00784	0x01F00784	0x68	net_text
func_01F007EC	0x01F007EC	0x57C	net_text
func_01F00D68	0x01F00D68	0xEC	net_text
func_01F00E54	0x01F00E54	0x124	net_text
func_01F00F78	0x01F00F78	0x1A8	net_text
func_01F01120	0x01F01120	0x27C	net_text
func_01F0139C	0x01F0139C	0xA34	net_text
func_01F01DD0	0x01F01DD0	0x130	net_text
func_01F01F00	0x01F01F00	0xC4	net_text
func_01F01FC4	0x01F01FC4	0x118	net_text
func_01F020DC	0x01F020DC	0xA8	net_text
func_01F02184	0x01F02184	0x2C	net_text
func_01F021B0	0x01F021B0	0x204	net_text
func_01F023B4	0x01F023B4	0x21C	net_text
func_01F025D0	0x01F025D0	0x118	net_text
func_01F026E8	0x01F026E8	0x198	net_text
func_01F02880	0x01F02880	0x12C	net_text
func_01F029AC	0x01F029AC	0x134	net_text
func_01F02AE0	0x01F02AE0	0x58	net_text
func_01F02B38	0x01F02B38	0xE0	net_text
func_01F02C18	0x01F02C18	0x398	net_text
func_01F02FB0	0x01F02FB0	0xBC	net_text
func_01F0306C	0x01F0306C	0x70	net_text
func_01F030DC	0x01F030DC	0x34	net_text
func_01F03110	0x01F03110	0x5C	net_text
func_01F0316C	0x01F0316C	0x1B0	net_text
func_01F0331C	0x01F0331C	0x12C	net_text
func_01F03448	0x01F03448	0x60	net_text
func_01F034A8	0x01F034A8	0x88	net_text
func_01F03530	0x01F03530	0x44	net_text
func_01F03574	0x01F03574	0x3C	net_text
func_01F035B0	0x01F035B0	0x58	net_text
func_01F03608	0x01F03608	0x1C	net_text
func_01F03624	0x01F03624	0x90	net_text
func_01F036B4	0x01F036B4	0x8	net_text
func_01F036BC	0x01F036BC	0x60	net_text
func_01F0371C	0x01F0371C	0x80	net_text
func_01F0379C	0x01F0379C	0x44	net_text
func_01F037E0	0x01F037E0	0x3C	net_text
func_01F0381C	0x01F0381C	0x48	net_text
func_01F03864	0x01F03864	0xC0	net_text
func_01F03924	0x01F03924	0x1C	net_text
func_01F03940	0x01F03940	0x8	net_text
func_01F03948	0x01F03948	0x8	net_text
func_01F03950	0x01F03950	0x6C	net_text
func_01F039BC	0x01F039BC	0x154	net_text
func_01F03B10	0x01F03B10	0x4C	net_text
func_01F03B5C	0x01F03B5C	0x9C	net_text
func_01F03BF8	0x01F03BF8	0x90	net_text
func_01F03C88	0x01F03C88	0x44	net_text
func_01F03CCC	0x01F03CCC	0x3C	net_text
func_01F03D08	0x01F03D08	0xFC	net_text
func_01F03E04	0x01F03E04	0x3C	net_text
func_01F03E40	0x01F03E40	0x6C	net_text
func_01F03EAC	0x01F03EAC	0x1C	net_text
func_01F03EC8	0x01F03EC8	0x8	net_text
func_01F03ED0	0x01F03ED0	0x74	net_text
func_01F03F44	0x01F03F44	0x60	net_text
func_01F03FA4	0x01F03FA4	0x80	net_text
func_01F04024	0x01F04024	0x44	net_text
func_01F04068	0x01F04068	0x3C	net_text
func_01F040A4	0x01F040A4	0xC	net_text
func_01F040B0	0x01F040B0	0x5C	net_text
func_01F0410C	0x01F0410C	0x40	net_text
func_01F0414C	0x01F0414C	0x54	net_text
func_01F041A0	0x01F041A0	0x118	net_text
func_01F042B8	0x01F042B8	0x3C	net_text
func_01F042F4	0x01F042F4	0x68	net_text
func_01F0435C	0x01F0435C	0xE0	net_text
func_01F0443C	0x01F0443C	0xB8	net_text
func_01F044F4	0x01F044F4	0x44	net_text
func_01F04538	0x01F04538	0xB0	net_text
func_01F045E8	0x01F045E8	0x3C	net_text
func_01F04624	0x01F04624	0x34	net_text
func_01F04658	0x01F04658	0xC4	net_text
func_01F0471C	0x01F0471C	0x84	net_text
func_01F047A0	0x01F047A0	0x108	net_text
func_01F048A8	0x01F048A8	0x1C	net_text
func_01F048C4	0x01F048C4	0x8C	net_text
func_01F04950	0x01F04950	0x8	net_text
func_01F04958	0x01F04958	0x60	net_text
func_01F049B8	0x01F049B8	0xA4	net_text
func_01F04A5C	0x01F04A5C	0x8C	net_text
func_01F04AE8	0x01F04AE8	0x88	net_text
func_01F04B70	0x01F04B70	0x44	net_text
func_01F04BB4	0x01F04BB4	0x3C	net_text
func_01F04BF0	0x01F04BF0	0x3C	net_text
func_01F04C2C	0x01F04C2C	0x14	net_text
func_01F04C40	0x01F04C40	0x34	net_text
func_01F04C74	0x01F04C74	0x78	net_text
func_01F04CEC	0x01F04CEC	0x13C	net_text
func_01F04E28	0x01F04E28	0x60	net_text
func_01F04E88	0x01F04E88	0x3C	net_text
func_01F04EC4	0x01F04EC4	0xA0	net_text
func_01F04F64	0x01F04F64	0x68	net_text
func_01F04FCC	0x01F04FCC	0x20C	net_text
func_01F051D8	0x01F051D8	0x84	net_text
func_01F0525C	0x01F0525C	0x1CC	net_text
func_01F05428	0x01F05428	0x2A0	net_text
func_01F056C8	0x01F056C8	0x84	net_text
func_01F0574C	0x01F0574C	0xBC	net_text
func_01F05808	0x01F05808	0xD0	net_text
func_01F058D8	0x01F058D8	0xD0	net_text
func_01F059A8	0x01F059A8	0xF8	net_text
func_01F05AA0	0x01F05AA0	0xAC	net_text
func_01F05B4C	0x01F05B4C	0x1E8	net_text
func_01F05D34	0x01F05D34	0x38	net_text
func_01F05D6C	0x01F05D6C	0x1C4	net_text
func_01F05F30	0x01F05F30	0xBC	net_text
func_01F05FEC	0x01F05FEC	0x48	net_text
func_01F06034	0x01F06034	0xC0	net_text
func_01F060F4	0x01F060F4	0x94	net_text
func_01F06188	0x01F06188	0xC0	net_text
func_01F06248	0x01F06248	0xC0	net_text
func_01F06308	0x01F06308	0x8C	net_text
func_01F06394	0x01F06394	0x8	net_text
func_01F0639C	0x01F0639C	0x78	net_text
func_01F06414	0x01F06414	0x60	net_text
func_01F06474	0x01F06474	0x80	net_text
func_01F064F4	0x01F064F4	0x44	net_text
func_01F06538	0x01F06538	0x3C	net_text
func_01F06574	0x01F06574	0x60	net_text
func_01F065D4	0x01F065D4	0x80	net_text
func_01F06654	0x01F06654	0x44	net_text
func_01F06698	0x01F06698	0x3C	net_text
func_01F066D4	0x01F066D4	0x108	net_text
func_01F067DC	0x01F067DC	0x34	net_text
func_01F06810	0x01F06810	0x1C	net_text
func_01F0682C	0x01F0682C	0x15C	net_text
func_01F06988	0x01F06988	0x7C	net_text
func_01F06A04	0x01F06A04	0x168	net_text
func_01F06B6C	0x01F06B6C	0x7C	net_text
func_01F06BE8	0x01F06BE8	0xEC	net_text
func_01F06CD4	0x01F06CD4	0x40	net_text
func_01F06D14	0x01F06D14	0x1FC	net_text
func_01F06F10	0x01F06F10	0xA4	net_text
func_01F06FB4	0x01F06FB4	0x9C	net_text
func_01F07050	0x01F07050	0x10	net_text
func_01F07060	0x01F07060	0x34	net_text
func_01F07094	0x01F07094	0x3C	net_text
func_01F070D0	0x01F070D0	0x30	net_text
func_01F07100	0x01F07100	0x54	net_text
func_01F07154	0x01F07154	0x1C	net_text
func_01F07170	0x01F07170	0x28	net_text
func_01F07198	0x01F07198	0x130	net_text
func_01F072C8	0x01F072C8	0x38	net_text
func_01F07300	0x01F07300	0x20	net_text
func_01F07320	0x01F07320	0x8C	net_text
func_01F073AC	0x01F073AC	0xAC	net_text
func_01F07458	0x01F07458	0x74	net_text
func_01F074CC	0x01F074CC	0x30	net_text
func_01F074FC	0x01F074FC	0x58	net_text
func_01F07554	0x01F07554	0x7C	net_text
func_01F075D0	0x01F075D0	0x24	net_text
func_01F075F4	0x01F075F4	0x18	net_text
func_01F0760C	0x01F0760C	0x34	net_text
func_01F07640	0x01F07640	0x8	net_text
func_01F07648	0x01F07648	0x1C	net_text
func_01F07664	0x01F07664	0x8	net_text
func_01F0766C	0x01F0766C	0xC	net_text
func_01F07678	0x01F07678	0x8	net_text
func_01F07680	0x01F07680	0x8	net_text
func_01F07688	0x01F07688	0x8	net_text
func_01F07690	0x01F07690	0x8	net_text
func_01F07698	0x01F07698	0xC	net_text
func_01F076A4	0x01F076A4	0x8	net_text
func_01F076AC	0x01F076AC	0x8	net_text
func_01F076B4	0x01F076B4	0xC	net_text
func_01F076C0	0x01F076C0	0x8	net_text
func_01F076C8	0x01F076C8	0x8	net_text
func_01F076D0	0x01F076D0	0x20	net_text
func_01F076F0	0x01F076F0	0x8	net_text
func_01F076F8	0x01F076F8	0x20	net_text
func_01F07718	0x01F07718	0x8	net_text
func_01F07720	0x01F07720	0x30	net_text
func_01F07750	0x01F07750	0x14	net_text
func_01F07764	0x01F07764	0x34	net_text
func_01F07798	0x01F07798	0x60	net_text
func_01F077F8	0x01F077F8	0x134	net_text
func_01F0792C	0x01F0792C	0x21C	net_text
func_01F07B48	0x01F07B48	0x84	net_text
func_01F07BCC	0x01F07BCC	0x68	net_text
func_01F07C34	0x01F07C34	0x4C	net_text
func_01F07C80	0x01F07C80	0x68	net_text
func_01F07CE8	0x01F07CE8	0x30	net_text
func_01F07D18	0x01F07D18	0x3C	net_text
func_01F07D54	0x01F07D54	0x10	net_text
func_01F07D64	0x01F07D64	0x34	net_text
func_01F07D98	0x01F07D98	0x30	net_text
func_01F07DC8	0x01F07DC8	0x60	net_text
func_01F07E28	0x01F07E28	0x8	net_text
func_01F07E30	0x01F07E30	0x10	net_text
func_01F07E40	0x01F07E40	0x1C	net_text
func_01F07E5C	0x01F07E5C	0x30	net_text
func_01F07E8C	0x01F07E8C	0x60	net_text
func_01F07EEC	0x01F07EEC	0x8	net_text
func_01F07EF4	0x01F07EF4	0x10	net_text
func_01F07F04	0x01F07F04	0x1C	net_text
func_01F07F20	0x01F07F20	0x30	net_text
func_01F07F50	0x01F07F50	0x60	net_text
func_01F07FB0	0x01F07FB0	0x8	net_text
func_01F07FB8	0x01F07FB8	0x10	net_text
func_01F07FC8	0x01F07FC8	0x1C	net_text
func_01F07FE4	0x01F07FE4	0x54	net_text
func_01F08038	0x01F08038	0x54	net_text
func_01F0808C	0x01F0808C	0x158	net_text
func_01F081E4	0x01F081E4	0x158	net_text
func_01F0833C	0x01F0833C	0xDC	net_text
func_01F08418	0x01F08418	0x44	net_text
func_01F0845C	0x01F0845C	0x3C	net_text
func_01F08498	0x01F08498	0x30	net_text
func_01F084C8	0x01F084C8	0xE0	net_text
func_01F085A8	0x01F085A8	0x144	net_text
func_01F086EC	0x01F086EC	0x10C	net_text
func_01F087F8	0x01F087F8	0x90	net_text
func_01F08888	0x01F08888	0x34	net_text
func_01F088BC	0x01F088BC	0x14	net_text
func_01F088D0	0x01F088D0	0x2C4	net_text
func_01F08B94	0x01F08B94	0x684	net_text
func_01F09218	0x01F09218	0xCC	net_text
func_01F092E4	0x01F092E4	0x10C	net_text
func_01F093F0	0x01F093F0	0xDC	net_text
func_01F094CC	0x01F094CC	0x70	net_text
func_01F0953C	0x01F0953C	0x214	net_text
func_01F09750	0x01F09750	0x60	net_text
func_01F097B0	0x01F097B0	0x88	net_text
func_01F09838	0x01F09838	0x8	net_text
func_01F09840	0x01F09840	0x124	net_text
func_01F09964	0x01F09964	0x178	net_text
func_01F09ADC	0x01F09ADC	0x74	net_text
func_01F09B50	0x01F09B50	0x6C	net_text
func_01F09BBC	0x01F09BBC	0xC	net_text
func_01F09BC8	0x01F09BC8	0x64	net_text
func_01F09C2C	0x01F09C2C	0x40	net_text
func_01F09C6C	0x01F09C6C	0x40	net_text
func_01F09CAC	0x01F09CAC	0x54	net_text
func_01F09D00	0x01F09D00	0xF0	net_text
func_01F09DF0	0x01F09DF0	0xA4	net_text
func_01F09E94	0x01F09E94	0x68	net_text
func_01F09EFC	0x01F09EFC	0x10	net_text
func_01F09F0C	0x01F09F0C	0x3C	net_text
func_01F09F48	0x01F09F48	0x68	net_text
func_01F09FB0	0x01F09FB0	0x4C	net_text
func_01F09FFC	0x01F09FFC	0xB0	net_text
func_01F0A0AC	0x01F0A0AC	0x7C	net_text
func_01F0A128	0x01F0A128	0x44	net_text
func_01F0A16C	0x01F0A16C	0x134	net_text
func_01F0A2A0	0x01F0A2A0	0x5C	net_text
func_01F0A2FC	0x01F0A2FC	0x1C	net_text
func_01F0A318	0x01F0A318	0x80	net_text
func_01F0A398	0x01F0A398	0x98	net_text
func_01F0A430	0x01F0A430	0x24	net_text
func_01F0A454	0x01F0A454	0x19C	net_text
func_01F0A5F0	0x01F0A5F0	0x4C	net_text
func_01F0A63C	0x01F0A63C	0x68	net_text
func_01F0A6A4	0x01F0A6A4	0x30	net_text
func_01F0A6D4	0x01F0A6D4	0x3C	net_text
func_01F0A710	0x01F0A710	0x160	net_text
func_01F0A870	0x01F0A870	0x1E4	net_text
func_01F0AA54	0x01F0AA54	0x74	net_text
func_01F0AAC8	0x01F0AAC8	0x1A0	net_text
func_01F0AC68	0x01F0AC68	0xAC	net_text
func_01F0AD14	0x01F0AD14	0x24	net_text
func_01F0AD38	0x01F0AD38	0x1CC	net_text
func_01F0AF04	0x01F0AF04	0x1E8	net_text
func_01F0B0EC	0x01F0B0EC	0x64	net_text
func_01F0B150	0x01F0B150	0x80	net_text
func_01F0B1D0	0x01F0B1D0	0x200	net_text
func_01F0B3D0	0x01F0B3D0	0xA8	net_text
func_01F0B478	0x01F0B478	0x74	net_text
func_01F0B4EC	0x01F0B4EC	0xAC	net_text
func_01F0B598	0x01F0B598	0x48	net_text
func_01F0B5E0	0x01F0B5E0	0xF8	net_text
func_01F0B6D8	0x01F0B6D8	0xA0	net_text
func_01F0B778	0x01F0B778	0x6C	net_text
func_01F0B7E4	0x01F0B7E4	0xB4	net_text
func_01F0B898	0x01F0B898	0xA8	net_text
func_01F0B940	0x01F0B940	0x60	net_text
func_01F0B9A0	0x01F0B9A0	0x80	net_text
func_01F0BA20	0x01F0BA20	0x44	net_text
func_01F0BA64	0x01F0BA64	0x3C	net_text
func_01F0BAA0	0x01F0BAA0	0x60	net_text
func_01F0BB00	0x01F0BB00	0x78	net_text
func_01F0BB78	0x01F0BB78	0x44	net_text
func_01F0BBBC	0x01F0BBBC	0x3C	net_text
func_01F0BBF8	0x01F0BBF8	0x68	net_text
func_01F0BC60	0x01F0BC60	0x68	net_text
func_01F0BCC8	0x01F0BCC8	0x104	net_text
func_01F0BDCC	0x01F0BDCC	0x8	net_text
func_01F0BDD4	0x01F0BDD4	0x8	net_text
func_01F0BDDC	0x01F0BDDC	0xFC	net_text
func_01F0BED8	0x01F0BED8	0x8	net_text
func_01F0BEE0	0x01F0BEE0	0x90	net_text
func_01F0BF70	0x01F0BF70	0x6C	net_text
func_01F0BFDC	0x01F0BFDC	0xB4	net_text
func_01F0C090	0x01F0C090	0x104	net_text
func_01F0C194	0x01F0C194	0x8	net_text
func_01F0C19C	0x01F0C19C	0x28	net_text
func_01F0C1C4	0x01F0C1C4	0x34	net_text
func_01F0C1F8	0x01F0C1F8	0x34	net_text
func_01F0C22C	0x01F0C22C	0x60	net_text
func_01F0C28C	0x01F0C28C	0x1C	net_text
func_01F0C2A8	0x01F0C2A8	0x60	net_text
func_01F0C308	0x01F0C308	0x88	net_text
func_01F0C390	0x01F0C390	0x44	net_text
func_01F0C3D4	0x01F0C3D4	0x3C	net_text
func_01F0C410	0x01F0C410	0x60	net_text
func_01F0C470	0x01F0C470	0x5C	net_text
func_01F0C4CC	0x01F0C4CC	0x20	net_text
func_01F0C4EC	0x01F0C4EC	0x50	net_text
func_01F0C53C	0x01F0C53C	0x1C	net_text
func_01F0C558	0x01F0C558	0xCC	net_text
func_01F0C624	0x01F0C624	0x44	net_text
func_01F0C668	0x01F0C668	0xB8	net_text
func_01F0C720	0x01F0C720	0x68	net_text
func_01F0C788	0x01F0C788	0x4C	net_text
func_01F0C7D4	0x01F0C7D4	0x60	net_text
func_01F0C834	0x01F0C834	0x8	net_text
func_01F0C83C	0x01F0C83C	0x8	net_text
func_01F0E770	0x01F0E770	0x4	net_text
